set	gene	evidence	pmid	first_author	year	journal	title	doi	detail
lineage/Epithelial_tumor	EPCAM	curated	34974522	Huang WC	2022	Oncogene	Novel function of THEMIS2 in the enhancement of cancer stemness and chemoresistance by releasing PTP1B from MET.	10.1038/s41388-021-02136-2	CellMarker 2.0: Epithelial cell [Breast; Experiment]
lineage/Epithelial_tumor	EPCAM	curated	35075805	Yuan B	2022	Clin Transl Med	Patient-derived organoids for personalized gallbladder cancer modelling and drug screening.	10.1002/ctm2.678	CellMarker 2.0: Epithelial cell [Gall bladder; Experiment]
lineage/Epithelial_tumor	EPCAM	curated	35219893	Li H	2022	Cell Mol Gastroenterol Hepatol	Single-cell Transcriptomic Architecture Unraveling the Complexity of Tumor Heterogeneity in Distal Cholangiocarcinoma.	10.1016/j.jcmgh.2022.02.014	CellMarker 2.0: Epithelial cell [Liver; Experiment]
lineage/Epithelial_tumor	PAX8	curated	35196078	Zhang K	2022	Sci Adv	Longitudinal single-cell RNA-seq analysis reveals stress-promoted chemoresistance in metastatic ovarian cancer.	10.1126/sciadv.abm1831	CellMarker 2.0: Cancer cell [Ovary; Experiment]
lineage/Epithelial_tumor	PAX8	curated	34019793	Obradovic A	2021	Cell	Single-cell protein activity analysis identifies recurrence-associated renal tumor macrophages.	10.1016/j.cell.2021.04.038	CellMarker 2.0: Cancer cell [Kidney; Experiment]
lineage/Epithelial_tumor	PAX8	curated	34238352	Olbrecht S	2021	Genome Med	High-grade serous tubo-ovarian cancer refined with single-cell RNA sequencing: specific cell subtypes influence survival and determine molecular subtype classification.	10.1186/s13073-021-00922-x	CellMarker 2.0: Cancer cell [Ovary; Experiment]
lineage/Epithelial_tumor	WT1	curated	30093597	Young MD	2018	Science	Single-cell transcriptomes from human kidneys reveal the cellular identity of renal tumors.	10.1126/science.aat1699	CellMarker 2.0: Cancer cell [Kidney; Experiment]
lineage/Epithelial_tumor	WT1	curated	28111004	Winterhoff BJ	2017	Gynecol Oncol	Single cell sequencing reveals heterogeneity within ovarian cancer epithelium and cancer associated stromal cells.	10.1016/j.ygyno.2017.01.015	CellMarker 2.0: Cancer cell [Ovary; Experiment]
lineage/Epithelial_tumor	MUC16	curated	35368151	Wang C	2022	Adv Healthc Mater	High-Throughput, Living Single-Cell, Multiple Secreted Biomarker Profiling Using Microfluidic Chip and Machine Learning for Tumor Cell Classification.	10.1002/adhm.202102800	CellMarker 2.0: Cancer cell [Ovary; Experiment]
lineage/Epithelial_tumor	MUC16	curated	35362262	Zhang C	2022	J Extracell Vesicles	Plasma extracellular vesicle derived protein profile predicting and monitoring immunotherapeutic outcomes of gastric cancer.	10.1002/jev2.12209	CellMarker 2.0: Cancer cell [Stomach; Experiment]
lineage/Epithelial_tumor	MUC16	curated	33056994	Lei Y	2020	Cell Death Dis	ERO1L promotes IL6/sIL6R signaling and regulates MUC16 expression to promote CA125 secretion and the metastasis of lung cancer cells.	10.1038/s41419-020-03067-8	CellMarker 2.0: Cancer cell [Lung; Experiment]
lineage/Epithelial_tumor	SOX17	curated	34775482	Zhao H	2021	Cell Death Dis	Single-cell RNA-seq highlights a specific carcinoembryonic cluster in ovarian cancer.	10.1038/s41419-021-04358-4	CellMarker 2.0: Epithelial cell [Ovary; Experiment]
lineage/Epithelial_tumor	SOX17	primary_text	34238352	Olbrecht S	2021	Genome Med	High-grade serous tubo-ovarian cancer refined with single-cell RNA sequencing: specific cell subtypes influence survival and determine molecular subtype classification.	10.1186/s13073-021-00922-x	SOX17 , PAX8 , CRISP3 , THY1 , EPCAM , NR2F2 ) were enriched in our tumour subclusters Tum_MAGEC2, Tum_KRT17, Tum_KRT6A, Tum_GJAH5, Tum_TNNT2 and Tum_CRISP3, suggesting the fallopian tube to be the cell of origin for these subclusters of tumour cells.
lineage/Epithelial_tumor	CLDN7	curated	32685004	Ye G	2020	Theranostics	Nuclear MYH9-induced CTNNB1 transcription, targeted by staurosporin, promotes gastric cancer cell anoikis resistance and metastasis.	10.7150/thno.46001	CellMarker 2.0: Epithelial cell [Stomach; Experiment]
lineage/Epithelial_tumor	CDH1	curated	35241110	Liu SQ	2022	J Hematol Oncol	Single-cell and spatially resolved analysis uncovers cell heterogeneity of breast cancer.	10.1186/s13045-022-01236-0	CellMarker 2.0: Cancer cell [Breast; Experiment]
lineage/Epithelial_tumor	CDH1	curated	35322584	Ge G	2022	Adv Sci (Weinh)	Single-Cell RNA-seq Reveals a Developmental Hierarchy Super-Imposed Over Subclonal Evolution in the Cellular Ecosystem of Prostate Cancer.	10.1002/advs.202105530	CellMarker 2.0: Epithelial cell [Prostate; Experiment]
lineage/Epithelial_tumor	CDH1	curated	34976204	Li X	2022	Theranostics	Single-cell RNA sequencing reveals a pro-invasive cancer-associated fibroblast subgroup associated with poor clinical outcomes in patients with gastric cancer.	10.7150/thno.60540	CellMarker 2.0: Epithelial cell [Stomach; Experiment]
lineage/Epithelial_tumor	MUC1	curated	35165277	Fan X	2022	Cell Discov	Integrated single-cell multiomics analysis reveals novel candidate markers for prognosis in human pancreatic ductal adenocarcinoma.	10.1038/s41421-021-00366-y	CellMarker 2.0: Epithelial cell [Pancreas; Experiment]
lineage/Epithelial_tumor	MUC1	curated	34671013	Song JW	2021	Cell Death Dis	GOLPH3/CKAP4 promotes metastasis and tumorigenicity by enhancing the secretion of exosomal WNT3A in non-small-cell lung cancer.	10.1038/s41419-021-04265-8	CellMarker 2.0: Cancer cell [Lung; Experiment]
lineage/Epithelial_tumor	MUC1	curated	33398161	Wang R	2021	Nat Med	Single-cell dissection of intratumoral heterogeneity and lineage diversity in metastatic gastric adenocarcinoma.	10.1038/s41591-020-1125-8	CellMarker 2.0: Epithelial cell [Stomach; Experiment]
lineage/Epithelial_tumor	FOLR1	curated	2481353	Veggian R	1989	Tumori	Immunohistochemical reactivity of a monoclonal antibody prepared against human ovarian carcinoma on normal and pathological female genital tissues.	10.1177/030089168907500524	CellMarker 2.0: Epithelial cell [Ovary; Experiment]
lineage/Epithelial_tumor	ERBB2	curated	34225455	Reza KK	2021	ACS Nano	In Situ Single Cell Proteomics Reveals Circulating Tumor Cell Heterogeneity during Treatment.	10.1021/acsnano.0c10008	CellMarker 2.0: Cancer cell [Serum; Experiment]
lineage/Epithelial_tumor	ERBB2	curated	34650042	Andersson A	2021	Nat Commun	Spatial deconvolution of HER2-positive breast cancer delineates tumor-associated cell type interactions.	10.1038/s41467-021-26271-2	CellMarker 2.0: Cancer cell [Breast; Experiment]
lineage/Epithelial_tumor	ERBB2	curated	33645544	Zhang J	2021	J Clin Invest	Integrating imaging and RNA-seq improves outcome prediction in cervical cancer.	10.1172/JCI139232	CellMarker 2.0: Epithelial cell [Uterine cervix; Experiment]
lineage/Epithelial_tumor	MSLN	literature_text	30570109	Schirrmacher V	2019	Int J Oncol	From chemotherapy to biological therapy: A review of novel concepts to reduce the side effects of systemic cancer treatment (Review).	10.3892/ijo.2018.4661	The most commonly explored antigens in human vaccine trials are the cancer testis antigens melanoma-associated antigen 3 and NY-ESO-1. iii) Other human TAAs are upregulated via epigenetic mechanisms, including carcinoembryonic antigen (CEA; gastrointestinal cancer), Wilms tumor-1 (Wilms tumor, leukemia and lymphoma), mesothelin (pancreatic cancer, ovarian cancer and mesothelioma) and Her2/Neu (bre
lineage/Epithelial_tumor	MSLN	literature_text	23242161	Kloss CC	2013	Nat Biotechnol	Combinatorial antigen recognition with balanced signaling promotes selective tumor eradication by engineered T cells.	10.1038/nbt.2459	Likewise, one may selectively target ovarian cancer through a combination of mesothelin, folate receptor-α, CD44, and/or CD133. , When determining candidate sets of antigens for targeting a particular tumor type, an antigen should be selected based on higher cell expression in cancerous tissue, but not normal tissue or lymphocytes.
lineage/Fibroblast	PDGFRA	curated	35003899	Zheng S	2022	Oncoimmunology	Landscape of cancer-associated fibroblasts identifies the secreted biglycan as a protumor and immunosuppressive factor in triple-negative breast cancer.	10.1080/2162402X.2021.2020984	CellMarker 2.0: Cancer-associated fibroblast [Breast; Experiment]
lineage/Fibroblast	PDGFRA	curated	35258704	Kogan PS	2022	Basic Res Cardiol	Uncovering the molecular identity of cardiosphere-derived cells (CDCs) by single-cell RNA sequencing.	10.1007/s00395-022-00913-y	CellMarker 2.0: Fibroblast [Heart; Experiment]
lineage/Fibroblast	PDGFRA	curated	35087207	Kim J	2022	NPJ Precis Oncol	Single-cell analysis of gastric pre-cancerous and cancer lesions reveals cell lineage diversity and intratumoral heterogeneity.	10.1038/s41698-022-00251-1	CellMarker 2.0: Fibroblast [Stomach; Experiment]
lineage/Fibroblast	FAP	curated	35003899	Zheng S	2022	Oncoimmunology	Landscape of cancer-associated fibroblasts identifies the secreted biglycan as a protumor and immunosuppressive factor in triple-negative breast cancer.	10.1080/2162402X.2021.2020984	CellMarker 2.0: Cancer-associated fibroblast [Breast; Experiment]
lineage/Fibroblast	FAP	curated	35013299	Theocharidis G	2022	Nat Commun	Single cell transcriptomic landscape of diabetic foot ulcers.	10.1038/s41467-021-27801-8	CellMarker 2.0: Pan-fibroblast [Skin; Experiment]
lineage/Fibroblast	FAP	curated	34921143	Kürten CHL	2021	Nat Commun	Investigating immune and non-immune cell interactions in head and neck tumors by single-cell RNA sequencing.	10.1038/s41467-021-27619-4	CellMarker 2.0: Fibroblast [Blood; Experiment]
lineage/Fibroblast	THY1	curated	35003899	Zheng S	2022	Oncoimmunology	Landscape of cancer-associated fibroblasts identifies the secreted biglycan as a protumor and immunosuppressive factor in triple-negative breast cancer.	10.1080/2162402X.2021.2020984	CellMarker 2.0: Cancer-associated fibroblast [Breast; Experiment]
lineage/Fibroblast	THY1	curated	35258704	Kogan PS	2022	Basic Res Cardiol	Uncovering the molecular identity of cardiosphere-derived cells (CDCs) by single-cell RNA sequencing.	10.1007/s00395-022-00913-y	CellMarker 2.0: Fibroblast [Heart; Experiment]
lineage/Fibroblast	THY1	curated	35165277	Fan X	2022	Cell Discov	Integrated single-cell multiomics analysis reveals novel candidate markers for prognosis in human pancreatic ductal adenocarcinoma.	10.1038/s41421-021-00366-y	CellMarker 2.0: Fibroblast [Pancreas; Experiment]
lineage/Fibroblast	COL11A1	curated	33413690	Brosseau JP	2021	Acta Neuropathol Commun	Human cutaneous neurofibroma matrisome revealed by single-cell RNA sequencing.	10.1186/s40478-020-01103-4	CellMarker 2.0: Cancer-associated fibroblast [Skin; Experiment]
lineage/Fibroblast	COL11A1	curated	30179601	Korosec A	2019	J Invest Dermatol	Lineage Identity and Location within the Dermis Determine the Function of Papillary and Reticular Fibroblasts in Human Skin.	10.1016/j.jid.2018.07.033	CellMarker 2.0: Reticular fibroblast [Skin; Experiment]
lineage/Fibroblast	COL11A1	curated	31610266	Zhang Y	2020	Cancer Lett	Single-cell transcriptome analysis reveals tumor immune microenvironment heterogenicity and granulocytes enrichment in colorectal cancer liver metastases.	10.1016/j.canlet.2019.10.016	CellMarker 2.0: Fibroblast [Spleen; Experiment]
lineage/Fibroblast	COL5A1	curated	30026257	Ji Q	2019	Ann Rheum Dis	Single-cell RNA-seq analysis reveals the progression of human osteoarthritis.	10.1136/annrheumdis-2017-212863	CellMarker 2.0: Fibroblast [Articular Cartilage; Experiment]
lineage/Fibroblast	COL5A2	literature_text	33950524	Pal B	2021	EMBO J	A single-cell RNA expression atlas of normal, preneoplastic and tumorigenic states in the human breast.	10.15252/embj.2020107333	Moreover, close inspection of the fibroblast population (cluster 1) indicated that a lower proportion of cells expressed key marker genes such as PDGFRA, PDGFRB, CD34, and the matrix‐associated genes POSTN and COL3A1 (also SPARC, COL5A2, COL14A1 ) in post‐menopausal tissue (Fig ).
lineage/Fibroblast	COL5A2	literature_text	37463917	Cords L	2023	Nat Commun	Cancer-associated fibroblast classification in single-cell and spatial proteomics data.	10.1038/s41467-023-39762-1	The resulting group of CAFs ( n = 4525 cells) expressed MMP11 and other matrix metalloproteinase-encoding mRNAs, and collagen-encoding mRNAs ( COL10A1, COL11A1, COL8A1, COL1A2, COL12A1, COL3A1 , COL8A1 and COL5A2 ).
lineage/Fibroblast	FBLN2	curated	32832599	Adams TS	2020	Sci Adv	Single-cell RNA-seq reveals ectopic and aberrant lung-resident cell populations in idiopathic pulmonary fibrosis.	10.1126/sciadv.aba1983	CellMarker 2.0: Fibroblast [Lung; Experiment]
lineage/Fibroblast	FBLN5	literature_text	29280568	Santi A	2018	Proteomics	Cancer Associated Fibroblasts: The Architects of Stroma Remodeling.	10.1002/pmic.201700167	Most of the identified proteins, including fibulin‐5 (FBLN5), solute carrier family 2 facilitated glucose transporter member 1 (SLC2A1) and cell surface glycoprotein MUC18, were more abundant in TGF‐β‐induced fibroblasts, indicating the presence of myofibroblast‐like CAFs in peripheral tumor regions.
lineage/Fibroblast	POSTN	curated	34971568	Dong L	2022	Cancer Cell	Proteogenomic characterization identifies clinically relevant subgroups of intrahepatic cholangiocarcinoma.	10.1016/j.ccell.2021.12.006	CellMarker 2.0: Fibroblast [Liver; Experiment]
lineage/Fibroblast	POSTN	curated	35304249	Riedl JA	2022	J Invest Dermatol	Interrogation of RDEB Epidermal Allografts after BMT Reveals Coexpression of Collagen VII and Keratin 15 with Proinflammatory Immune Cells and Fibroblasts.	10.1016/j.jid.2022.01.034	CellMarker 2.0: Myofibroblast [Epidermis; Experiment]
lineage/Fibroblast	POSTN	curated	35119359	Chan M	2022	Elife	Novel insights from a multiomics dissection of the Hayflick limit.	10.7554/eLife.70283	CellMarker 2.0: Idiopathic pulmonary fibrosis myofibroblast [Undefined; Experiment]
lineage/Fibroblast	CTHRC1	curated	35119359	Chan M	2022	Elife	Novel insights from a multiomics dissection of the Hayflick limit.	10.7554/eLife.70283	CellMarker 2.0: Idiopathic pulmonary fibrosis myofibroblast [Undefined; Experiment]
lineage/Fibroblast	SFRP4	curated	33662621	Wang X	2021	Genomics Proteomics Bioinformatics	Direct Comparative Analyses of 10X Genomics Chromium and Smart-seq2.	10.1016/j.gpb.2020.02.005	CellMarker 2.0: Cancer-associated fibroblast [Liver; Experiment]
lineage/Fibroblast	SFRP4	curated	34282151	Tabib T	2021	Nat Commun	Myofibroblast transcriptome indicates SFRP2(hi) fibroblast progenitors in systemic sclerosis skin.	10.1038/s41467-021-24607-6	CellMarker 2.0: Myofibroblast [Skin; Experiment]
lineage/Fibroblast	PI16	curated	34659232	Haunerdinger V	2021	Front Immunol	Novel Combination of Surface Markers for the Reliable and Comprehensive Identification of Human Thymic Epithelial Cells by Flow Cytometry: Quantitation and Transcriptional Characterization of Thymic Stroma in a Pediatric Cohort.	10.3389/fimmu.2021.740047	CellMarker 2.0: Capsular fibroblast(Fb2) [Thymus; Experiment]
lineage/Fibroblast	PI16	curated	32079746	Park JE	2020	Science	A cell atlas of human thymic development defines T cell repertoire formation.	10.1126/science.aay3224	CellMarker 2.0: Fibroblast [Thymus; Experiment]
lineage/Fibroblast	MFAP5	curated	32763913	Theocharidis G	2020	Diabetes	Integrated Skin Transcriptomics and Serum Multiplex Assays Reveal Novel Mechanisms of Wound Healing in Diabetic Foot Ulcers.	10.2337/db20-0188	CellMarker 2.0: Reticular fibroblast [Skin; Experiment]
lineage/Fibroblast	MFAP5	curated	31431722	Legoux F	2019	Nat Immunol	Molecular mechanisms of lineage decisions in metabolite-specific T cells.	10.1038/s41590-019-0465-3	CellMarker 2.0: Fibroblast [Undefined; Experiment]
lineage/Fibroblast	MFAP5	curated	30734283	Nurmik M	2020	Int J Cancer	In search of definitions: Cancer-associated fibroblasts and their markers.	10.1002/ijc.32193	CellMarker 2.0: Cancer-associated fibroblast [Colorectum; Review]
lineage/Fibroblast	DPT	curated	33653818	Guo JA	2021	Clin Cancer Res	Refining the Molecular Framework for Pancreatic Cancer with Single-cell and Spatial Technologies.	10.1158/1078-0432.CCR-20-4712	CellMarker 2.0: Inflammatory cancer‐associated fibroblast (iCAF) [Pancreas; Review]
lineage/Fibroblast	DPT	primary_text	31197017	Elyada E	2019	Cancer Discov	Cross-Species Single-Cell Analysis of Pancreatic Ductal Adenocarcinoma Reveals Antigen-Presenting Cancer-Associated Fibroblasts.	10.1158/2159-8290.CD-19-0094	Strong expression of complement factor D ( CFD ) and matrix proteins such as lamin A/C ( LMNA ) and dermatopontin ( DPT ) marked iCAFs ( and ; ).
lineage/Fibroblast	LRRC15	literature_text	35883004	Lavie D	2022	Nat Cancer	Cancer-associated fibroblasts in the single-cell era.	10.1038/s43018-022-00411-z	For example, TGFβ-driven LRRC15 + CAFs correlate with poor response to anti–PD-L1 therapy in PDAC .
lineage/Fibroblast	LRRC15	literature_text	36171287	Krishnamurty AT	2022	Nature	LRRC15(+) myofibroblasts dictate the stromal setpoint to suppress tumour immunity.	10.1038/s41586-022-05272-1	Conversely, LRRC15 + CAF ablation markedly reduced fibroblast cellularity in the TME.
lineage/Fibroblast	MMP11	curated	33406409	Fawkner-Corbett D	2021	Cell	Spatiotemporal analysis of human intestinal development at single-cell resolution.	10.1016/j.cell.2020.12.016	CellMarker 2.0: Fibroblast [Epithelium; Experiment]
lineage/Fibroblast	MMP11	curated	33819739	Chen K	2021	EBioMedicine	Single-cell RNA-seq reveals dynamic change in tumor microenvironment during pancreatic ductal adenocarcinoma malignant progression.	10.1016/j.ebiom.2021.103315	CellMarker 2.0: Classical cancer associated fibroblast [Pancreas; Experiment]
lineage/Fibroblast	MMP11	curated	34965952	Kester L	2022	Clin Cancer Res	Differential Survival and Therapy Benefit of Patients with Breast Cancer Are Characterized by Distinct Epithelial and Immune Cell Microenvironments.	10.1158/1078-0432.CCR-21-1442	CellMarker 2.0: Fibroblast [Muscle; Review]
lineage/Fibroblast	PRRX1	curated	33406409	Fawkner-Corbett D	2021	Cell	Spatiotemporal analysis of human intestinal development at single-cell resolution.	10.1016/j.cell.2020.12.016	CellMarker 2.0: Fibroblast [Epithelium; Experiment]
lineage/Fibroblast	PRRX1	curated	32483223	Xia B	2020	Nat Commun	Machine learning uncovers cell identity regulator by histone code.	10.1038/s41467-020-16539-4	CellMarker 2.0: Fibroblast [Lung; Experiment]
lineage/Fibroblast	LOX	curated	34921143	Kürten CHL	2021	Nat Commun	Investigating immune and non-immune cell interactions in head and neck tumors by single-cell RNA sequencing.	10.1038/s41467-021-27619-4	CellMarker 2.0: Fibroblast [Blood; Experiment]
lineage/Fibroblast	ASPN	curated	34642171	Kumar V	2022	Cancer Discov	Single-Cell Atlas of Lineage States, Tumor Microenvironment, and Subtype-Specific Expression Programs in Gastric Cancer.	10.1158/2159-8290.CD-21-0683	CellMarker 2.0: Fibroblast [Stomach; Experiment]
lineage/Fibroblast	TWIST2	curated	32396864	Xi H	2020	Cell Stem Cell	A Human Skeletal Muscle Atlas Identifies the Trajectories of Stem and Progenitor Cells across Development and from Human Pluripotent Stem Cells.	10.1016/j.stem.2020.04.017	CellMarker 2.0: Dermal fibroblast [Skeletal muscle; Experiment]
lineage/Fibroblast	TWIST2	curated	32483223	Xia B	2020	Nat Commun	Machine learning uncovers cell identity regulator by histone code.	10.1038/s41467-020-16539-4	CellMarker 2.0: Fibroblast [Lung; Experiment]
lineage/Fibroblast	CDH11	literature_text	29476097	Mizoguchi F	2018	Nat Commun	Functionally distinct disease-associated fibroblast subsets in rheumatoid arthritis.	10.1038/s41467-018-02892-y	CD34 – and CD34 + fibroblasts could further be divided into four and three populations, respectively, based on THY1 and CDH11 expression.
lineage/Pericyte_SMC	RGS5	curated	35258704	Kogan PS	2022	Basic Res Cardiol	Uncovering the molecular identity of cardiosphere-derived cells (CDCs) by single-cell RNA sequencing.	10.1007/s00395-022-00913-y	CellMarker 2.0: Smooth muscle cell [Heart; Experiment]
lineage/Pericyte_SMC	RGS5	curated	35304249	Riedl JA	2022	J Invest Dermatol	Interrogation of RDEB Epidermal Allografts after BMT Reveals Coexpression of Collagen VII and Keratin 15 with Proinflammatory Immune Cells and Fibroblasts.	10.1016/j.jid.2022.01.034	CellMarker 2.0: Pericyte [Epidermis; Experiment]
lineage/Pericyte_SMC	RGS5	curated	35464471	Joo EH	2022	Front Immunol	Deconvolution of Adult T-Cell Leukemia/Lymphoma With Single-Cell RNA-Seq Using Frozen Archived Skin Tissue Reveals New Subset of Cancer-Associated Fibroblast.	10.3389/fimmu.2022.856363	CellMarker 2.0: Pericyte [Skin; Experiment]
lineage/Pericyte_SMC	MCAM	curated	35320046	Layton TB	2022	Proc Natl Acad Sci U S A	A vasculature niche orchestrates stromal cell phenotype through PDGF signaling: Importance in human fibrotic disease.	10.1073/pnas.2120336119	CellMarker 2.0: Pericyte [Blood vessel; Experiment]
lineage/Pericyte_SMC	MCAM	curated	34173975	Joseph DB	2021	J Pathol	Single-cell analysis of mouse and human prostate reveals novel fibroblasts with specialized distribution and microenvironment interactions.	10.1002/path.5751	CellMarker 2.0: Smooth muscle cell [Blood vessel; Experiment]
lineage/Pericyte_SMC	MCAM	curated	33780024	Wirsik NM	2021	Neuropathol Appl Neurobiol	TGF-β activates pericytes via induction of the epithelial-to-mesenchymal transition protein SLUG in glioblastoma.	10.1111/nan.12714	CellMarker 2.0: Pericyte [Brain; Experiment]
lineage/Pericyte_SMC	NOTCH3	curated	35258704	Kogan PS	2022	Basic Res Cardiol	Uncovering the molecular identity of cardiosphere-derived cells (CDCs) by single-cell RNA sequencing.	10.1007/s00395-022-00913-y	CellMarker 2.0: Smooth muscle cell [Heart; Experiment]
lineage/Pericyte_SMC	NOTCH3	curated	34228647	Xie Y	2021	JCI Insight	Key molecular alterations in endothelial cells in human glioblastoma uncovered through single-cell RNA sequencing.	10.1172/jci.insight.150861	CellMarker 2.0: Mural cell [Vessel; Experiment]
lineage/Pericyte_SMC	NOTCH3	curated	32981416	Depuydt MAC	2020	Circ Res	Microanatomy of the Human Atherosclerotic Plaque by Single-Cell Transcriptomics.	10.1161/CIRCRESAHA.120.316770	CellMarker 2.0: Smooth muscle cell [Blood vessel; Experiment]
lineage/Pericyte_SMC	CSPG4	curated	33780024	Wirsik NM	2021	Neuropathol Appl Neurobiol	TGF-β activates pericytes via induction of the epithelial-to-mesenchymal transition protein SLUG in glioblastoma.	10.1111/nan.12714	CellMarker 2.0: Pericyte [Brain; Experiment]
lineage/Pericyte_SMC	CSPG4	curated	34793438	Kikel-Coury NL	2021	PLoS Biol	Identification of astroglia-like cardiac nexus glia that are critical regulators of cardiac development and function.	10.1371/journal.pbio.3001444	CellMarker 2.0: Pericyte [Heart; Experiment]
lineage/Pericyte_SMC	CSPG4	curated	33597545	Bautista JL	2021	Nat Commun	Single-cell transcriptional profiling of human thymic stroma uncovers novel cellular heterogeneity in the thymic medulla.	10.1038/s41467-021-21346-6	CellMarker 2.0: Pericyte [Blood vessel; Experiment]
lineage/Pericyte_SMC	KCNJ8	curated	35084939	Winkler EA	2022	Science	A single-cell atlas of the normal and malformed human brain vasculature.	10.1126/science.abi7377	CellMarker 2.0: Pericyte [Brain; Experiment]
lineage/Pericyte_SMC	KCNJ8	curated	35154475	Chen Y	2022	Theranostics	Single-cell RNA landscape of the osteoimmunology microenvironment in periodontitis.	10.7150/thno.65694	CellMarker 2.0: Pericyte [Periodontium; Experiment]
lineage/Pericyte_SMC	KCNJ8	curated	32961131	Parker KR	2020	Cell	Single-Cell Analyses Identify Brain Mural Cells Expressing CD19 as Potential Off-Tumor Targets for CAR-T Immunotherapies.	10.1016/j.cell.2020.08.022	CellMarker 2.0: Pericyte [Brain; Experiment]
lineage/Pericyte_SMC	ABCC9	curated	35084939	Winkler EA	2022	Science	A single-cell atlas of the normal and malformed human brain vasculature.	10.1126/science.abi7377	CellMarker 2.0: Pericyte [Brain; Experiment]
lineage/Pericyte_SMC	ABCC9	curated	32961131	Parker KR	2020	Cell	Single-Cell Analyses Identify Brain Mural Cells Expressing CD19 as Potential Off-Tumor Targets for CAR-T Immunotherapies.	10.1016/j.cell.2020.08.022	CellMarker 2.0: Pericyte [Brain; Experiment]
lineage/Pericyte_SMC	PDGFRB	curated	33975634	Zhao W	2021	Genome Med	Deconvolution of cell type-specific drug responses in human tumor tissue with single-cell RNA-seq.	10.1186/s13073-021-00894-y	CellMarker 2.0: Pericyte [Brain; Experiment]
lineage/Pericyte_SMC	PDGFRB	curated	34228647	Xie Y	2021	JCI Insight	Key molecular alterations in endothelial cells in human glioblastoma uncovered through single-cell RNA sequencing.	10.1172/jci.insight.150861	CellMarker 2.0: Mural cell [Vessel; Experiment]
lineage/Pericyte_SMC	PDGFRB	curated	34281603	Fullard JF	2021	Genome Med	Single-nucleus transcriptome analysis of human brain immune response in patients with severe COVID-19.	10.1186/s13073-021-00933-8	CellMarker 2.0: Pericyte [Brain; Experiment]
lineage/Endothelial	PECAM1	curated	35168605	You M	2022	Cardiovasc Diabetol	Asprosin induces vascular endothelial-to-mesenchymal transition in diabetic lower extremity peripheral artery disease.	10.1186/s12933-022-01457-0	CellMarker 2.0: Endothelial cell [Blood vessel; Experiment]
lineage/Endothelial	PECAM1	curated	35422106	Dayao MT	2022	Nat Commun	Membrane marker selection for segmenting single cell spatial proteomics data.	10.1038/s41467-022-29667-w	CellMarker 2.0: Endothelial cell [Blood vessel; Experiment]
lineage/Endothelial	PECAM1	curated	35217608	Governa V	2022	Proc Natl Acad Sci U S A	Landscape of surfaceome and endocytome in human glioma is divergent and depends on cellular spatial organization.	10.1073/pnas.2114456119	CellMarker 2.0: Endothelial cell [Brain; Experiment]
lineage/Endothelial	CDH5	curated	35418685	Calvanese V	2022	Nature	Mapping human haematopoietic stem cells from haemogenic endothelium to birth.	10.1038/s41586-022-04571-x	CellMarker 2.0: Endothelial cell [Embryo; Experiment]
lineage/Endothelial	CDH5	curated	35212715	McCracken IR	2022	Cardiovasc Res	Mapping the developing human cardiac endothelium at single-cell resolution identifies MECOM as a regulator of arteriovenous gene expression.	10.1093/cvr/cvac023	CellMarker 2.0: Endothelial cell [Endocardium; Experiment]
lineage/Endothelial	CDH5	curated	35258704	Kogan PS	2022	Basic Res Cardiol	Uncovering the molecular identity of cardiosphere-derived cells (CDCs) by single-cell RNA sequencing.	10.1007/s00395-022-00913-y	CellMarker 2.0: Endothelial cell [Heart; Experiment]
lineage/Endothelial	CLDN5	curated	35108060	Wang G	2022	Sci Transl Med	Lung cancer scRNA-seq and lipidomics reveal aberrant lipid metabolism for early-stage diagnosis.	10.1126/scitranslmed.abk2756	CellMarker 2.0: Endothelial cell [Lung; Experiment]
lineage/Endothelial	CLDN5	curated	34921160	Dinh HQ	2021	Nat Commun	Integrated single-cell transcriptome analysis reveals heterogeneity of esophageal squamous cell carcinoma microenvironment.	10.1038/s41467-021-27599-5	CellMarker 2.0: Endothelial cell [Blood; Experiment]
lineage/Endothelial	CLDN5	curated	33432193	Leng K	2021	Nat Neurosci	Molecular characterization of selectively vulnerable neurons in Alzheimer's disease.	10.1038/s41593-020-00764-7	CellMarker 2.0: Endothelial cell [Superior frontal gyrus; Experiment]
lineage/Endothelial	KDR	curated	35087207	Kim J	2022	NPJ Precis Oncol	Single-cell analysis of gastric pre-cancerous and cancer lesions reveals cell lineage diversity and intratumoral heterogeneity.	10.1038/s41698-022-00251-1	CellMarker 2.0: Endothelial cell [Stomach; Experiment]
lineage/Endothelial	KDR	curated	34636652	Sáinz-Jaspeado M	2021	Circulation	Palmdelphin Regulates Nuclear Resilience to Mechanical Stress in the Endothelium.	10.1161/CIRCULATIONAHA.121.054182	CellMarker 2.0: Endothelial cell [Aortic valve; Experiment]
lineage/Endothelial	KDR	curated	34079548	Zhu Z	2021	Front Immunol	The Role of Inflammation and Immune Activation on Circulating Endothelial Progenitor Cells in Chronic HIV Infection.	10.3389/fimmu.2021.663412	CellMarker 2.0: Endothelial cell [Peripheral blood; Experiment]
lineage/Endothelial	PLVAP	curated	35121646	Peng YL	2022	J Immunother Cancer	Single-cell transcriptomics reveals a low CD8(+) T cell infiltrating state mediated by fibroblasts in recurrent renal cell carcinoma.	10.1136/jitc-2021-004206	CellMarker 2.0: Vascular endothelial cell [Kidney; Experiment]
lineage/Endothelial	PLVAP	curated	35087207	Kim J	2022	NPJ Precis Oncol	Single-cell analysis of gastric pre-cancerous and cancer lesions reveals cell lineage diversity and intratumoral heterogeneity.	10.1038/s41698-022-00251-1	CellMarker 2.0: Endothelial cell [Stomach; Experiment]
lineage/Endothelial	PLVAP	curated	33406409	Fawkner-Corbett D	2021	Cell	Spatiotemporal analysis of human intestinal development at single-cell resolution.	10.1016/j.cell.2020.12.016	CellMarker 2.0: Endothelial cell [Epithelium; Experiment]
lineage/Endothelial	ENG	curated	35322584	Ge G	2022	Adv Sci (Weinh)	Single-Cell RNA-seq Reveals a Developmental Hierarchy Super-Imposed Over Subclonal Evolution in the Cellular Ecosystem of Prostate Cancer.	10.1002/advs.202105530	CellMarker 2.0: Endothelial cell [Prostate; Experiment]
lineage/Endothelial	ENG	curated	34489433	Zhang X	2021	Nat Commun	Dissecting esophageal squamous-cell carcinoma ecosystem by single-cell transcriptomic analysis.	10.1038/s41467-021-25539-x	CellMarker 2.0: Endothelial cell [Esophagus; Experiment]
lineage/Endothelial	ENG	curated	34400611	Gan Y	2021	Bone Res	Spatially defined single-cell transcriptional profiling characterizes diverse chondrocyte subtypes and nucleus pulposus progenitors in human intervertebral discs.	10.1038/s41413-021-00163-z	CellMarker 2.0: Endothelial cell [Intervertebral disc; Experiment]
lineage/Endothelial	TEK	curated	34493726	Bedoya-Reina OC	2021	Nat Commun	Single-nuclei transcriptomes from human adrenal gland reveal distinct cellular identities of low and high-risk neuroblastoma tumors.	10.1038/s41467-021-24870-7	CellMarker 2.0: Endothelial cell [Adrenal gland; Experiment]
lineage/Endothelial	TEK	curated	32107344	Menon R	2020	JCI Insight	Single cell transcriptomics identifies focal segmental glomerulosclerosis remission endothelial biomarker.	10.1172/jci.insight.133267	CellMarker 2.0: Endothelial cell [Kidney; Experiment]
lineage/Endothelial	TEK	curated	32405060	Slyper M	2020	Nat Med	A single-cell and single-nucleus RNA-Seq toolbox for fresh and frozen human tumors.	10.1038/s41591-020-0844-1	CellMarker 2.0: Endothelial cell [Lung; Experiment]
lineage/Endothelial	ERG	curated	34459315	Wiseman JA	2023	Neuroscientist	Cell Type-Specific Nuclei Markers: The Need for Human Brain Research to Go Nuclear.	10.1177/10738584211037351	CellMarker 2.0: Endothelial cell [Brain; Experiment]
lineage/Endothelial	ERG	curated	34030460	Schupp JC	2021	Circulation	Integrated Single-Cell Atlas of Endothelial Cells of the Human Lung.	10.1161/CIRCULATIONAHA.120.052318	CellMarker 2.0: Endothelial cell [Lung; Experiment]
lineage/Endothelial	ERG	curated	32961131	Parker KR	2020	Cell	Single-Cell Analyses Identify Brain Mural Cells Expressing CD19 as Potential Off-Tumor Targets for CAR-T Immunotherapies.	10.1016/j.cell.2020.08.022	CellMarker 2.0: Endothelial cell [Brain; Experiment]
lineage/Endothelial	SOX18	curated	34493726	Bedoya-Reina OC	2021	Nat Commun	Single-nuclei transcriptomes from human adrenal gland reveal distinct cellular identities of low and high-risk neuroblastoma tumors.	10.1038/s41467-021-24870-7	CellMarker 2.0: Endothelial cell [Adrenal gland; Experiment]
lineage/Endothelial	SOX18	curated	34965952	Kester L	2022	Clin Cancer Res	Differential Survival and Therapy Benefit of Patients with Breast Cancer Are Characterized by Distinct Epithelial and Immune Cell Microenvironments.	10.1158/1078-0432.CCR-21-1442	CellMarker 2.0: Endothelial cell [Muscle; Review]
lineage/Lymphatic_EC	PROX1	curated	35169075	Lv H	2022	Proc Natl Acad Sci U S A	Deciphering the endometrial niche of human thin endometrium at single-cell resolution.	10.1073/pnas.2115912119	CellMarker 2.0: Lymphatic endothelial cell [Endometrium; Experiment]
lineage/Lymphatic_EC	PROX1	curated	34663877	Bischoff P	2021	Oncogene	Single-cell RNA sequencing reveals distinct tumor microenvironmental patterns in lung adenocarcinoma.	10.1038/s41388-021-02054-3	CellMarker 2.0: Lymphatic endothelial cell [Lung; Experiment]
lineage/Lymphatic_EC	PROX1	curated	34697289	Chen Z	2021	Oncogenesis	Dissecting the single-cell transcriptome network in patients with esophageal squamous cell carcinoma receiving operative paclitaxel plus platinum chemotherapy.	10.1038/s41389-021-00359-2	CellMarker 2.0: lymphatic endothelial cell [Undefined; Experiment]
lineage/Lymphatic_EC	FLT4	curated	35169075	Lv H	2022	Proc Natl Acad Sci U S A	Deciphering the endometrial niche of human thin endometrium at single-cell resolution.	10.1073/pnas.2115912119	CellMarker 2.0: Lymphatic endothelial cell [Endometrium; Experiment]
lineage/Lymphatic_EC	FLT4	curated	32439707	Patel G	2020	Proc Natl Acad Sci U S A	Molecular taxonomy of human ocular outflow tissues defined by single-cell transcriptomics.	10.1073/pnas.2001896117	CellMarker 2.0: Lymphatic endothelial cell [Eye; Experiment]
lineage/Lymphatic_EC	FLT4	curated	33212097	Tosti L	2021	Gastroenterology	Single-Nucleus and In Situ RNA-Sequencing Reveal Cell Topographies in the Human Pancreas.	10.1053/j.gastro.2020.11.010	CellMarker 2.0: Lymphatic endothelial cell [Pancreas; Experiment]
lineage/Lymphatic_EC	PDPN	curated	35154475	Chen Y	2022	Theranostics	Single-cell RNA landscape of the osteoimmunology microenvironment in periodontitis.	10.7150/thno.65694	CellMarker 2.0: Lymphatic endothelial cell [Periodontium; Experiment]
lineage/Lymphatic_EC	PDPN	curated	33457092	Zhou Q	2020	Oncoimmunology	Identification and validation of poor prognosis immunoevasive subtype of muscle-invasive bladder cancer with tumor-infiltrating podoplanin(+) cell abundance.	10.1080/2162402X.2020.1747333	CellMarker 2.0: Lymphatic endothelial cell [Bladder; Experiment]
lineage/Lymphatic_EC	PDPN	curated	34697289	Chen Z	2021	Oncogenesis	Dissecting the single-cell transcriptome network in patients with esophageal squamous cell carcinoma receiving operative paclitaxel plus platinum chemotherapy.	10.1038/s41389-021-00359-2	CellMarker 2.0: lymphatic endothelial cell [Undefined; Experiment]
lineage/Lymphatic_EC	PECAM1	curated	32439707	Patel G	2020	Proc Natl Acad Sci U S A	Molecular taxonomy of human ocular outflow tissues defined by single-cell transcriptomics.	10.1073/pnas.2001896117	CellMarker 2.0: Lymphatic endothelial cell [Eye; Experiment]
lineage/Lymphatic_EC	PECAM1	curated	27172947	Lokmic Z	2016	Methods Mol Biol	Isolation, Identification, and Culture of Human Lymphatic Endothelial Cells.	10.1007/978-1-4939-3628-1_5	CellMarker 2.0: Lymphatic endothelial cell [Lymph node; Experiment]
lineage/Lymphatic_EC	PECAM1	curated	20028387	Yang S	2010	Cancer Sci	Role of tumor-associated lymphatic endothelial cells in metastasis: a study of epithelial ovarian tumor in vitro.	10.1111/j.1349-7006.2009.01436.x	CellMarker 2.0: Lymphatic endothelial cell [Ovary; Experiment]
lineage/T_NK	CD3E	curated	35027754	Lozano AX	2022	Nat Med	T cell characteristics associated with toxicity to immune checkpoint blockade in patients with melanoma.	10.1038/s41591-021-01623-z	CellMarker 2.0: T cell [Blood; Experiment]
lineage/T_NK	CD3E	curated	35111153	Kong F	2021	Front Immunol	Single-Cell Transcriptome Analysis of Chronic Antibody-Mediated Rejection After Renal Transplantation.	10.3389/fimmu.2021.767618	CellMarker 2.0: T cell [Peripheral blood; Experiment]
lineage/T_NK	CD3E	curated	35165422	He J	2022	Cell Res	Defined tumor antigen-specific T cells potentiate personalized TCR-T cell therapy and prediction of immunotherapy response.	10.1038/s41422-022-00627-9	CellMarker 2.0: T cell [Peripheral blood; Experiment]
lineage/T_NK	CD3G	curated	35165422	He J	2022	Cell Res	Defined tumor antigen-specific T cells potentiate personalized TCR-T cell therapy and prediction of immunotherapy response.	10.1038/s41422-022-00627-9	CellMarker 2.0: T cell [Peripheral blood; Experiment]
lineage/T_NK	CD3G	curated	35096485	Peng WS	2022	Oncoimmunology	Dissecting the heterogeneity of the microenvironment in primary and recurrent nasopharyngeal carcinomas using single-cell RNA sequencing.	10.1080/2162402X.2022.2026583	CellMarker 2.0: Natural killer cell [Nasopharynx; Experiment]
lineage/T_NK	CD3G	curated	35322584	Ge G	2022	Adv Sci (Weinh)	Single-Cell RNA-seq Reveals a Developmental Hierarchy Super-Imposed Over Subclonal Evolution in the Cellular Ecosystem of Prostate Cancer.	10.1002/advs.202105530	CellMarker 2.0: T cell [Prostate; Experiment]
lineage/T_NK	CD2	curated	35165422	He J	2022	Cell Res	Defined tumor antigen-specific T cells potentiate personalized TCR-T cell therapy and prediction of immunotherapy response.	10.1038/s41422-022-00627-9	CellMarker 2.0: T cell [Peripheral blood; Experiment]
lineage/T_NK	CD2	curated	35121646	Peng YL	2022	J Immunother Cancer	Single-cell transcriptomics reveals a low CD8(+) T cell infiltrating state mediated by fibroblasts in recurrent renal cell carcinoma.	10.1136/jitc-2021-004206	CellMarker 2.0: T cell [Kidney; Experiment]
lineage/T_NK	CD2	curated	35219893	Li H	2022	Cell Mol Gastroenterol Hepatol	Single-cell Transcriptomic Architecture Unraveling the Complexity of Tumor Heterogeneity in Distal Cholangiocarcinoma.	10.1016/j.jcmgh.2022.02.014	CellMarker 2.0: T cell [Liver; Experiment]
lineage/T_NK	CD247	curated	35165422	He J	2022	Cell Res	Defined tumor antigen-specific T cells potentiate personalized TCR-T cell therapy and prediction of immunotherapy response.	10.1038/s41422-022-00627-9	CellMarker 2.0: T cell [Peripheral blood; Experiment]
lineage/T_NK	CD247	curated	33603736	Hong X	2020	Front Immunol	Single-Cell RNA Sequencing Reveals the Expansion of Cytotoxic CD4(+) T Lymphocytes and a Landscape of Immune Cells in Primary Sjögren's Syndrome.	10.3389/fimmu.2020.594658	CellMarker 2.0: Natural killer cell [Peripheral blood; Experiment]
lineage/T_NK	CD247	curated	33674591	Bost P	2021	Nat Commun	Deciphering the state of immune silence in fatal COVID-19 patients.	10.1038/s41467-021-21702-6	CellMarker 2.0: Natural killer cell [Blood; Experiment]
lineage/T_NK	CD4	curated	35241110	Liu SQ	2022	J Hematol Oncol	Single-cell and spatially resolved analysis uncovers cell heterogeneity of breast cancer.	10.1186/s13045-022-01236-0	CellMarker 2.0: T cell [Bronchus; Experiment]
lineage/T_NK	CD4	curated	34975879	Cosma G	2021	Front Immunol	Prostate Cancer: Early Detection and Assessing Clinical Risk Using Deep Machine Learning of High Dimensional Peripheral Blood Flow Cytometric Phenotyping Data.	10.3389/fimmu.2021.786828	CellMarker 2.0: Natural killer cell [Blood; Experiment]
lineage/T_NK	CD4	curated	35013369	Tian J	2022	NPJ Parkinsons Dis	Specific immune status in Parkinson's disease at different ages of onset.	10.1038/s41531-021-00271-x	CellMarker 2.0: Naive T(Th0) cell [Blood; Experiment]
lineage/T_NK	CD8A	curated	35241110	Liu SQ	2022	J Hematol Oncol	Single-cell and spatially resolved analysis uncovers cell heterogeneity of breast cancer.	10.1186/s13045-022-01236-0	CellMarker 2.0: T cell [Bronchus; Experiment]
lineage/T_NK	CD8A	curated	35145509	Pagliarulo F	2021	Front Immunol	Molecular, Immunological, and Clinical Features Associated With Lymphoid Neogenesis in Muscle Invasive Bladder Cancer.	10.3389/fimmu.2021.793992	CellMarker 2.0: Cytotoxic T cell [Bladder; Experiment]
lineage/T_NK	CD8A	curated	34975879	Cosma G	2021	Front Immunol	Prostate Cancer: Early Detection and Assessing Clinical Risk Using Deep Machine Learning of High Dimensional Peripheral Blood Flow Cytometric Phenotyping Data.	10.3389/fimmu.2021.786828	CellMarker 2.0: Effector memory CD8+ T cell [Blood; Experiment]
lineage/T_NK	CD8B	curated	35027754	Lozano AX	2022	Nat Med	T cell characteristics associated with toxicity to immune checkpoint blockade in patients with melanoma.	10.1038/s41591-021-01623-z	CellMarker 2.0: CD8+ T cell [Blood; Experiment]
lineage/T_NK	CD8B	curated	35046942	Li X	2021	Front Immunol	Single-Cell Analysis Reveals the Immune Characteristics of Myeloid Cells and Memory T Cells in Recovered COVID-19 Patients With Different Severities.	10.3389/fimmu.2021.781432	CellMarker 2.0: CD8+ T cell [Peripheral blood; Experiment]
lineage/T_NK	CD8B	curated	35069521	Zheng M	2021	Front Immunol	Prognostic Landscape of Tumor-Infiltrating T and B Cells in Human Cancer.	10.3389/fimmu.2021.731329	CellMarker 2.0: T cell [Peripheral blood; Experiment]
lineage/T_NK	GZMB	curated	35061012	Cai Y	2022	J Exp Med	Single-cell immune profiling reveals functional diversity of T cells in tuberculous pleural effusion.	10.1084/jem.20211777	CellMarker 2.0: Effector CD8 T cell [Blood; Experiment]
lineage/T_NK	GZMB	curated	35172892	Ma Y	2022	Genome Med	Integrating single-cell sequencing data with GWAS summary statistics reveals CD16+monocytes and memory CD8+T cells involved in severe COVID-19.	10.1186/s13073-022-01021-1	CellMarker 2.0: Effector CD4+ T cell [Peripheral blood; Experiment]
lineage/T_NK	GZMB	curated	35196398	Reinhardt J	2022	Immunology	Distinguishing activated T regulatory cell and T conventional cells by single-cell technologies.	10.1111/imm.13460	CellMarker 2.0: Responding conventional T cell [Peripheral blood; Experiment]
lineage/T_NK	GZMK	curated	35061012	Cai Y	2022	J Exp Med	Single-cell immune profiling reveals functional diversity of T cells in tuberculous pleural effusion.	10.1084/jem.20211777	CellMarker 2.0: Effector CD4+ T cell [Blood; Experiment]
lineage/T_NK	GZMK	curated	35069597	Cao WJ	2021	Front Immunol	Immune Dysfunctions of CD56(neg) NK Cells Are Associated With HIV-1 Disease Progression.	10.3389/fimmu.2021.811091	CellMarker 2.0: Natural killer cell [Blood; Experiment]
lineage/T_NK	GZMK	curated	35172892	Ma Y	2022	Genome Med	Integrating single-cell sequencing data with GWAS summary statistics reveals CD16+monocytes and memory CD8+T cells involved in severe COVID-19.	10.1186/s13073-022-01021-1	CellMarker 2.0: Memory CD4+ T cell [Peripheral blood; Experiment]
lineage/T_NK	GZMA	curated	35061012	Cai Y	2022	J Exp Med	Single-cell immune profiling reveals functional diversity of T cells in tuberculous pleural effusion.	10.1084/jem.20211777	CellMarker 2.0: Effector CD8 T cell [Blood; Experiment]
lineage/T_NK	GZMA	curated	35250976	Zhu L	2022	Front Immunol	Single-Cell Transcriptomics Reveals Peripheral Immune Responses in Anti-Synthetase Syndrome-Associated Interstitial Lung Disease.	10.3389/fimmu.2022.804034	CellMarker 2.0: Central memory T cell [Peripheral blood; Experiment]
lineage/T_NK	GZMA	curated	35403824	Zhou W	2022	Adv Sci (Weinh)	Landscape of the Peripheral Immune Response Induced by Local Microwave Ablation in Patients with Breast Cancer.	10.1002/advs.202200033	CellMarker 2.0: Cytotoxic CD8+ T cell [Blood; Experiment]
lineage/T_NK	PRF1	curated	35061012	Cai Y	2022	J Exp Med	Single-cell immune profiling reveals functional diversity of T cells in tuberculous pleural effusion.	10.1084/jem.20211777	CellMarker 2.0: Effector CD4+ T cell [Blood; Experiment]
lineage/T_NK	PRF1	curated	35064122	Unterman A	2022	Nat Commun	Single-cell multi-omics reveals dyssynchrony of the innate and adaptive immune system in progressive COVID-19.	10.1038/s41467-021-27716-4	CellMarker 2.0: T cell [Blood; Experiment]
lineage/T_NK	PRF1	curated	35172892	Ma Y	2022	Genome Med	Integrating single-cell sequencing data with GWAS summary statistics reveals CD16+monocytes and memory CD8+T cells involved in severe COVID-19.	10.1186/s13073-022-01021-1	CellMarker 2.0: Effector CD8+ T cell [Peripheral blood; Experiment]
lineage/T_NK	KLRD1	curated	35111153	Kong F	2021	Front Immunol	Single-Cell Transcriptome Analysis of Chronic Antibody-Mediated Rejection After Renal Transplantation.	10.3389/fimmu.2021.767618	CellMarker 2.0: Natural killer cell [Peripheral blood; Experiment]
lineage/T_NK	KLRD1	curated	35173710	Angelo LS	2021	Front Immunol	Phenotypic and Functional Plasticity of CXCR6(+) Peripheral Blood NK Cells.	10.3389/fimmu.2021.810080	CellMarker 2.0: Natural killer cell [Peripheral blood; Experiment]
lineage/T_NK	KLRD1	curated	35422041	Hasanaj E	2022	Nat Commun	Interactive single-cell data analysis using Cellar.	10.1038/s41467-022-29744-0	CellMarker 2.0: Natural killer cell [Peripheral blood; Experiment]
lineage/T_NK	KLRB1	curated	35061012	Cai Y	2022	J Exp Med	Single-cell immune profiling reveals functional diversity of T cells in tuberculous pleural effusion.	10.1084/jem.20211777	CellMarker 2.0: Effector CD4+ T cell [Blood; Experiment]
lineage/T_NK	KLRB1	curated	35192548	Masuda K	2022	JCI Insight	Multiplexed single-cell analysis reveals prognostic and nonprognostic T cell types in human colorectal cancer.	10.1172/jci.insight.154646	CellMarker 2.0: CD4 peripherally derived regulatory T cell [Intestine; Experiment]
lineage/T_NK	KLRB1	curated	35418195	Hoffmann C	2022	Nat Commun	PD-L1 and ICOSL discriminate human Secretory and Helper dendritic cells in cancer, allergy and autoimmunity.	10.1038/s41467-022-29516-w	CellMarker 2.0: Natural killer CD4+ T cell [Skin; Experiment]
lineage/T_NK	FOXP3	curated	35338085	Xu Y	2022	J Immunother Cancer	Immunosuppressive tumor-associated macrophages expressing interlukin-10 conferred poor prognosis and therapeutic vulnerability in patients with muscle-invasive bladder cancer.	10.1136/jitc-2021-003416	CellMarker 2.0: Regulatory T(Treg) cell [Bladder; Experiment]
lineage/T_NK	FOXP3	curated	35172892	Ma Y	2022	Genome Med	Integrating single-cell sequencing data with GWAS summary statistics reveals CD16+monocytes and memory CD8+T cells involved in severe COVID-19.	10.1186/s13073-022-01021-1	CellMarker 2.0: Regulatory CD4+ T cell [Peripheral blood; Experiment]
lineage/T_NK	FOXP3	curated	35196398	Reinhardt J	2022	Immunology	Distinguishing activated T regulatory cell and T conventional cells by single-cell technologies.	10.1111/imm.13460	CellMarker 2.0: Conventional T(Tconv) cell [Peripheral blood; Experiment]
lineage/T_NK	IL2RA	curated	35027754	Lozano AX	2022	Nat Med	T cell characteristics associated with toxicity to immune checkpoint blockade in patients with melanoma.	10.1038/s41591-021-01623-z	CellMarker 2.0: Memory CD4+ T cell [Blood; Experiment]
lineage/T_NK	IL2RA	curated	35040949	Kobayashi S	2022	Rheumatology (Oxford)	Dysregulation of the gene signature of effector regulatory T cells in the early phase of systemic sclerosis.	10.1093/rheumatology/keac031	CellMarker 2.0: Effector regulatory T(eTreg) cell [Peripheral blood; Experiment]
lineage/T_NK	IL2RA	curated	35185925	Yiu G	2022	Front Immunol	High Interferon Signature Leads to Increased STAT1/3/5 Phosphorylation in PBMCs From SLE Patients by Single Cell Mass Cytometry.	10.3389/fimmu.2022.833636	CellMarker 2.0: Regulatory T(Treg) cell [Blood; Experiment]
lineage/T_NK	CTLA4	curated	35338085	Xu Y	2022	J Immunother Cancer	Immunosuppressive tumor-associated macrophages expressing interlukin-10 conferred poor prognosis and therapeutic vulnerability in patients with muscle-invasive bladder cancer.	10.1136/jitc-2021-003416	CellMarker 2.0: Exhausted CD8+ T cell [Bladder; Experiment]
lineage/T_NK	CTLA4	curated	35213211	Schmiedel BJ	2022	Sci Immunol	Single-cell eQTL analysis of activated T cell subsets reveals activation and cell type-dependent effects of disease-risk variants.	10.1126/sciimmunol.abm2508	CellMarker 2.0: Follicular regulatory T(Tfr) cell [Blood; Experiment]
lineage/T_NK	CTLA4	curated	35242144	Xie J	2022	Front Immunol	A Necroptosis-Related Prognostic Model of Uveal Melanoma Was Constructed by Single-Cell Sequencing Analysis and Weighted Co-Expression Network Analysis Based on Public Databases.	10.3389/fimmu.2022.847624	CellMarker 2.0: Effector memory T cell [Eye; Experiment]
lineage/T_NK	PDCD1	curated	35338085	Xu Y	2022	J Immunother Cancer	Immunosuppressive tumor-associated macrophages expressing interlukin-10 conferred poor prognosis and therapeutic vulnerability in patients with muscle-invasive bladder cancer.	10.1136/jitc-2021-003416	CellMarker 2.0: Exhausted CD8+ T cell [Bladder; Experiment]
lineage/T_NK	PDCD1	curated	35172892	Ma Y	2022	Genome Med	Integrating single-cell sequencing data with GWAS summary statistics reveals CD16+monocytes and memory CD8+T cells involved in severe COVID-19.	10.1186/s13073-022-01021-1	CellMarker 2.0: Exhausted CD8+ T cell [Peripheral blood; Experiment]
lineage/T_NK	PDCD1	curated	35377314	Goncharov MM	2022	Elife	Pinpointing the tumor-specific T cells via TCR clusters.	10.7554/eLife.77274	CellMarker 2.0: T cell [Peripheral blood; Experiment]
lineage/T_NK	TIGIT	curated	35338085	Xu Y	2022	J Immunother Cancer	Immunosuppressive tumor-associated macrophages expressing interlukin-10 conferred poor prognosis and therapeutic vulnerability in patients with muscle-invasive bladder cancer.	10.1136/jitc-2021-003416	CellMarker 2.0: Exhausted CD8+ T cell [Bladder; Experiment]
lineage/T_NK	TIGIT	curated	35172892	Ma Y	2022	Genome Med	Integrating single-cell sequencing data with GWAS summary statistics reveals CD16+monocytes and memory CD8+T cells involved in severe COVID-19.	10.1186/s13073-022-01021-1	CellMarker 2.0: Exhausted CD8+ T cell [Peripheral blood; Experiment]
lineage/T_NK	TIGIT	curated	35213211	Schmiedel BJ	2022	Sci Immunol	Single-cell eQTL analysis of activated T cell subsets reveals activation and cell type-dependent effects of disease-risk variants.	10.1126/sciimmunol.abm2508	CellMarker 2.0: Regulatory T(Treg) cell [Blood; Experiment]
lineage/T_NK	CCR7	curated	35013369	Tian J	2022	NPJ Parkinsons Dis	Specific immune status in Parkinson's disease at different ages of onset.	10.1038/s41531-021-00271-x	CellMarker 2.0: Central memory T cell [Blood; Experiment]
lineage/T_NK	CCR7	curated	35027754	Lozano AX	2022	Nat Med	T cell characteristics associated with toxicity to immune checkpoint blockade in patients with melanoma.	10.1038/s41591-021-01623-z	CellMarker 2.0: Naive T(Th0) cell [Blood; Experiment]
lineage/T_NK	CCR7	curated	35061012	Cai Y	2022	J Exp Med	Single-cell immune profiling reveals functional diversity of T cells in tuberculous pleural effusion.	10.1084/jem.20211777	CellMarker 2.0: Naive CD4 T cell [Blood; Experiment]
lineage/T_NK	SELL	curated	34989946	Schulze Lammers FC	2022	J Clin Immunol	Antiviral T-Cell Frequencies in a Healthy Population: Reference Values for Evaluating Antiviral Immune Cell Profiles in Immunocompromised Patients.	10.1007/s10875-021-01205-1	CellMarker 2.0: Central memory T cell [Blood; Experiment]
lineage/T_NK	SELL	curated	35027754	Lozano AX	2022	Nat Med	T cell characteristics associated with toxicity to immune checkpoint blockade in patients with melanoma.	10.1038/s41591-021-01623-z	CellMarker 2.0: Central memory T cell [Blood; Experiment]
lineage/T_NK	SELL	curated	35172892	Ma Y	2022	Genome Med	Integrating single-cell sequencing data with GWAS summary statistics reveals CD16+monocytes and memory CD8+T cells involved in severe COVID-19.	10.1186/s13073-022-01021-1	CellMarker 2.0: Natural killer cell [Peripheral blood; Experiment]
lineage/B_cell	MS4A1	curated	35145509	Pagliarulo F	2021	Front Immunol	Molecular, Immunological, and Clinical Features Associated With Lymphoid Neogenesis in Muscle Invasive Bladder Cancer.	10.3389/fimmu.2021.793992	CellMarker 2.0: B cell [Bladder; Experiment]
lineage/B_cell	MS4A1	curated	35027754	Lozano AX	2022	Nat Med	T cell characteristics associated with toxicity to immune checkpoint blockade in patients with melanoma.	10.1038/s41591-021-01623-z	CellMarker 2.0: B cell [Blood; Experiment]
lineage/B_cell	MS4A1	curated	35111153	Kong F	2021	Front Immunol	Single-Cell Transcriptome Analysis of Chronic Antibody-Mediated Rejection After Renal Transplantation.	10.3389/fimmu.2021.767618	CellMarker 2.0: B cell [Peripheral blood; Experiment]
lineage/B_cell	CD79A	curated	35145509	Pagliarulo F	2021	Front Immunol	Molecular, Immunological, and Clinical Features Associated With Lymphoid Neogenesis in Muscle Invasive Bladder Cancer.	10.3389/fimmu.2021.793992	CellMarker 2.0: B cell [Bladder; Experiment]
lineage/B_cell	CD79A	curated	35069521	Zheng M	2021	Front Immunol	Prognostic Landscape of Tumor-Infiltrating T and B Cells in Human Cancer.	10.3389/fimmu.2021.731329	CellMarker 2.0: B cell [Peripheral blood; Experiment]
lineage/B_cell	CD79A	curated	35095917	Xu G	2021	Front Immunol	The Transient IFN Response and the Delay of Adaptive Immunity Feature the Severity of COVID-19.	10.3389/fimmu.2021.816745	CellMarker 2.0: B cell [Peripheral blood; Experiment]
lineage/B_cell	CD79B	curated	35111153	Kong F	2021	Front Immunol	Single-Cell Transcriptome Analysis of Chronic Antibody-Mediated Rejection After Renal Transplantation.	10.3389/fimmu.2021.767618	CellMarker 2.0: B cell [Peripheral blood; Experiment]
lineage/B_cell	CD79B	curated	35260165	Dussiau C	2022	BMC Biol	Hematopoietic differentiation is characterized by a transient peak of entropy at a single-cell level.	10.1186/s12915-022-01264-9	CellMarker 2.0: CD34+ pre-B cell [Bone marrow; Experiment]
lineage/B_cell	CD79B	curated	35322584	Ge G	2022	Adv Sci (Weinh)	Single-Cell RNA-seq Reveals a Developmental Hierarchy Super-Imposed Over Subclonal Evolution in the Cellular Ecosystem of Prostate Cancer.	10.1002/advs.202105530	CellMarker 2.0: B cell [Prostate; Experiment]
lineage/B_cell	CD19	curated	35145509	Pagliarulo F	2021	Front Immunol	Molecular, Immunological, and Clinical Features Associated With Lymphoid Neogenesis in Muscle Invasive Bladder Cancer.	10.3389/fimmu.2021.793992	CellMarker 2.0: B cell [Bladder; Experiment]
lineage/B_cell	CD19	curated	35338085	Xu Y	2022	J Immunother Cancer	Immunosuppressive tumor-associated macrophages expressing interlukin-10 conferred poor prognosis and therapeutic vulnerability in patients with muscle-invasive bladder cancer.	10.1136/jitc-2021-003416	CellMarker 2.0: B cell [Bladder; Experiment]
lineage/B_cell	CD19	curated	34975879	Cosma G	2021	Front Immunol	Prostate Cancer: Early Detection and Assessing Clinical Risk Using Deep Machine Learning of High Dimensional Peripheral Blood Flow Cytometric Phenotyping Data.	10.3389/fimmu.2021.786828	CellMarker 2.0: B cell [Blood; Experiment]
lineage/B_cell	BANK1	curated	35216676	Patil NS	2022	Cancer Cell	Intratumoral plasma cells predict outcomes to PD-L1 blockade in non-small cell lung cancer.	10.1016/j.ccell.2022.02.002	CellMarker 2.0: Follicular B cell [Lung; Experiment]
lineage/B_cell	BANK1	curated	32114394	Cai Y	2020	EBioMedicine	Single-cell transcriptomics of blood reveals a natural killer cell subset depletion in tuberculosis.	10.1016/j.ebiom.2020.102686	CellMarker 2.0: B cell [Blood; Experiment]
lineage/B_cell	BANK1	curated	33227818	Anand P	2021	Blood	Single-cell RNA-seq reveals developmental plasticity with coexisting oncogenic states and immune evasion programs in ETP-ALL.	10.1182/blood.2019004547	CellMarker 2.0: B cell [Blood; Experiment]
lineage/B_cell	PAX5	curated	34895340	Zeng H	2021	Cell Biosci	Single-cell RNA-sequencing reveals distinct immune cell subsets and signaling pathways in IgA nephropathy.	10.1186/s13578-021-00706-1	CellMarker 2.0: B cell [Peripheral blood; Experiment]
lineage/B_cell	PAX5	curated	34349096	Wang X	2021	Cell Discov	Dysregulated hematopoiesis in bone marrow marks severe COVID-19.	10.1038/s41421-021-00296-9	CellMarker 2.0: Immature B cell [Bone marrow; Experiment]
lineage/B_cell	PAX5	curated	32029736	Márquez EJ	2020	Nat Commun	Sexual-dimorphism in human immune system aging.	10.1038/s41467-020-14396-9	CellMarker 2.0: Naive B cell [Peripheral blood; Experiment]
lineage/B_cell	CD22	curated	33593977	Park A	2021	mBio	Molecular Signatures of Inflammatory Profile and B-Cell Function in Patients with Severe Fever with Thrombocytopenia Syndrome.	10.1128/mBio.02583-20	CellMarker 2.0: Memory B cell [Blood; Experiment]
lineage/B_cell	CD22	curated	34148065	Klairmont MM	2021	Mod Pathol	Clinicopathologic and prognostic features of TdT-negative pediatric B-lymphoblastic leukemia.	10.1038/s41379-021-00853-3	CellMarker 2.0: B cell [Peripheral blood; Experiment]
lineage/B_cell	CD22	curated	34702946	Zhu R	2021	Cell Res	Mesenchymal stem cell treatment improves outcome of COVID-19 patients via multiple immunomodulatory mechanisms.	10.1038/s41422-021-00573-y	CellMarker 2.0: B cell [Peripheral blood; Experiment]
lineage/Plasma	MZB1	curated	35250975	Yang J	2022	Front Immunol	Increased Expression of Tim-3 Is Associated With Depletion of NKT Cells In SARS-CoV-2 Infection.	10.3389/fimmu.2022.796682	CellMarker 2.0: Plasma cell [Peripheral blood; Experiment]
lineage/Plasma	MZB1	curated	35260165	Dussiau C	2022	BMC Biol	Hematopoietic differentiation is characterized by a transient peak of entropy at a single-cell level.	10.1186/s12915-022-01264-9	CellMarker 2.0: Plasma cell [Bone marrow; Experiment]
lineage/Plasma	MZB1	curated	35221332	Zheng X	2022	Signal Transduct Target Ther	Single-cell transcriptomic profiling unravels the adenoma-initiation role of protein tyrosine kinases during colorectal tumorigenesis.	10.1038/s41392-022-00881-8	CellMarker 2.0: Plasma cell [Colon; Experiment]
lineage/Plasma	XBP1	curated	35216676	Patil NS	2022	Cancer Cell	Intratumoral plasma cells predict outcomes to PD-L1 blockade in non-small cell lung cancer.	10.1016/j.ccell.2022.02.002	CellMarker 2.0: Plasma cell [Lung; Experiment]
lineage/Plasma	XBP1	curated	35096485	Peng WS	2022	Oncoimmunology	Dissecting the heterogeneity of the microenvironment in primary and recurrent nasopharyngeal carcinomas using single-cell RNA sequencing.	10.1080/2162402X.2022.2026583	CellMarker 2.0: Plasma cell [Nasopharynx; Experiment]
lineage/Plasma	XBP1	curated	35296668	Horeweg N	2022	Nat Commun	Tertiary lymphoid structures critical for prognosis in endometrial cancer patients.	10.1038/s41467-022-29040-x	CellMarker 2.0: Plasma cell [Endometrium; Experiment]
lineage/Plasma	PRDM1	curated	35296668	Horeweg N	2022	Nat Commun	Tertiary lymphoid structures critical for prognosis in endometrial cancer patients.	10.1038/s41467-022-29040-x	CellMarker 2.0: Plasma cell [Endometrium; Experiment]
lineage/Plasma	PRDM1	curated	34061047	Jiang R	2021	JCI Insight	Single-cell immunophenotyping of the skin lesion erythema migrans identifies IgM memory B cells.	10.1172/jci.insight.148035	CellMarker 2.0: Plasma cell [Skin; Experiment]
lineage/Plasma	PRDM1	curated	32194545	Attaf N	2020	Front Immunol	FB5P-seq: FACS-Based 5-Prime End Single-Cell RNA-seq for Integrative Analysis of Transcriptome and Antigen Receptor Repertoire in B and T Cells.	10.3389/fimmu.2020.00216	CellMarker 2.0: Plasma cell [Tonsil; Experiment]
lineage/Plasma	TNFRSF17	curated	35216676	Patil NS	2022	Cancer Cell	Intratumoral plasma cells predict outcomes to PD-L1 blockade in non-small cell lung cancer.	10.1016/j.ccell.2022.02.002	CellMarker 2.0: Plasma cell [Lung; Experiment]
lineage/Plasma	TNFRSF17	curated	33593977	Park A	2021	mBio	Molecular Signatures of Inflammatory Profile and B-Cell Function in Patients with Severe Fever with Thrombocytopenia Syndrome.	10.1128/mBio.02583-20	CellMarker 2.0: Plasmablast [Blood; Experiment]
lineage/Plasma	TNFRSF17	curated	33963182	Liu R	2021	Nat Commun	Co-evolution of tumor and immune cells during progression of multiple myeloma.	10.1038/s41467-021-22804-x	CellMarker 2.0: Plasma cell [Bone marrow; Experiment]
lineage/Plasma	DERL3	curated	35216676	Patil NS	2022	Cancer Cell	Intratumoral plasma cells predict outcomes to PD-L1 blockade in non-small cell lung cancer.	10.1016/j.ccell.2022.02.002	CellMarker 2.0: Plasma cell [Lung; Experiment]
lineage/Plasma	DERL3	curated	33359089	Devlin JC	2021	Gastroenterology	Single-Cell Transcriptional Survey of Ileal-Anal Pouch Immune Cells From Ulcerative Colitis Patients.	10.1053/j.gastro.2020.12.030	CellMarker 2.0: Plasma cell [Rectum; Experiment]
lineage/Plasma	DERL3	curated	32686767	Chen YP	2020	Cell Res	Single-cell transcriptomics reveals regulators underlying immune cell diversity and immune subtypes associated with prognosis in nasopharyngeal carcinoma.	10.1038/s41422-020-0374-x	CellMarker 2.0: Plasma cell [Nasopharynx; Experiment]
lineage/Plasma	FCRL5	curated	33841428	Chen Z	2021	Front Immunol	PNOC Expressed by B Cells in Cholangiocarcinoma Was Survival Related and LAIR2 Could Be a T Cell Exhaustion Biomarker in Tumor Microenvironment: Characterization of Immune Microenvironment Combining Single-Cell and Bulk Sequencing Technology.	10.3389/fimmu.2021.647209	CellMarker 2.0: Plasma cell [Bile duct; Experiment]
lineage/Plasma	FCRL5	curated	30093597	Young MD	2018	Science	Single-cell transcriptomes from human kidneys reveal the cellular identity of renal tumors.	10.1126/science.aat1699	CellMarker 2.0: Plasma cell [Kidney; Single-cell sequencing]
lineage/Plasma	CD38	curated	35027754	Lozano AX	2022	Nat Med	T cell characteristics associated with toxicity to immune checkpoint blockade in patients with melanoma.	10.1038/s41591-021-01623-z	CellMarker 2.0: Plasmablast B cell [Blood; Experiment]
lineage/Plasma	CD38	curated	35172892	Ma Y	2022	Genome Med	Integrating single-cell sequencing data with GWAS summary statistics reveals CD16+monocytes and memory CD8+T cells involved in severe COVID-19.	10.1186/s13073-022-01021-1	CellMarker 2.0: Plasma cell [Peripheral blood; Experiment]
lineage/Plasma	CD38	curated	35185925	Yiu G	2022	Front Immunol	High Interferon Signature Leads to Increased STAT1/3/5 Phosphorylation in PBMCs From SLE Patients by Single Cell Mass Cytometry.	10.3389/fimmu.2022.833636	CellMarker 2.0: Plasmablast [Blood; Experiment]
lineage/Macrophage_Mono	CD68	curated	35033156	Yang T	2022	J Exp Clin Cancer Res	Macrophages-aPKC(ɩ)-CCL5 Feedback Loop Modulates the Progression and Chemoresistance in Cholangiocarcinoma.	10.1186/s13046-021-02235-8	CellMarker 2.0: Macrophage [Bile duct; Experiment]
lineage/Macrophage_Mono	CD68	curated	35338085	Xu Y	2022	J Immunother Cancer	Immunosuppressive tumor-associated macrophages expressing interlukin-10 conferred poor prognosis and therapeutic vulnerability in patients with muscle-invasive bladder cancer.	10.1136/jitc-2021-003416	CellMarker 2.0: Tumor‐associated macrophage (TAM) [Bladder; Experiment]
lineage/Macrophage_Mono	CD68	curated	35136934	Li G	2022	Brain	An MRI radiomics approach to predict survival and tumour-infiltrating macrophages in gliomas.	10.1093/brain/awab340	CellMarker 2.0: Macrophage [Blood; Experiment]
lineage/Macrophage_Mono	CD163	curated	35338085	Xu Y	2022	J Immunother Cancer	Immunosuppressive tumor-associated macrophages expressing interlukin-10 conferred poor prognosis and therapeutic vulnerability in patients with muscle-invasive bladder cancer.	10.1136/jitc-2021-003416	CellMarker 2.0: M2 macrophage [Bladder; Experiment]
lineage/Macrophage_Mono	CD163	curated	35136934	Li G	2022	Brain	An MRI radiomics approach to predict survival and tumour-infiltrating macrophages in gliomas.	10.1093/brain/awab340	CellMarker 2.0: Macrophage [Blood; Experiment]
lineage/Macrophage_Mono	CD163	curated	35422106	Dayao MT	2022	Nat Commun	Membrane marker selection for segmenting single cell spatial proteomics data.	10.1038/s41467-022-29667-w	CellMarker 2.0: Monocyte [Bone marrow; Experiment]
lineage/Macrophage_Mono	CD14	curated	35013369	Tian J	2022	NPJ Parkinsons Dis	Specific immune status in Parkinson's disease at different ages of onset.	10.1038/s41531-021-00271-x	CellMarker 2.0: Monocyte [Blood; Experiment]
lineage/Macrophage_Mono	CD14	curated	35027754	Lozano AX	2022	Nat Med	T cell characteristics associated with toxicity to immune checkpoint blockade in patients with melanoma.	10.1038/s41591-021-01623-z	CellMarker 2.0: Monocyte [Blood; Experiment]
lineage/Macrophage_Mono	CD14	curated	35046942	Li X	2021	Front Immunol	Single-Cell Analysis Reveals the Immune Characteristics of Myeloid Cells and Memory T Cells in Recovered COVID-19 Patients With Different Severities.	10.3389/fimmu.2021.781432	CellMarker 2.0: Monocyte [Peripheral blood; Experiment]
lineage/Macrophage_Mono	FCGR3A	curated	35027754	Lozano AX	2022	Nat Med	T cell characteristics associated with toxicity to immune checkpoint blockade in patients with melanoma.	10.1038/s41591-021-01623-z	CellMarker 2.0: Monocyte [Blood; Experiment]
lineage/Macrophage_Mono	FCGR3A	curated	35064122	Unterman A	2022	Nat Commun	Single-cell multi-omics reveals dyssynchrony of the innate and adaptive immune system in progressive COVID-19.	10.1038/s41467-021-27716-4	CellMarker 2.0: Monocyte [Blood; Experiment]
lineage/Macrophage_Mono	FCGR3A	curated	35069521	Zheng M	2021	Front Immunol	Prognostic Landscape of Tumor-Infiltrating T and B Cells in Human Cancer.	10.3389/fimmu.2021.731329	CellMarker 2.0: Monocyte [Peripheral blood; Experiment]
lineage/Macrophage_Mono	MRC1	curated	35033156	Yang T	2022	J Exp Clin Cancer Res	Macrophages-aPKC(ɩ)-CCL5 Feedback Loop Modulates the Progression and Chemoresistance in Cholangiocarcinoma.	10.1186/s13046-021-02235-8	CellMarker 2.0: M2 macrophage [Bile duct; Experiment]
lineage/Macrophage_Mono	MRC1	curated	35338085	Xu Y	2022	J Immunother Cancer	Immunosuppressive tumor-associated macrophages expressing interlukin-10 conferred poor prognosis and therapeutic vulnerability in patients with muscle-invasive bladder cancer.	10.1136/jitc-2021-003416	CellMarker 2.0: M2 macrophage [Bladder; Experiment]
lineage/Macrophage_Mono	MRC1	curated	35258704	Kogan PS	2022	Basic Res Cardiol	Uncovering the molecular identity of cardiosphere-derived cells (CDCs) by single-cell RNA sequencing.	10.1007/s00395-022-00913-y	CellMarker 2.0: Monocyte [Heart; Experiment]
lineage/Macrophage_Mono	MSR1	curated	35338085	Xu Y	2022	J Immunother Cancer	Immunosuppressive tumor-associated macrophages expressing interlukin-10 conferred poor prognosis and therapeutic vulnerability in patients with muscle-invasive bladder cancer.	10.1136/jitc-2021-003416	CellMarker 2.0: M2 macrophage [Bladder; Experiment]
lineage/Macrophage_Mono	MSR1	curated	35361264	Shi Y	2022	Genome Biol	Decoding the multicellular ecosystem of vena caval tumor thrombus in clear cell renal cell carcinoma by single-cell RNA sequencing.	10.1186/s13059-022-02651-9	CellMarker 2.0: M2 macrophage [Kidney; Experiment]
lineage/Macrophage_Mono	MSR1	curated	35440542	Qu Y	2022	Nat Commun	A proteogenomic analysis of clear cell renal cell carcinoma in a Chinese population.	10.1038/s41467-022-29577-x	CellMarker 2.0: Macrophage [Undefined; Experiment]
lineage/Macrophage_Mono	TREM2	curated	35017463	Chen WJ	2022	Cell Death Dis	Heterogeneity of tumor microenvironment is associated with clinical prognosis of non-clear cell renal cell carcinoma: a single-cell genomics study.	10.1038/s41419-022-04501-9	CellMarker 2.0: M2 macrophage [Kidney; Experiment]
lineage/Macrophage_Mono	TREM2	curated	34380013	Bäckdahl J	2021	Cell Metab	Spatial mapping reveals human adipocyte subpopulations with distinct sensitivities to insulin.	10.1016/j.cmet.2021.07.018	CellMarker 2.0: M1 macrophage [Adipose tissue; Experiment]
lineage/Macrophage_Mono	TREM2	curated	34019793	Obradovic A	2021	Cell	Single-cell protein activity analysis identifies recurrence-associated renal tumor macrophages.	10.1016/j.cell.2021.04.038	CellMarker 2.0: Macrophage [Kidney; Experiment]
lineage/Macrophage_Mono	CSF1R	curated	35111153	Kong F	2021	Front Immunol	Single-Cell Transcriptome Analysis of Chronic Antibody-Mediated Rejection After Renal Transplantation.	10.3389/fimmu.2021.767618	CellMarker 2.0: Non-classical monocyte [Peripheral blood; Experiment]
lineage/Macrophage_Mono	CSF1R	curated	35325594	Nalio Ramos R	2022	Cell	Tissue-resident FOLR2(+) macrophages associate with CD8(+) T cell infiltration in human breast cancer.	10.1016/j.cell.2022.02.021	CellMarker 2.0: Macrophage [Breast; Experiment]
lineage/Macrophage_Mono	CSF1R	curated	35017463	Chen WJ	2022	Cell Death Dis	Heterogeneity of tumor microenvironment is associated with clinical prognosis of non-clear cell renal cell carcinoma: a single-cell genomics study.	10.1038/s41419-022-04501-9	CellMarker 2.0: M2 macrophage [Kidney; Experiment]
lineage/Macrophage_Mono	ITGAM	curated	35440542	Qu Y	2022	Nat Commun	A proteogenomic analysis of clear cell renal cell carcinoma in a Chinese population.	10.1038/s41467-022-29577-x	CellMarker 2.0: Macrophage [Undefined; Experiment]
lineage/Macrophage_Mono	ITGAM	curated	33471078	Tsantilas P	2021	Cardiovasc Res	Chitinase 3 like 1 is a regulator of smooth muscle cell physiology and atherosclerotic lesion stability.	10.1093/cvr/cvab014	CellMarker 2.0: Macrophage [Blood; Experiment]
lineage/Macrophage_Mono	ITGAM	curated	34721382	Bhattacharjee O	2021	Front Immunol	Epithelial-Macrophage Crosstalk Initiates Sterile Inflammation in Embryonic Skin.	10.3389/fimmu.2021.718005	CellMarker 2.0: Monocyte [Skin; Experiment]
lineage/Macrophage_Mono	MARCO	curated	33765436	Szabo PA	2021	Immunity	Longitudinal profiling of respiratory and systemic immune responses reveals myeloid cell-driven lung inflammation in severe COVID-19.	10.1016/j.immuni.2021.03.005	CellMarker 2.0: Macrophage [Airway; Experiment]
lineage/Macrophage_Mono	MARCO	curated	33897687	Khuzwayo S	2021	Front Immunol	MR1-Restricted MAIT Cells From The Human Lung Mucosal Surface Have Distinct Phenotypic, Functional, and Transcriptomic Features That Are Preserved in HIV Infection.	10.3389/fimmu.2021.631410	CellMarker 2.0: Macrophage [Peripheral blood; Experiment]
lineage/Macrophage_Mono	MARCO	curated	34721400	Mukund K	2021	Front Immunol	Immune Response in Severe and Non-Severe Coronavirus Disease 2019 (COVID-19) Infection: A Mechanistic Landscape.	10.3389/fimmu.2021.738073	CellMarker 2.0: Intermediate monocyte cell [Peripheral blood; Experiment]
lineage/Macrophage_Mono	FOLR2	curated	35181780	Mujal AM	2022	Cancer Immunol Res	Holistic Characterization of Tumor Monocyte-to-Macrophage Differentiation Integrates Distinct Immune Phenotypes in Kidney Cancer.	10.1158/2326-6066.CIR-21-0588	CellMarker 2.0: Macrophage [Kidney; Experiment]
lineage/Macrophage_Mono	FOLR2	curated	34380013	Bäckdahl J	2021	Cell Metab	Spatial mapping reveals human adipocyte subpopulations with distinct sensitivities to insulin.	10.1016/j.cmet.2021.07.018	CellMarker 2.0: M2 macrophage [Adipose tissue; Experiment]
lineage/Macrophage_Mono	FOLR2	curated	34168655	Chen P	2021	Front Immunol	The Immune Atlas of Human Deciduas With Unexplained Recurrent Pregnancy Loss.	10.3389/fimmu.2021.689019	CellMarker 2.0: Macrophage [Decidua; Experiment]
lineage/Macrophage_Mono	SIGLEC1	curated	35133977	Zhang B	2022	J Clin Invest	Single-cell RNA sequencing reveals induction of distinct trained-immunity programs in human monocytes.	10.1172/JCI147719	CellMarker 2.0: Tissue resident macrophage [Peripheral blood; Experiment]
lineage/Macrophage_Mono	SIGLEC1	curated	35017463	Chen WJ	2022	Cell Death Dis	Heterogeneity of tumor microenvironment is associated with clinical prognosis of non-clear cell renal cell carcinoma: a single-cell genomics study.	10.1038/s41419-022-04501-9	CellMarker 2.0: M2 macrophage [Kidney; Experiment]
lineage/Macrophage_Mono	SIGLEC1	curated	33408717	Tan YQ	2020	Front Immunol	Six Immune Associated Genes Construct Prognostic Model Evaluate Low-Grade Glioma.	10.3389/fimmu.2020.606164	CellMarker 2.0: M1 macrophage [Brain; Experiment]
lineage/Dendritic	CD1C	curated	35095917	Xu G	2021	Front Immunol	The Transient IFN Response and the Delay of Adaptive Immunity Feature the Severity of COVID-19.	10.3389/fimmu.2021.816745	CellMarker 2.0: Myeloid dendritic cell [Peripheral blood; Experiment]
lineage/Dendritic	CD1C	curated	35111153	Kong F	2021	Front Immunol	Single-Cell Transcriptome Analysis of Chronic Antibody-Mediated Rejection After Renal Transplantation.	10.3389/fimmu.2021.767618	CellMarker 2.0: Dendritic cell [Peripheral blood; Experiment]
lineage/Dendritic	CD1C	curated	35172892	Ma Y	2022	Genome Med	Integrating single-cell sequencing data with GWAS summary statistics reveals CD16+monocytes and memory CD8+T cells involved in severe COVID-19.	10.1186/s13073-022-01021-1	CellMarker 2.0: Mature dendritic cell [Peripheral blood; Experiment]
lineage/Dendritic	CLEC10A	curated	35250976	Zhu L	2022	Front Immunol	Single-Cell Transcriptomics Reveals Peripheral Immune Responses in Anti-Synthetase Syndrome-Associated Interstitial Lung Disease.	10.3389/fimmu.2022.804034	CellMarker 2.0: Dendritic cell [Peripheral blood; Experiment]
lineage/Dendritic	CLEC10A	curated	33472616	McGinnis CS	2021	BMC Biol	No detectable alloreactive transcriptional responses under standard sample preparation conditions during donor-multiplexed single-cell RNA sequencing of peripheral blood mononuclear cells.	10.1186/s12915-020-00941-x	CellMarker 2.0: Dendritic cell [Blood; Experiment]
lineage/Dendritic	CLEC10A	curated	34385315	Huang Z	2021	Proc Natl Acad Sci U S A	Effects of sex and aging on the immune cell landscape as assessed by single-cell transcriptomic analysis.	10.1073/pnas.2023216118	CellMarker 2.0: Dendritic cell [Peripheral blood; Experiment]
lineage/Dendritic	FCER1A	curated	35027754	Lozano AX	2022	Nat Med	T cell characteristics associated with toxicity to immune checkpoint blockade in patients with melanoma.	10.1038/s41591-021-01623-z	CellMarker 2.0: Dendritic cell [Blood; Experiment]
lineage/Dendritic	FCER1A	curated	35069521	Zheng M	2021	Front Immunol	Prognostic Landscape of Tumor-Infiltrating T and B Cells in Human Cancer.	10.3389/fimmu.2021.731329	CellMarker 2.0: Dendritic cell [Peripheral blood; Experiment]
lineage/Dendritic	FCER1A	curated	35111153	Kong F	2021	Front Immunol	Single-Cell Transcriptome Analysis of Chronic Antibody-Mediated Rejection After Renal Transplantation.	10.3389/fimmu.2021.767618	CellMarker 2.0: Dendritic cell [Peripheral blood; Experiment]
lineage/Dendritic	CLEC9A	curated	35154475	Chen Y	2022	Theranostics	Single-cell RNA landscape of the osteoimmunology microenvironment in periodontitis.	10.7150/thno.65694	CellMarker 2.0: CLEC9A+ dendritic cell [Periodontium; Experiment]
lineage/Dendritic	CLEC9A	curated	34128959	Wilk AJ	2021	J Exp Med	Multi-omic profiling reveals widespread dysregulation of innate immunity and hematopoiesis in COVID-19.	10.1084/jem.20210582	CellMarker 2.0: Conventional dendritic cell 1(cDC1) [Blood; Experiment]
lineage/Dendritic	CLEC9A	curated	34354295	Hwang B	2021	Nat Methods	SCITO-seq: single-cell combinatorial indexed cytometry sequencing.	10.1038/s41592-021-01222-3	CellMarker 2.0: Conventional dendritic cell 1(cDC1) [Peripheral blood; Experiment]
lineage/Dendritic	XCR1	curated	35347134	Song G	2022	Nat Commun	Single-cell transcriptomic analysis suggests two molecularly subtypes of intrahepatic cholangiocarcinoma.	10.1038/s41467-022-29164-0	CellMarker 2.0: Dendritic cell [Liver; Experiment]
lineage/Dendritic	XCR1	curated	34566985	Doyle CM	2021	Front Immunol	Optimal Isolation Protocols for Examining and Interrogating Mononuclear Phagocytes From Human Intestinal Tissue.	10.3389/fimmu.2021.727952	CellMarker 2.0: Conventional dendritic cell 1(cDC1) [Intestine; Experiment]
lineage/Dendritic	XCR1	curated	33986743	de Koning W	2021	Front Immunol	Identification, Validation, and Utilization of Immune Cells in Pancreatic Ductal Adenocarcinoma Based on Marker Genes.	10.3389/fimmu.2021.649061	CellMarker 2.0: Conventional dendritic cell 1(cDC1) [Pancreas; Experiment]
lineage/Dendritic	LAMP3	curated	34659209	Wu H	2021	Front Immunol	Microdissection of the Bulk Transcriptome at Single-Cell Resolution Reveals Clinical Significance and Myeloid Cells Heterogeneity in Lung Adenocarcinoma.	10.3389/fimmu.2021.723908	CellMarker 2.0: Dendritic cell [Bone marrow; Experiment]
lineage/Dendritic	LAMP3	curated	34611125	Xu K	2021	Oncogenesis	Single-cell RNA sequencing reveals cell heterogeneity and transcriptome profile of breast cancer lymph node metastasis.	10.1038/s41389-021-00355-6	CellMarker 2.0: Myeloid dendritic cell [Breast; Experiment]
lineage/Dendritic	LAMP3	curated	34783307	Kasper M	2021	Elife	Intraocular dendritic cells characterize HLA-B27-associated acute anterior uveitis.	10.7554/eLife.67396	CellMarker 2.0: Mature dendritic cell [Eye; Experiment]
lineage/Dendritic	LILRA4	curated	35250975	Yang J	2022	Front Immunol	Increased Expression of Tim-3 Is Associated With Depletion of NKT Cells In SARS-CoV-2 Infection.	10.3389/fimmu.2022.796682	CellMarker 2.0: Plasmacytoid dendritic cell(pDC) [Peripheral blood; Experiment]
lineage/Dendritic	LILRA4	curated	35250976	Zhu L	2022	Front Immunol	Single-Cell Transcriptomics Reveals Peripheral Immune Responses in Anti-Synthetase Syndrome-Associated Interstitial Lung Disease.	10.3389/fimmu.2022.804034	CellMarker 2.0: Plasmacytoid dendritic cell(pDC) [Peripheral blood; Experiment]
lineage/Dendritic	LILRA4	curated	35216676	Patil NS	2022	Cancer Cell	Intratumoral plasma cells predict outcomes to PD-L1 blockade in non-small cell lung cancer.	10.1016/j.ccell.2022.02.002	CellMarker 2.0: Plasmacytoid dendritic cell(pDC) [Lung; Experiment]
lineage/Dendritic	CLEC4C	curated	35111153	Kong F	2021	Front Immunol	Single-Cell Transcriptome Analysis of Chronic Antibody-Mediated Rejection After Renal Transplantation.	10.3389/fimmu.2021.767618	CellMarker 2.0: Dendritic cell [Peripheral blood; Experiment]
lineage/Dendritic	CLEC4C	curated	35250976	Zhu L	2022	Front Immunol	Single-Cell Transcriptomics Reveals Peripheral Immune Responses in Anti-Synthetase Syndrome-Associated Interstitial Lung Disease.	10.3389/fimmu.2022.804034	CellMarker 2.0: Plasmacytoid dendritic cell(pDC) [Peripheral blood; Experiment]
lineage/Dendritic	CLEC4C	curated	34354295	Hwang B	2021	Nat Methods	SCITO-seq: single-cell combinatorial indexed cytometry sequencing.	10.1038/s41592-021-01222-3	CellMarker 2.0: Plasmacytoid dendritic cell(pDC) [Peripheral blood; Experiment]
lineage/Dendritic	IL3RA	curated	35095917	Xu G	2021	Front Immunol	The Transient IFN Response and the Delay of Adaptive Immunity Feature the Severity of COVID-19.	10.3389/fimmu.2021.816745	CellMarker 2.0: Plasmacytoid dendritic cell(pDC) [Peripheral blood; Experiment]
lineage/Dendritic	IL3RA	curated	35111153	Kong F	2021	Front Immunol	Single-Cell Transcriptome Analysis of Chronic Antibody-Mediated Rejection After Renal Transplantation.	10.3389/fimmu.2021.767618	CellMarker 2.0: Dendritic cell [Peripheral blood; Experiment]
lineage/Dendritic	IL3RA	curated	35172892	Ma Y	2022	Genome Med	Integrating single-cell sequencing data with GWAS summary statistics reveals CD16+monocytes and memory CD8+T cells involved in severe COVID-19.	10.1186/s13073-022-01021-1	CellMarker 2.0: Plasmacytoid dendritic cell(pDC) [Peripheral blood; Experiment]
lineage/Neutrophil	CSF3R	curated	35111153	Kong F	2021	Front Immunol	Single-Cell Transcriptome Analysis of Chronic Antibody-Mediated Rejection After Renal Transplantation.	10.3389/fimmu.2021.767618	CellMarker 2.0: Neutrophil [Peripheral blood; Experiment]
lineage/Neutrophil	CSF3R	curated	35377806	Nyquist SK	2022	Proc Natl Acad Sci U S A	Cellular and transcriptional diversity over the course of human lactation.	10.1073/pnas.2121720119	CellMarker 2.0: Neutrophil [Milk; Experiment]
lineage/Neutrophil	CSF3R	curated	34128959	Wilk AJ	2021	J Exp Med	Multi-omic profiling reveals widespread dysregulation of innate immunity and hematopoiesis in COVID-19.	10.1084/jem.20210582	CellMarker 2.0: Neutrophil [Blood; Experiment]
lineage/Neutrophil	FCGR3B	curated	35111153	Kong F	2021	Front Immunol	Single-Cell Transcriptome Analysis of Chronic Antibody-Mediated Rejection After Renal Transplantation.	10.3389/fimmu.2021.767618	CellMarker 2.0: Neutrophil [Peripheral blood; Experiment]
lineage/Neutrophil	FCGR3B	curated	35186442	Leclercq G	2022	Oncoimmunology	Dissecting the mechanism of cytokine release induced by T-cell engagers highlights the contribution of neutrophils.	10.1080/2162402X.2022.2039432	CellMarker 2.0: Neutrophil [Peripheral blood; Experiment]
lineage/Neutrophil	FCGR3B	curated	35219893	Li H	2022	Cell Mol Gastroenterol Hepatol	Single-cell Transcriptomic Architecture Unraveling the Complexity of Tumor Heterogeneity in Distal Cholangiocarcinoma.	10.1016/j.jcmgh.2022.02.014	CellMarker 2.0: Neutrophil [Liver; Experiment]
lineage/Neutrophil	CD177	curated	34296378	Xu P	2022	Gastric Cancer	CircTMC5 promotes gastric cancer progression and metastasis by targeting miR-361-3p/RABL6.	10.1007/s10120-021-01220-6	CellMarker 2.0: Neutrophil [Stomach; Experiment]
lineage/Neutrophil	CD177	curated	33326802	Klingler AI	2021	J Allergy Clin Immunol	Mechanisms and biomarkers of inflammatory endotypes in chronic rhinosinusitis without nasal polyps.	10.1016/j.jaci.2020.11.037	CellMarker 2.0: Neutrophil [Nasal polyp; Experiment]
lineage/Neutrophil	CD177	curated	34707085	Qin G	2021	Signal Transduct Target Ther	Myeloid cells in COVID-19 microenvironment.	10.1038/s41392-021-00792-0	CellMarker 2.0: Neutrophil [Blood; Review]
lineage/Mast	MS4A2	curated	34168655	Chen P	2021	Front Immunol	The Immune Atlas of Human Deciduas With Unexplained Recurrent Pregnancy Loss.	10.3389/fimmu.2021.689019	CellMarker 2.0: Mast cell [Decidua; Experiment]
lineage/Mast	MS4A2	curated	34238352	Olbrecht S	2021	Genome Med	High-grade serous tubo-ovarian cancer refined with single-cell RNA sequencing: specific cell subtypes influence survival and determine molecular subtype classification.	10.1186/s13073-021-00922-x	CellMarker 2.0: Mast cell [Ovary; Experiment]
lineage/Mast	MS4A2	curated	33986743	de Koning W	2021	Front Immunol	Identification, Validation, and Utilization of Immune Cells in Pancreatic Ductal Adenocarcinoma Based on Marker Genes.	10.3389/fimmu.2021.649061	CellMarker 2.0: Mast cell [Pancreas; Experiment]
lineage/Mast	HDC	curated	34168655	Chen P	2021	Front Immunol	The Immune Atlas of Human Deciduas With Unexplained Recurrent Pregnancy Loss.	10.3389/fimmu.2021.689019	CellMarker 2.0: Mast cell [Decidua; Experiment]
lineage/Mast	HDC	curated	33637594	Dwyer DF	2021	Sci Immunol	Human airway mast cells proliferate and acquire distinct inflammation-driven phenotypes during type 2 inflammation.	10.1126/sciimmunol.abb7221	CellMarker 2.0: Mast cell [Polyp; Experiment]
lineage/Mast	HDC	curated	34054812	Zhang C	2021	Front Immunol	Immune Landscape of Gastric Carcinoma Tumor Microenvironment Identifies a Peritoneal Relapse Relevant Immune Signature.	10.3389/fimmu.2021.651033	CellMarker 2.0: Mast cell [Stomach; Experiment]
lineage/Mast	HPGDS	curated	33637594	Dwyer DF	2021	Sci Immunol	Human airway mast cells proliferate and acquire distinct inflammation-driven phenotypes during type 2 inflammation.	10.1126/sciimmunol.abb7221	CellMarker 2.0: Mast cell [Polyp; Experiment]
lineage/Mast	HPGDS	curated	34745098	Yin H	2021	Front Immunol	A Dynamic Transcriptome Map of Different Tissue Microenvironment Cells Identified During Gastric Cancer Development Using Single-Cell RNA Sequencing.	10.3389/fimmu.2021.728169	CellMarker 2.0: Mast cell [Stomach; Experiment]
lineage/Mast	HPGDS	curated	32754283	Liu Y	2020	Theranostics	Single-cell analysis reveals immune landscape in kidneys of patients with chronic transplant rejection.	10.7150/thno.48201	CellMarker 2.0: Mast cell [Kidney; Experiment]
lineage/Mast	GATA2	curated	34168655	Chen P	2021	Front Immunol	The Immune Atlas of Human Deciduas With Unexplained Recurrent Pregnancy Loss.	10.3389/fimmu.2021.689019	CellMarker 2.0: Mast cell [Decidua; Experiment]
lineage/Mast	GATA2	curated	34663877	Bischoff P	2021	Oncogene	Single-cell RNA sequencing reveals distinct tumor microenvironmental patterns in lung adenocarcinoma.	10.1038/s41388-021-02054-3	CellMarker 2.0: Mast cell [Lung; Experiment]
lineage/Mast	GATA2	curated	34054812	Zhang C	2021	Front Immunol	Immune Landscape of Gastric Carcinoma Tumor Microenvironment Identifies a Peritoneal Relapse Relevant Immune Signature.	10.3389/fimmu.2021.651033	CellMarker 2.0: Mast cell [Stomach; Experiment]
lineage/Mast	KIT	curated	35075805	Yuan B	2022	Clin Transl Med	Patient-derived organoids for personalized gallbladder cancer modelling and drug screening.	10.1002/ctm2.678	CellMarker 2.0: Mast cell [Gall bladder; Experiment]
lineage/Mast	KIT	curated	35221332	Zheng X	2022	Signal Transduct Target Ther	Single-cell transcriptomic profiling unravels the adenoma-initiation role of protein tyrosine kinases during colorectal tumorigenesis.	10.1038/s41392-022-00881-8	CellMarker 2.0: Mast cell [Colon; Experiment]
lineage/Mast	KIT	curated	33765436	Szabo PA	2021	Immunity	Longitudinal profiling of respiratory and systemic immune responses reveals myeloid cell-driven lung inflammation in severe COVID-19.	10.1016/j.immuni.2021.03.005	CellMarker 2.0: Mast cell [Airway; Experiment]
lineage/Mesothelial	UPK3B	curated	34663877	Bischoff P	2021	Oncogene	Single-cell RNA sequencing reveals distinct tumor microenvironmental patterns in lung adenocarcinoma.	10.1038/s41388-021-02054-3	CellMarker 2.0: Mesothelial cell [Lung; Experiment]
lineage/Mesothelial	UPK3B	curated	33784014	Zhang J	2021	Clin Transl Med	Single-cell transcriptomics provides new insights into the role of fibroblasts during peritoneal fibrosis.	10.1002/ctm2.321	CellMarker 2.0: Mesothelial cell [Peritoneum; Experiment]
lineage/Mesothelial	UPK3B	curated	33597545	Bautista JL	2021	Nat Commun	Single-cell transcriptional profiling of human thymic stroma uncovers novel cellular heterogeneity in the thymic medulla.	10.1038/s41467-021-21346-6	CellMarker 2.0: Mesothelial cell [Blood vessel; Experiment]
lineage/Mesothelial	CALB2	literature_text	32561858	Qian J	2020	Cell Res	A pan-cancer blueprint of the heterogeneous tumor microenvironment revealed by single-cell profiling.	10.1038/s41422-020-0355-0	Based on calretinin ( CALB2 ) and mesothelin ( MSLN ) expression, C6_CALB2s were likely to represent mesothelium-derived cells.
lineage/Mesothelial	CALB2	literature_text	35288842	Mete O	2022	Endocr Pathol	Overview of the 2022 WHO Classification of Adrenal Cortical Tumors.	10.1007/s12022-022-09710-8	Conventional mesothelial (calretinin, WT1) and endothelial (D2-40, CD31, ERG) markers can readily define the epithelial/mesothelial or endothelial origin, respectively [ ] (Figs. and ).
lineage/Mesothelial	PRG4	curated	33597545	Bautista JL	2021	Nat Commun	Single-cell transcriptional profiling of human thymic stroma uncovers novel cellular heterogeneity in the thymic medulla.	10.1038/s41467-021-21346-6	CellMarker 2.0: Mesothelial cell [Blood vessel; Experiment]
lineage/Mesothelial	PTGIS	literature_text	38467625	Liu S	2024	Nat Commun	An organism-wide atlas of hormonal signaling based on the mouse lemur single-cell transcriptome.	10.1038/s41467-024-46070-9	Mesothelial cells sampled from eight visceral organs formed a cluster distant from other stromal cells and showed distinctive expression of NPR1 , CFB , PTGIS , ITGB3 , and PNMT (cluster 35, Fig. and Supplementary Fig. ).
lineage/Mesothelial	MSLN	curated	33597545	Bautista JL	2021	Nat Commun	Single-cell transcriptional profiling of human thymic stroma uncovers novel cellular heterogeneity in the thymic medulla.	10.1038/s41467-021-21346-6	CellMarker 2.0: Mesothelial cell [Blood vessel; Experiment]
lineage/Mesothelial	MSLN	curated	33208946	Travaglini KJ	2020	Nature	A molecular cell atlas of the human lung from single-cell RNA sequencing.	10.1038/s41586-020-2922-4	CellMarker 2.0: Mesothelial cell [Bronchial vessel; Experiment]
lineage/Mesothelial	MSLN	primary_text	21984916	Kanamori-Katayama M	2011	PLoS One	LRRN4 and UPK3B are markers of primary mesothelial cells.	10.1371/journal.pone.0025391	LRRN4 is a novel human mesothelial lineage marker To confirm the specificity of these markers in human mesothelium and mesothelioma we designed primers against human MSLN, UPK3B, NKAIN4 and LRRN4 ( ) and tested their specificity by qRTPCR against a panel of 45 human total RNAs.
lineage/Ovarian_stroma	FOXL2	curated	34238352	Olbrecht S	2021	Genome Med	High-grade serous tubo-ovarian cancer refined with single-cell RNA sequencing: specific cell subtypes influence survival and determine molecular subtype classification.	10.1186/s13073-021-00922-x	CellMarker 2.0: Ovarian stromal cell [Ovary; Experiment]
lineage/Ovarian_stroma	FOXL2	curated	32814714	Pierini S	2020	JCI Insight	Ovarian granulosa cell tumor characterization identifies FOXL2 as an immunotherapeutic target.	10.1172/jci.insight.136773	CellMarker 2.0: Granulosa cell [Ovary; Experiment]
lineage/Ovarian_stroma	FOXL2	curated	24899573	Padua MB	2014	Biol Reprod	Simultaneous gene deletion of gata4 and gata6 leads to early disruption of follicular development and germ cell loss in the murine ovary.	10.1095/biolreprod.113.117002	CellMarker 2.0: Granulosa cell [Ovary; Experiment]
lineage/Ovarian_stroma	NR5A1	literature_text	36803359	Pierson Smela MD	2023	Elife	Directed differentiation of human iPSCs to functional ovarian granulosa-like cells via transcription factor overexpression.	10.7554/eLife.83291	We compared the bulk transcriptomes of hiPSCs, COV434 and KGN ovarian tumor cells, and sorted FOXL2+CD82+ granulosa-like cells from day 5 of a polyclonal differentiation with expression of our previously identified top TFs (NR5A1, TCF21, GATA4, and RUNX1; see ).
lineage/Ovarian_stroma	STAR	curated	34238352	Olbrecht S	2021	Genome Med	High-grade serous tubo-ovarian cancer refined with single-cell RNA sequencing: specific cell subtypes influence survival and determine molecular subtype classification.	10.1186/s13073-021-00922-x	CellMarker 2.0: Ovarian stromal cell [Ovary; Experiment]
lineage/Ovarian_stroma	STAR	primary_text	32123174	Wagner M	2020	Nat Commun	Single-cell analysis of human ovarian cortex identifies distinct cell populations but no oogonial stem cells.	10.1038/s41467-020-14936-3	Theca cells are acquired during secondary follicle stage and they express STAR and CYP17A1, enabling them to synthesize androgens .
lineage/Ovarian_stroma	CYP17A1	curated	25775029	Hatzirodos N	2015	PLoS One	Transcriptome comparisons identify new cell markers for theca interna and granulosa cells from small and large antral ovarian follicles.	10.1371/journal.pone.0119800	CellMarker 2.0: Theca interna cell [Ovarian follicle; Experiment]
lineage/Ovarian_stroma	CYP17A1	primary_text	32123174	Wagner M	2020	Nat Commun	Single-cell analysis of human ovarian cortex identifies distinct cell populations but no oogonial stem cells.	10.1038/s41467-020-14936-3	Theca cells are acquired during secondary follicle stage and they express STAR and CYP17A1, enabling them to synthesize androgens .
lineage/Ovarian_stroma	AMH	curated	32410729	Vazquez SE	2020	Elife	Identification of novel, clinically correlated autoantigens in the monogenic autoimmune syndrome APS1 by proteome-wide PhIP-Seq.	10.7554/eLife.55053	CellMarker 2.0: Granulosa cell [Ovary; Experiment]
lineage/Ovarian_stroma	AMH	primary_text	32123174	Wagner M	2020	Nat Commun	Single-cell analysis of human ovarian cortex identifies distinct cell populations but no oogonial stem cells.	10.1038/s41467-020-14936-3	Granulosa cells were identified based on the expression of typical granulosa cell markers FOXL2 and anti-Müllerian hormone ( AMH ).
lineage/Ovarian_stroma	ARX	literature_text	38578993	Jones ASK	2024	Sci Adv	Cellular atlas of the human ovary using morphologically guided spatial transcriptomics and single-cell sequencing.	10.1126/sciadv.adm7506	As a group, they were characterized by mesenchymal cell markers DCN and PDGFRA and the more recently reported ovarian stromal cell markers APOE , LUM , ARX , and FHL2 ( ) ( , ).
lineage/Ovarian_stroma	TCF21	literature_text	36803359	Pierson Smela MD	2023	Elife	Directed differentiation of human iPSCs to functional ovarian granulosa-like cells via transcription factor overexpression.	10.7554/eLife.83291	We compared the bulk transcriptomes of hiPSCs, COV434 and KGN ovarian tumor cells, and sorted FOXL2+CD82+ granulosa-like cells from day 5 of a polyclonal differentiation with expression of our previously identified top TFs (NR5A1, TCF21, GATA4, and RUNX1; see ).
lineage/Ovarian_stroma	DLK1	curated	34238352	Olbrecht S	2021	Genome Med	High-grade serous tubo-ovarian cancer refined with single-cell RNA sequencing: specific cell subtypes influence survival and determine molecular subtype classification.	10.1186/s13073-021-00922-x	CellMarker 2.0: Ovarian stromal cell [Ovary; Experiment]
lineage/Ovarian_stroma	DLK1	curated	28457750	Li L	2017	Cell Stem Cell	Single-Cell RNA-Seq Analysis Maps Development of Human Germline Cells and Gonadal Niche Interactions.	10.1016/j.stem.2017.03.007	CellMarker 2.0: Granulosa cell [Fetal gonad; Single-cell sequencing]
lineage/Ovarian_stroma	GATA4	literature_text	36803359	Pierson Smela MD	2023	Elife	Directed differentiation of human iPSCs to functional ovarian granulosa-like cells via transcription factor overexpression.	10.7554/eLife.83291	We compared the bulk transcriptomes of hiPSCs, COV434 and KGN ovarian tumor cells, and sorted FOXL2+CD82+ granulosa-like cells from day 5 of a polyclonal differentiation with expression of our previously identified top TFs (NR5A1, TCF21, GATA4, and RUNX1; see ).
lineage/Adipocyte	PLIN1	curated	34380013	Bäckdahl J	2021	Cell Metab	Spatial mapping reveals human adipocyte subpopulations with distinct sensitivities to insulin.	10.1016/j.cmet.2021.07.018	CellMarker 2.0: Adipocyte [Adipose tissue; Experiment]
lineage/Adipocyte	ADIPOQ	curated	34380013	Bäckdahl J	2021	Cell Metab	Spatial mapping reveals human adipocyte subpopulations with distinct sensitivities to insulin.	10.1016/j.cmet.2021.07.018	CellMarker 2.0: Adipocyte [Adipose tissue; Experiment]
lineage/Adipocyte	ADIPOQ	curated	32971526	Litviňuková M	2020	Nature	Cells of the adult human heart.	10.1038/s41586-020-2797-4	CellMarker 2.0: Adipocyte [Heart; Experiment]
lineage/Adipocyte	ADIPOQ	curated	31130283	Glastonbury CA	2019	Am J Hum Genet	Cell-Type Heterogeneity in Adipose Tissue Is Associated with Complex Traits and Reveals Disease-Relevant Cell-Specific eQTLs.	10.1016/j.ajhg.2019.03.025	CellMarker 2.0: Adipocyte [Subcutaneous adipose tissue; Experiment]
lineage/Adipocyte	LEP	curated	34380013	Bäckdahl J	2021	Cell Metab	Spatial mapping reveals human adipocyte subpopulations with distinct sensitivities to insulin.	10.1016/j.cmet.2021.07.018	CellMarker 2.0: Adipocyte [Adipose tissue; Experiment]
lineage/Adipocyte	LEP	curated	32971526	Litviňuková M	2020	Nature	Cells of the adult human heart.	10.1038/s41586-020-2797-4	CellMarker 2.0: Adipocyte [Heart; Experiment]
lineage/Schwann	MPZ	curated	32494013	Lee J	2020	Nature	Hair-bearing human skin generated entirely from pluripotent stem cells.	10.1038/s41586-020-2352-3	CellMarker 2.0: Schwann cell precursor cell [Skin; Experiment]
lineage/Schwann	MPZ	curated	31712411	Voigt AP	2019	Proc Natl Acad Sci U S A	Single-cell transcriptomics of the human retinal pigment epithelium and choroid in health and macular degeneration.	10.1073/pnas.1914143116	CellMarker 2.0: Myelinating schwann cell [Choroid; Experiment]
lineage/Schwann	SOX10	curated	35278628	Direder M	2022	Matrix Biol	Schwann cells contribute to keloid formation.	10.1016/j.matbio.2022.03.001	CellMarker 2.0: Schwann cell [Skin; Experiment]
proliferation/Proliferating	MKI67	curated	35095917	Xu G	2021	Front Immunol	The Transient IFN Response and the Delay of Adaptive Immunity Feature the Severity of COVID-19.	10.3389/fimmu.2021.816745	CellMarker 2.0: Cycling cell [Peripheral blood; Experiment]
proliferation/Proliferating	MKI67	curated	35250976	Zhu L	2022	Front Immunol	Single-Cell Transcriptomics Reveals Peripheral Immune Responses in Anti-Synthetase Syndrome-Associated Interstitial Lung Disease.	10.3389/fimmu.2022.804034	CellMarker 2.0: Proliferative T cell [Peripheral blood; Experiment]
proliferation/Proliferating	MKI67	curated	35038898	Gamage AM	2022	mBio	Human Nasal Epithelial Cells Sustain Persistent SARS-CoV-2 Infection In Vitro, despite Eliciting a Prolonged Antiviral Response.	10.1128/mbio.03436-21	CellMarker 2.0: Dividing cell [Nose; Experiment]
proliferation/Proliferating	TOP2A	curated	33936064	Tang R	2021	Front Immunol	A Partial Picture of the Single-Cell Transcriptomics of Human IgA Nephropathy.	10.3389/fimmu.2021.645988	CellMarker 2.0: Cycling cell [Kidney; Experiment]
proliferation/Proliferating	TOP2A	curated	33033240	Chen Z	2020	Nat Commun	Single-cell RNA sequencing highlights the role of inflammatory cancer-associated fibroblasts in bladder urothelial carcinoma.	10.1038/s41467-020-18916-5	CellMarker 2.0: Proliferating myeloid cell [Bladder; Experiment]
proliferation/Proliferating	TOP2A	curated	32783921	Zhu L	2020	Immunity	Single-Cell Sequencing of Peripheral Mononuclear Cells Reveals Distinct Immune Response Landscapes of COVID-19 and Influenza Patients.	10.1016/j.immuni.2020.07.009	CellMarker 2.0: Cycling cell [Blood; Experiment]
proliferation/Proliferating	CDK1	curated	34918370	Vegliante R	2022	EMBO J	Deciphering functional tumor states at single-cell resolution.	10.15252/embj.2021109221	CellMarker 2.0: Proliferative ductal cell [Pancreatic islet; Experiment]
proliferation/Proliferating	CDK1	curated	31892341	Madissoon E	2019	Genome Biol	scRNA-seq assessment of the human lung, spleen, and esophagus tissue stability after cold preservation.	10.1186/s13059-019-1906-x	CellMarker 2.0: Dividing cell [Lung; Experiment]
proliferation/Proliferating	CDK1	curated	31067475	Zhang P	2019	Cell Rep	Dissecting the Single-Cell Transcriptome Network Underlying Gastric Premalignant Lesions and Early Gastric Cancer.	10.1016/j.celrep.2019.04.052	CellMarker 2.0: Proliferative cell (PC) [Stomach; Experiment]
proliferation/Proliferating	BIRC5	curated	31067475	Zhang P	2019	Cell Rep	Dissecting the Single-Cell Transcriptome Network Underlying Gastric Premalignant Lesions and Early Gastric Cancer.	10.1016/j.celrep.2019.04.052	CellMarker 2.0: Proliferative cell (PC) [Stomach; Experiment]
proliferation/Proliferating	CCNB1	literature_text	28445465	Birey F	2017	Nature	Assembly of functionally integrated human forebrain spheroids.	10.1038/nature22330	BD Resolve system) (a) Distribution of expression of the neuronal marker STMN2 , (b) the progenitor marker VIM and of (c) a set of genes associated with the M cell cycle phase ( AURKB , TPX2 , UBE2C , HMMR , TOP2A , CCNB1 , NUSAP1 , NUF2 , CDC6 , HIST1H4C , BIRC5 , CKS2 ).
csc/CSC	CD44	curated	35177584	Zhang M	2022	Cell Death Dis	Nanog mediated by FAO/ACLY signaling induces cellular dormancy in colorectal cancer cells.	10.1038/s41419-022-04606-1	CellMarker 2.0: Cancer stem cell [Colorectum; Experiment]
csc/CSC	CD44	curated	35279145	Liu H	2022	Mol Cancer	Interaction of lncRNA MIR100HG with hnRNPA2B1 facilitates m(6)A-dependent stabilization of TCF7L2 mRNA and colorectal cancer progression.	10.1186/s12943-022-01555-3	CellMarker 2.0: Cancer stem cell [Colorectum; Experiment]
csc/CSC	CD44	curated	35256781	Doolittle WKL	2022	Oncogene	Regulation of cancer stem cell activity by thyroid hormone receptor β.	10.1038/s41388-022-02242-9	CellMarker 2.0: Cancer stem cell [Thyroid; Experiment]
csc/CSC	PROM1	curated	35177584	Zhang M	2022	Cell Death Dis	Nanog mediated by FAO/ACLY signaling induces cellular dormancy in colorectal cancer cells.	10.1038/s41419-022-04606-1	CellMarker 2.0: Cancer stem cell [Colorectum; Experiment]
csc/CSC	PROM1	curated	35229026	Chen W	2022	Mol Ther Oncolytics	Exosomal circSHKBP1 participates in non-small cell lung cancer progression through PKM2-mediated glycolysis.	10.1016/j.omto.2022.01.012	CellMarker 2.0: Cancer stem cell [Lung; Experiment]
csc/CSC	PROM1	curated	35185876	Lin H	2022	Front Immunol	Identification of Tumor Antigens and Immune Subtypes of Glioblastoma for mRNA Vaccine Development.	10.3389/fimmu.2022.773264	CellMarker 2.0: Cancer stem cell [Undefined; Experiment]
csc/CSC	KIT	curated	32483461	Le Grand M	2020	Theranostics	Interplay between MycN and c-Myc regulates radioresistance and cancer stem cell phenotype in neuroblastoma upon glutamine deprivation.	10.7150/thno.42602	CellMarker 2.0: Cancer stem cell [Brain; Experiment]
csc/CSC	KIT	curated	26951883	Sun J	2017	Pharmacogenomics J	A potentially functional polymorphism in ABCG2 predicts clinical outcome of non-small cell lung cancer in a Chinese population.	10.1038/tpj.2016.2	CellMarker 2.0: Cancer stem cell [Lung; Experiment]
csc/CSC	KIT	curated	25973030	Zhao F	2015	Int J Clin Exp Pathol	MiRNA profile of osteosarcoma with CD117 and stro-1 expression: miR-1247 functions as an onco-miRNA by targeting MAP3K9.		CellMarker 2.0: Cancer stem cell [Undefined; Experiment]
csc/CSC	LGR5	curated	33898197	Wang H	2021	Adv Sci (Weinh)	Colorectal Cancer Stem Cell States Uncovered by Simultaneous Single-Cell Analysis of Transcriptome and Telomeres.	10.1002/advs.202004320	CellMarker 2.0: Cancer Stem cell [Colorectum; Experiment]
csc/CSC	LGR5	curated	33323965	Bergin CJ	2021	Oncogene	G9a controls pluripotent-like identity and tumor-initiating function in human colorectal cancer.	10.1038/s41388-020-01591-7	CellMarker 2.0: Cancer stem cell [Intestine; Experiment]
csc/CSC	LGR5	curated	32243841	Maenhoudt N	2020	Stem Cell Reports	Developing Organoids from Ovarian Cancer as Experimental and Preclinical Models.	10.1016/j.stemcr.2020.03.004	CellMarker 2.0: Cancer stem cell [Ovary; Experiment]
csc/CSC	SOX2	curated	35256781	Doolittle WKL	2022	Oncogene	Regulation of cancer stem cell activity by thyroid hormone receptor β.	10.1038/s41388-022-02242-9	CellMarker 2.0: Cancer stem cell [Thyroid; Experiment]
csc/CSC	SOX2	curated	34964899	Knudsen AM	2022	Neuro Oncol	Surgical resection of glioblastomas induces pleiotrophin-mediated self-renewal of glioblastoma stem cells in recurrent tumors.	10.1093/neuonc/noab302	CellMarker 2.0: Cancer stem cell [Brain; Experiment]
csc/CSC	SOX2	curated	34163033	Zhang J	2021	Oncogene	A novel homeostatic loop of sorcin drives paclitaxel-resistance and malignant progression via Smad4/ZEB1/miR-142-5p in human ovarian cancer.	10.1038/s41388-021-01891-6	CellMarker 2.0: Cancer stem cell [Ovary; Experiment]
csc/CSC	POU5F1	curated	35211356	Wu YY	2022	Mol Ther Nucleic Acids	A novel DNA aptamer targeting lung cancer stem cells exerts a therapeutic effect by binding and neutralizing Annexin A2.	10.1016/j.omtn.2022.01.012	CellMarker 2.0: Cancer stem cell [Lung; Experiment]
csc/CSC	POU5F1	curated	35449126	Zhang J	2022	Cell Death Dis	Integrated DNA and RNA sequencing reveals early drivers involved in metastasis of gastric cancer.	10.1038/s41419-022-04838-1	CellMarker 2.0: Stem-like cell [Stomach; Experiment]
csc/CSC	POU5F1	curated	34235925	Fadera S	2021	ACS Appl Mater Interfaces	Induction Therapy of Retinoic Acid with a Temozolomide-Loaded Gold Nanoparticle-Associated Ultrasound Effect on Glioblastoma Cancer Stem-Like Colonies.	10.1021/acsami.1c09634	CellMarker 2.0: Cancer stem cell [Brain; Experiment]
csc/CSC	NANOG	curated	34675409	Leon F	2022	Oncogene	Reduction in O-glycome induces differentially glycosylated CD44 to promote stemness and metastasis in pancreatic cancer.	10.1038/s41388-021-02047-2	CellMarker 2.0: Cancer stem cell [Undefined; Experiment]
csc/CSC	NANOG	curated	32496556	Wu SY	2020	J Exp Med	Nicotine promotes brain metastasis by polarizing microglia and suppressing innate immune function.	10.1084/jem.20191131	CellMarker 2.0: Cancer stem cell [Brain; Experiment]
csc/CSC	NANOG	curated	31879968	Carotenuto P	2020	Hepatology	Modulation of Biliary Cancer Chemo-Resistance Through MicroRNA-Mediated Rewiring of the Expansion of CD133+ Cells.	10.1002/hep.31094	CellMarker 2.0: Cancer stem cell [Biliary tract; Experiment]
csc/CSC	ABCG2	curated	35256781	Doolittle WKL	2022	Oncogene	Regulation of cancer stem cell activity by thyroid hormone receptor β.	10.1038/s41388-022-02242-9	CellMarker 2.0: Cancer stem cell [Thyroid; Experiment]
csc/CSC	ABCG2	curated	34675409	Leon F	2022	Oncogene	Reduction in O-glycome induces differentially glycosylated CD44 to promote stemness and metastasis in pancreatic cancer.	10.1038/s41388-021-02047-2	CellMarker 2.0: Cancer stem cell [Undefined; Experiment]
csc/CSC	ABCG2	curated	31372228	Kiratipaiboon C	2019	Environ Sci Nano	Acquisition of Cancer Stem Cell-like Properties in Human Small Airway Epithelial Cells after a Long-term Exposure to Carbon Nanomaterials.	10.1039/C9EN00183B	CellMarker 2.0: Cancer stem cell [Lung; Experiment]
csc/CSC	NES	curated	35459228	Liu J	2022	Nat Commun	ZNF117 regulates glioblastoma stem cell differentiation towards oligodendroglial lineage.	10.1038/s41467-022-29884-3	CellMarker 2.0: Cancer stem cell [Brain; Experiment]
csc/CSC	NES	curated	32783945	Gillen AE	2020	Cell Rep	Single-Cell RNA Sequencing of Childhood Ependymoma Reveals Neoplastic Cell Subpopulations That Impact Molecular Classification and Etiology.	10.1016/j.celrep.2020.108023	CellMarker 2.0: Cancer stem cell [Brain; Experiment]
csc/CSC	LIN28A	curated	24587669	Ong BA	2014	World J Gastroenterol	Intestinal stem cells and the colorectal cancer microenvironment.	10.3748/wjg.v20.i8.1898	CellMarker 2.0: Cancer stem cell [Undefined; Review]
csc/CSC	LIN28B	curated	24244607	Cheng SW	2013	PLoS One	Lin28B is an oncofetal circulating cancer stem cell-like marker associated with recurrence of hepatocellular carcinoma.	10.1371/journal.pone.0080053	CellMarker 2.0: Cancer stem cell [Undefined; Experiment]
csc/CSC	BMI1	curated	30635656	Zhou H	2019	Oncogene	B591, a novel specific pan-PI3K inhibitor, preferentially targets cancer stem cells.	10.1038/s41388-018-0674-5	CellMarker 2.0: Cancer stem cell [Breast; Experiment]
csc/CSC	BMI1	curated	31092822	Cheng YH	2019	Nat Commun	Hydro-Seq enables contamination-free high-throughput single-cell RNA-sequencing for circulating tumor cells.	10.1038/s41467-019-10122-2	CellMarker 2.0: Cancer stem cell [Breast; Experiment]
csc/CSC	BMI1	curated	31462708	Xu BS	2020	Oncogene	ALK(ATI) interacts with c-Myc and promotes cancer stem cell-like properties in sarcoma.	10.1038/s41388-019-0973-5	CellMarker 2.0: Cancer stem cell [Soft tissue; Experiment]
csc/CSC	CXCR4	curated	30448543	Xiao Y	2019	Cancer Lett	Androgen receptor (AR)/miR-520f-3p/SOX9 signaling is involved in altering hepatocellular carcinoma (HCC) cell sensitivity to the Sorafenib therapy under hypoxia via increasing cancer stem cells phenotype.	10.1016/j.canlet.2018.11.004	CellMarker 2.0: Cancer stem cell [Liver; Experiment]
csc/CSC	CXCR4	curated	29096246	Sun Y	2017	Transl Oncol	Isolation of Stem-Like Cancer Cells in Primary Endometrial Cancer Using Cell Surface Markers CD133 and CXCR4.	10.1016/j.tranon.2017.07.007	CellMarker 2.0: Cancer stem-like cell [Endometrium; Experiment]
csc/CSC	CXCR4	curated	28789425	Jeng KS	2017	Oncol Lett	Role of C-X-C chemokine ligand 12/C-X-C chemokine receptor 4 in the progression of hepatocellular carcinoma.	10.3892/ol.2017.6396	CellMarker 2.0: Cancer stem cell [Undefined; Experiment]
spillover/spillover_Tumor	EPCAM	curated	34974522	Huang WC	2022	Oncogene	Novel function of THEMIS2 in the enhancement of cancer stemness and chemoresistance by releasing PTP1B from MET.	10.1038/s41388-021-02136-2	CellMarker 2.0: Epithelial cell [Breast; Experiment]
spillover/spillover_Tumor	EPCAM	curated	35075805	Yuan B	2022	Clin Transl Med	Patient-derived organoids for personalized gallbladder cancer modelling and drug screening.	10.1002/ctm2.678	CellMarker 2.0: Epithelial cell [Gall bladder; Experiment]
spillover/spillover_Tumor	EPCAM	curated	35219893	Li H	2022	Cell Mol Gastroenterol Hepatol	Single-cell Transcriptomic Architecture Unraveling the Complexity of Tumor Heterogeneity in Distal Cholangiocarcinoma.	10.1016/j.jcmgh.2022.02.014	CellMarker 2.0: Epithelial cell [Liver; Experiment]
spillover/spillover_Tumor	PAX8	curated	35196078	Zhang K	2022	Sci Adv	Longitudinal single-cell RNA-seq analysis reveals stress-promoted chemoresistance in metastatic ovarian cancer.	10.1126/sciadv.abm1831	CellMarker 2.0: Cancer cell [Ovary; Experiment]
spillover/spillover_Tumor	PAX8	curated	34019793	Obradovic A	2021	Cell	Single-cell protein activity analysis identifies recurrence-associated renal tumor macrophages.	10.1016/j.cell.2021.04.038	CellMarker 2.0: Cancer cell [Kidney; Experiment]
spillover/spillover_Tumor	PAX8	curated	34238352	Olbrecht S	2021	Genome Med	High-grade serous tubo-ovarian cancer refined with single-cell RNA sequencing: specific cell subtypes influence survival and determine molecular subtype classification.	10.1186/s13073-021-00922-x	CellMarker 2.0: Cancer cell [Ovary; Experiment]
spillover/spillover_Tumor	WT1	curated	30093597	Young MD	2018	Science	Single-cell transcriptomes from human kidneys reveal the cellular identity of renal tumors.	10.1126/science.aat1699	CellMarker 2.0: Cancer cell [Kidney; Experiment]
spillover/spillover_Tumor	WT1	curated	28111004	Winterhoff BJ	2017	Gynecol Oncol	Single cell sequencing reveals heterogeneity within ovarian cancer epithelium and cancer associated stromal cells.	10.1016/j.ygyno.2017.01.015	CellMarker 2.0: Cancer cell [Ovary; Experiment]
spillover/spillover_Tumor	MUC16	curated	35368151	Wang C	2022	Adv Healthc Mater	High-Throughput, Living Single-Cell, Multiple Secreted Biomarker Profiling Using Microfluidic Chip and Machine Learning for Tumor Cell Classification.	10.1002/adhm.202102800	CellMarker 2.0: Cancer cell [Ovary; Experiment]
spillover/spillover_Tumor	MUC16	curated	35362262	Zhang C	2022	J Extracell Vesicles	Plasma extracellular vesicle derived protein profile predicting and monitoring immunotherapeutic outcomes of gastric cancer.	10.1002/jev2.12209	CellMarker 2.0: Cancer cell [Stomach; Experiment]
spillover/spillover_Tumor	MUC16	curated	33056994	Lei Y	2020	Cell Death Dis	ERO1L promotes IL6/sIL6R signaling and regulates MUC16 expression to promote CA125 secretion and the metastasis of lung cancer cells.	10.1038/s41419-020-03067-8	CellMarker 2.0: Cancer cell [Lung; Experiment]
spillover/spillover_Tumor	SOX17	curated	34775482	Zhao H	2021	Cell Death Dis	Single-cell RNA-seq highlights a specific carcinoembryonic cluster in ovarian cancer.	10.1038/s41419-021-04358-4	CellMarker 2.0: Epithelial cell [Ovary; Experiment]
spillover/spillover_Tumor	SOX17	primary_text	34238352	Olbrecht S	2021	Genome Med	High-grade serous tubo-ovarian cancer refined with single-cell RNA sequencing: specific cell subtypes influence survival and determine molecular subtype classification.	10.1186/s13073-021-00922-x	SOX17 , PAX8 , CRISP3 , THY1 , EPCAM , NR2F2 ) were enriched in our tumour subclusters Tum_MAGEC2, Tum_KRT17, Tum_KRT6A, Tum_GJAH5, Tum_TNNT2 and Tum_CRISP3, suggesting the fallopian tube to be the cell of origin for these subclusters of tumour cells.
spillover/spillover_Tumor	CLDN7	curated	32685004	Ye G	2020	Theranostics	Nuclear MYH9-induced CTNNB1 transcription, targeted by staurosporin, promotes gastric cancer cell anoikis resistance and metastasis.	10.7150/thno.46001	CellMarker 2.0: Epithelial cell [Stomach; Experiment]
spillover/spillover_Tumor	CDH1	curated	35241110	Liu SQ	2022	J Hematol Oncol	Single-cell and spatially resolved analysis uncovers cell heterogeneity of breast cancer.	10.1186/s13045-022-01236-0	CellMarker 2.0: Cancer cell [Breast; Experiment]
spillover/spillover_Tumor	CDH1	curated	35322584	Ge G	2022	Adv Sci (Weinh)	Single-Cell RNA-seq Reveals a Developmental Hierarchy Super-Imposed Over Subclonal Evolution in the Cellular Ecosystem of Prostate Cancer.	10.1002/advs.202105530	CellMarker 2.0: Epithelial cell [Prostate; Experiment]
spillover/spillover_Tumor	CDH1	curated	34976204	Li X	2022	Theranostics	Single-cell RNA sequencing reveals a pro-invasive cancer-associated fibroblast subgroup associated with poor clinical outcomes in patients with gastric cancer.	10.7150/thno.60540	CellMarker 2.0: Epithelial cell [Stomach; Experiment]
spillover/spillover_Tumor	MUC1	curated	35165277	Fan X	2022	Cell Discov	Integrated single-cell multiomics analysis reveals novel candidate markers for prognosis in human pancreatic ductal adenocarcinoma.	10.1038/s41421-021-00366-y	CellMarker 2.0: Epithelial cell [Pancreas; Experiment]
spillover/spillover_Tumor	MUC1	curated	34671013	Song JW	2021	Cell Death Dis	GOLPH3/CKAP4 promotes metastasis and tumorigenicity by enhancing the secretion of exosomal WNT3A in non-small-cell lung cancer.	10.1038/s41419-021-04265-8	CellMarker 2.0: Cancer cell [Lung; Experiment]
spillover/spillover_Tumor	MUC1	curated	33398161	Wang R	2021	Nat Med	Single-cell dissection of intratumoral heterogeneity and lineage diversity in metastatic gastric adenocarcinoma.	10.1038/s41591-020-1125-8	CellMarker 2.0: Epithelial cell [Stomach; Experiment]
spillover/spillover_Tumor	FOLR1	curated	2481353	Veggian R	1989	Tumori	Immunohistochemical reactivity of a monoclonal antibody prepared against human ovarian carcinoma on normal and pathological female genital tissues.	10.1177/030089168907500524	CellMarker 2.0: Epithelial cell [Ovary; Experiment]
spillover/spillover_Tumor	MSLN	literature_text	30570109	Schirrmacher V	2019	Int J Oncol	From chemotherapy to biological therapy: A review of novel concepts to reduce the side effects of systemic cancer treatment (Review).	10.3892/ijo.2018.4661	The most commonly explored antigens in human vaccine trials are the cancer testis antigens melanoma-associated antigen 3 and NY-ESO-1. iii) Other human TAAs are upregulated via epigenetic mechanisms, including carcinoembryonic antigen (CEA; gastrointestinal cancer), Wilms tumor-1 (Wilms tumor, leukemia and lymphoma), mesothelin (pancreatic cancer, ovarian cancer and mesothelioma) and Her2/Neu (bre
spillover/spillover_Tumor	MSLN	literature_text	23242161	Kloss CC	2013	Nat Biotechnol	Combinatorial antigen recognition with balanced signaling promotes selective tumor eradication by engineered T cells.	10.1038/nbt.2459	Likewise, one may selectively target ovarian cancer through a combination of mesothelin, folate receptor-α, CD44, and/or CD133. , When determining candidate sets of antigens for targeting a particular tumor type, an antigen should be selected based on higher cell expression in cancerous tissue, but not normal tissue or lymphocytes.
spillover/spillover_Tumor	BCAM	curated	31265136	Shu X	2020	Int J Cancer	Evaluation of associations between genetically predicted circulating protein biomarkers and breast cancer risk.	10.1002/ijc.32542	CellMarker 2.0: Cancer cell [Breast; Experiment]
spillover/spillover_Tumor	BCAM	curated	31359002	Yost KE	2019	Nat Med	Clonal replacement of tumor-specific T cells following PD-1 blockade.	10.1038/s41591-019-0522-3	CellMarker 2.0: Cancer cell [Undefined; Experiment]
spillover/spillover_Fibroblast	PDGFRA	curated	35003899	Zheng S	2022	Oncoimmunology	Landscape of cancer-associated fibroblasts identifies the secreted biglycan as a protumor and immunosuppressive factor in triple-negative breast cancer.	10.1080/2162402X.2021.2020984	CellMarker 2.0: Cancer-associated fibroblast [Breast; Experiment]
spillover/spillover_Fibroblast	PDGFRA	curated	35258704	Kogan PS	2022	Basic Res Cardiol	Uncovering the molecular identity of cardiosphere-derived cells (CDCs) by single-cell RNA sequencing.	10.1007/s00395-022-00913-y	CellMarker 2.0: Fibroblast [Heart; Experiment]
spillover/spillover_Fibroblast	PDGFRA	curated	35087207	Kim J	2022	NPJ Precis Oncol	Single-cell analysis of gastric pre-cancerous and cancer lesions reveals cell lineage diversity and intratumoral heterogeneity.	10.1038/s41698-022-00251-1	CellMarker 2.0: Fibroblast [Stomach; Experiment]
spillover/spillover_Fibroblast	FAP	curated	35003899	Zheng S	2022	Oncoimmunology	Landscape of cancer-associated fibroblasts identifies the secreted biglycan as a protumor and immunosuppressive factor in triple-negative breast cancer.	10.1080/2162402X.2021.2020984	CellMarker 2.0: Cancer-associated fibroblast [Breast; Experiment]
spillover/spillover_Fibroblast	FAP	curated	35013299	Theocharidis G	2022	Nat Commun	Single cell transcriptomic landscape of diabetic foot ulcers.	10.1038/s41467-021-27801-8	CellMarker 2.0: Pan-fibroblast [Skin; Experiment]
spillover/spillover_Fibroblast	FAP	curated	34921143	Kürten CHL	2021	Nat Commun	Investigating immune and non-immune cell interactions in head and neck tumors by single-cell RNA sequencing.	10.1038/s41467-021-27619-4	CellMarker 2.0: Fibroblast [Blood; Experiment]
spillover/spillover_Fibroblast	THY1	curated	35003899	Zheng S	2022	Oncoimmunology	Landscape of cancer-associated fibroblasts identifies the secreted biglycan as a protumor and immunosuppressive factor in triple-negative breast cancer.	10.1080/2162402X.2021.2020984	CellMarker 2.0: Cancer-associated fibroblast [Breast; Experiment]
spillover/spillover_Fibroblast	THY1	curated	35258704	Kogan PS	2022	Basic Res Cardiol	Uncovering the molecular identity of cardiosphere-derived cells (CDCs) by single-cell RNA sequencing.	10.1007/s00395-022-00913-y	CellMarker 2.0: Fibroblast [Heart; Experiment]
spillover/spillover_Fibroblast	THY1	curated	35165277	Fan X	2022	Cell Discov	Integrated single-cell multiomics analysis reveals novel candidate markers for prognosis in human pancreatic ductal adenocarcinoma.	10.1038/s41421-021-00366-y	CellMarker 2.0: Fibroblast [Pancreas; Experiment]
spillover/spillover_Fibroblast	COL11A1	curated	33413690	Brosseau JP	2021	Acta Neuropathol Commun	Human cutaneous neurofibroma matrisome revealed by single-cell RNA sequencing.	10.1186/s40478-020-01103-4	CellMarker 2.0: Cancer-associated fibroblast [Skin; Experiment]
spillover/spillover_Fibroblast	COL11A1	curated	30179601	Korosec A	2019	J Invest Dermatol	Lineage Identity and Location within the Dermis Determine the Function of Papillary and Reticular Fibroblasts in Human Skin.	10.1016/j.jid.2018.07.033	CellMarker 2.0: Reticular fibroblast [Skin; Experiment]
spillover/spillover_Fibroblast	COL11A1	curated	31610266	Zhang Y	2020	Cancer Lett	Single-cell transcriptome analysis reveals tumor immune microenvironment heterogenicity and granulocytes enrichment in colorectal cancer liver metastases.	10.1016/j.canlet.2019.10.016	CellMarker 2.0: Fibroblast [Spleen; Experiment]
spillover/spillover_Fibroblast	COL5A1	curated	30026257	Ji Q	2019	Ann Rheum Dis	Single-cell RNA-seq analysis reveals the progression of human osteoarthritis.	10.1136/annrheumdis-2017-212863	CellMarker 2.0: Fibroblast [Articular Cartilage; Experiment]
spillover/spillover_Fibroblast	COL5A2	literature_text	33950524	Pal B	2021	EMBO J	A single-cell RNA expression atlas of normal, preneoplastic and tumorigenic states in the human breast.	10.15252/embj.2020107333	Moreover, close inspection of the fibroblast population (cluster 1) indicated that a lower proportion of cells expressed key marker genes such as PDGFRA, PDGFRB, CD34, and the matrix‐associated genes POSTN and COL3A1 (also SPARC, COL5A2, COL14A1 ) in post‐menopausal tissue (Fig ).
spillover/spillover_Fibroblast	COL5A2	literature_text	37463917	Cords L	2023	Nat Commun	Cancer-associated fibroblast classification in single-cell and spatial proteomics data.	10.1038/s41467-023-39762-1	The resulting group of CAFs ( n = 4525 cells) expressed MMP11 and other matrix metalloproteinase-encoding mRNAs, and collagen-encoding mRNAs ( COL10A1, COL11A1, COL8A1, COL1A2, COL12A1, COL3A1 , COL8A1 and COL5A2 ).
spillover/spillover_Fibroblast	POSTN	curated	34971568	Dong L	2022	Cancer Cell	Proteogenomic characterization identifies clinically relevant subgroups of intrahepatic cholangiocarcinoma.	10.1016/j.ccell.2021.12.006	CellMarker 2.0: Fibroblast [Liver; Experiment]
spillover/spillover_Fibroblast	POSTN	curated	35304249	Riedl JA	2022	J Invest Dermatol	Interrogation of RDEB Epidermal Allografts after BMT Reveals Coexpression of Collagen VII and Keratin 15 with Proinflammatory Immune Cells and Fibroblasts.	10.1016/j.jid.2022.01.034	CellMarker 2.0: Myofibroblast [Epidermis; Experiment]
spillover/spillover_Fibroblast	POSTN	curated	35119359	Chan M	2022	Elife	Novel insights from a multiomics dissection of the Hayflick limit.	10.7554/eLife.70283	CellMarker 2.0: Idiopathic pulmonary fibrosis myofibroblast [Undefined; Experiment]
spillover/spillover_Fibroblast	CTHRC1	curated	35119359	Chan M	2022	Elife	Novel insights from a multiomics dissection of the Hayflick limit.	10.7554/eLife.70283	CellMarker 2.0: Idiopathic pulmonary fibrosis myofibroblast [Undefined; Experiment]
spillover/spillover_Fibroblast	SFRP4	curated	33662621	Wang X	2021	Genomics Proteomics Bioinformatics	Direct Comparative Analyses of 10X Genomics Chromium and Smart-seq2.	10.1016/j.gpb.2020.02.005	CellMarker 2.0: Cancer-associated fibroblast [Liver; Experiment]
spillover/spillover_Fibroblast	SFRP4	curated	34282151	Tabib T	2021	Nat Commun	Myofibroblast transcriptome indicates SFRP2(hi) fibroblast progenitors in systemic sclerosis skin.	10.1038/s41467-021-24607-6	CellMarker 2.0: Myofibroblast [Skin; Experiment]
spillover/spillover_Fibroblast	MMP11	curated	33406409	Fawkner-Corbett D	2021	Cell	Spatiotemporal analysis of human intestinal development at single-cell resolution.	10.1016/j.cell.2020.12.016	CellMarker 2.0: Fibroblast [Epithelium; Experiment]
spillover/spillover_Fibroblast	MMP11	curated	33819739	Chen K	2021	EBioMedicine	Single-cell RNA-seq reveals dynamic change in tumor microenvironment during pancreatic ductal adenocarcinoma malignant progression.	10.1016/j.ebiom.2021.103315	CellMarker 2.0: Classical cancer associated fibroblast [Pancreas; Experiment]
spillover/spillover_Fibroblast	MMP11	curated	34965952	Kester L	2022	Clin Cancer Res	Differential Survival and Therapy Benefit of Patients with Breast Cancer Are Characterized by Distinct Epithelial and Immune Cell Microenvironments.	10.1158/1078-0432.CCR-21-1442	CellMarker 2.0: Fibroblast [Muscle; Review]
spillover/spillover_Fibroblast	AEBP1	literature_text	31667643	Unterleuthner D	2020	Angiogenesis	Cancer-associated fibroblast-derived WNT2 increases tumor angiogenesis in colon cancer.	10.1007/s10456-019-09688-8	Most interestingly, of these stromal marker proteins FSTL1, SPON2, LTBP2, AEBP1, and IGFBP7 were significantly downregulated in CAF secretomes when WNT2 was silenced by genetic interference, indicating a role for WNT2 in maintenance of CAF marker expression.
spillover/spillover_Fibroblast	LTBP2	curated	33874740	Kalyanasundaram A	2021	Circulation	Fibroblast-Specific Proteotranscriptomes Reveal Distinct Fibrotic Signatures of Human Sinoatrial Node in Nonfailing and Failing Hearts.	10.1161/CIRCULATIONAHA.120.051583	CellMarker 2.0: Fibroblast [Heart; Experiment]
spillover/spillover_Fibroblast	THBS2	literature_text	34642171	Kumar V	2022	Cancer Discov	Single-Cell Atlas of Lineage States, Tumor Microenvironment, and Subtype-Specific Expression Programs in Gastric Cancer.	10.1158/2159-8290.CD-21-0683	H, Bubble plot depicting sublineage-specific expression of CAF marker genes FAP , CSPG4 , PDGFA , ASPN , S100A4 , COL8A1 , THBS2 , and CTHRC1 in fibroblast clusters.
spillover/spillover_Fibroblast	CDH11	literature_text	29476097	Mizoguchi F	2018	Nat Commun	Functionally distinct disease-associated fibroblast subsets in rheumatoid arthritis.	10.1038/s41467-018-02892-y	CD34 – and CD34 + fibroblasts could further be divided into four and three populations, respectively, based on THY1 and CDH11 expression.
spillover/spillover_Endothelial	PECAM1	curated	35168605	You M	2022	Cardiovasc Diabetol	Asprosin induces vascular endothelial-to-mesenchymal transition in diabetic lower extremity peripheral artery disease.	10.1186/s12933-022-01457-0	CellMarker 2.0: Endothelial cell [Blood vessel; Experiment]
spillover/spillover_Endothelial	PECAM1	curated	35422106	Dayao MT	2022	Nat Commun	Membrane marker selection for segmenting single cell spatial proteomics data.	10.1038/s41467-022-29667-w	CellMarker 2.0: Endothelial cell [Blood vessel; Experiment]
spillover/spillover_Endothelial	PECAM1	curated	35217608	Governa V	2022	Proc Natl Acad Sci U S A	Landscape of surfaceome and endocytome in human glioma is divergent and depends on cellular spatial organization.	10.1073/pnas.2114456119	CellMarker 2.0: Endothelial cell [Brain; Experiment]
spillover/spillover_Endothelial	CDH5	curated	35418685	Calvanese V	2022	Nature	Mapping human haematopoietic stem cells from haemogenic endothelium to birth.	10.1038/s41586-022-04571-x	CellMarker 2.0: Endothelial cell [Embryo; Experiment]
spillover/spillover_Endothelial	CDH5	curated	35212715	McCracken IR	2022	Cardiovasc Res	Mapping the developing human cardiac endothelium at single-cell resolution identifies MECOM as a regulator of arteriovenous gene expression.	10.1093/cvr/cvac023	CellMarker 2.0: Endothelial cell [Endocardium; Experiment]
spillover/spillover_Endothelial	CDH5	curated	35258704	Kogan PS	2022	Basic Res Cardiol	Uncovering the molecular identity of cardiosphere-derived cells (CDCs) by single-cell RNA sequencing.	10.1007/s00395-022-00913-y	CellMarker 2.0: Endothelial cell [Heart; Experiment]
spillover/spillover_Endothelial	CLDN5	curated	35108060	Wang G	2022	Sci Transl Med	Lung cancer scRNA-seq and lipidomics reveal aberrant lipid metabolism for early-stage diagnosis.	10.1126/scitranslmed.abk2756	CellMarker 2.0: Endothelial cell [Lung; Experiment]
spillover/spillover_Endothelial	CLDN5	curated	34921160	Dinh HQ	2021	Nat Commun	Integrated single-cell transcriptome analysis reveals heterogeneity of esophageal squamous cell carcinoma microenvironment.	10.1038/s41467-021-27599-5	CellMarker 2.0: Endothelial cell [Blood; Experiment]
spillover/spillover_Endothelial	CLDN5	curated	33432193	Leng K	2021	Nat Neurosci	Molecular characterization of selectively vulnerable neurons in Alzheimer's disease.	10.1038/s41593-020-00764-7	CellMarker 2.0: Endothelial cell [Superior frontal gyrus; Experiment]
spillover/spillover_Endothelial	KDR	curated	35087207	Kim J	2022	NPJ Precis Oncol	Single-cell analysis of gastric pre-cancerous and cancer lesions reveals cell lineage diversity and intratumoral heterogeneity.	10.1038/s41698-022-00251-1	CellMarker 2.0: Endothelial cell [Stomach; Experiment]
spillover/spillover_Endothelial	KDR	curated	34636652	Sáinz-Jaspeado M	2021	Circulation	Palmdelphin Regulates Nuclear Resilience to Mechanical Stress in the Endothelium.	10.1161/CIRCULATIONAHA.121.054182	CellMarker 2.0: Endothelial cell [Aortic valve; Experiment]
spillover/spillover_Endothelial	KDR	curated	34079548	Zhu Z	2021	Front Immunol	The Role of Inflammation and Immune Activation on Circulating Endothelial Progenitor Cells in Chronic HIV Infection.	10.3389/fimmu.2021.663412	CellMarker 2.0: Endothelial cell [Peripheral blood; Experiment]
spillover/spillover_Endothelial	PLVAP	curated	35121646	Peng YL	2022	J Immunother Cancer	Single-cell transcriptomics reveals a low CD8(+) T cell infiltrating state mediated by fibroblasts in recurrent renal cell carcinoma.	10.1136/jitc-2021-004206	CellMarker 2.0: Vascular endothelial cell [Kidney; Experiment]
spillover/spillover_Endothelial	PLVAP	curated	35087207	Kim J	2022	NPJ Precis Oncol	Single-cell analysis of gastric pre-cancerous and cancer lesions reveals cell lineage diversity and intratumoral heterogeneity.	10.1038/s41698-022-00251-1	CellMarker 2.0: Endothelial cell [Stomach; Experiment]
spillover/spillover_Endothelial	PLVAP	curated	33406409	Fawkner-Corbett D	2021	Cell	Spatiotemporal analysis of human intestinal development at single-cell resolution.	10.1016/j.cell.2020.12.016	CellMarker 2.0: Endothelial cell [Epithelium; Experiment]
spillover/spillover_Endothelial	ENG	curated	35322584	Ge G	2022	Adv Sci (Weinh)	Single-Cell RNA-seq Reveals a Developmental Hierarchy Super-Imposed Over Subclonal Evolution in the Cellular Ecosystem of Prostate Cancer.	10.1002/advs.202105530	CellMarker 2.0: Endothelial cell [Prostate; Experiment]
spillover/spillover_Endothelial	ENG	curated	34489433	Zhang X	2021	Nat Commun	Dissecting esophageal squamous-cell carcinoma ecosystem by single-cell transcriptomic analysis.	10.1038/s41467-021-25539-x	CellMarker 2.0: Endothelial cell [Esophagus; Experiment]
spillover/spillover_Endothelial	ENG	curated	34400611	Gan Y	2021	Bone Res	Spatially defined single-cell transcriptional profiling characterizes diverse chondrocyte subtypes and nucleus pulposus progenitors in human intervertebral discs.	10.1038/s41413-021-00163-z	CellMarker 2.0: Endothelial cell [Intervertebral disc; Experiment]
spillover/spillover_Endothelial	TEK	curated	34493726	Bedoya-Reina OC	2021	Nat Commun	Single-nuclei transcriptomes from human adrenal gland reveal distinct cellular identities of low and high-risk neuroblastoma tumors.	10.1038/s41467-021-24870-7	CellMarker 2.0: Endothelial cell [Adrenal gland; Experiment]
spillover/spillover_Endothelial	TEK	curated	32107344	Menon R	2020	JCI Insight	Single cell transcriptomics identifies focal segmental glomerulosclerosis remission endothelial biomarker.	10.1172/jci.insight.133267	CellMarker 2.0: Endothelial cell [Kidney; Experiment]
spillover/spillover_Endothelial	TEK	curated	32405060	Slyper M	2020	Nat Med	A single-cell and single-nucleus RNA-Seq toolbox for fresh and frozen human tumors.	10.1038/s41591-020-0844-1	CellMarker 2.0: Endothelial cell [Lung; Experiment]
spillover/spillover_Endothelial	ERG	curated	34459315	Wiseman JA	2023	Neuroscientist	Cell Type-Specific Nuclei Markers: The Need for Human Brain Research to Go Nuclear.	10.1177/10738584211037351	CellMarker 2.0: Endothelial cell [Brain; Experiment]
spillover/spillover_Endothelial	ERG	curated	34030460	Schupp JC	2021	Circulation	Integrated Single-Cell Atlas of Endothelial Cells of the Human Lung.	10.1161/CIRCULATIONAHA.120.052318	CellMarker 2.0: Endothelial cell [Lung; Experiment]
spillover/spillover_Endothelial	ERG	curated	32961131	Parker KR	2020	Cell	Single-Cell Analyses Identify Brain Mural Cells Expressing CD19 as Potential Off-Tumor Targets for CAR-T Immunotherapies.	10.1016/j.cell.2020.08.022	CellMarker 2.0: Endothelial cell [Brain; Experiment]
spillover/spillover_Endothelial	SOX18	curated	34493726	Bedoya-Reina OC	2021	Nat Commun	Single-nuclei transcriptomes from human adrenal gland reveal distinct cellular identities of low and high-risk neuroblastoma tumors.	10.1038/s41467-021-24870-7	CellMarker 2.0: Endothelial cell [Adrenal gland; Experiment]
spillover/spillover_Endothelial	SOX18	curated	34965952	Kester L	2022	Clin Cancer Res	Differential Survival and Therapy Benefit of Patients with Breast Cancer Are Characterized by Distinct Epithelial and Immune Cell Microenvironments.	10.1158/1078-0432.CCR-21-1442	CellMarker 2.0: Endothelial cell [Muscle; Review]
spillover/spillover_Endothelial	CD34	curated	35075805	Yuan B	2022	Clin Transl Med	Patient-derived organoids for personalized gallbladder cancer modelling and drug screening.	10.1002/ctm2.678	CellMarker 2.0: Endothelial cell [Gall bladder; Experiment]
spillover/spillover_Endothelial	CD34	curated	35080810	Ao T	2022	Int J Cancer	Cancer-associated fibroblasts at the unfavorable desmoplastic stroma promote colorectal cancer aggressiveness: Potential role of ADAM9.	10.1002/ijc.33947	CellMarker 2.0: Endothelial cell [Large intestine; Experiment]
spillover/spillover_Endothelial	CD34	curated	35320046	Layton TB	2022	Proc Natl Acad Sci U S A	A vasculature niche orchestrates stromal cell phenotype through PDGF signaling: Importance in human fibrotic disease.	10.1073/pnas.2120336119	CellMarker 2.0: Endothelial cell [Blood vessel; Experiment]
TNK.level1/CD8_T	CD8A	curated	34975879	Cosma G	2021	Front Immunol	Prostate Cancer: Early Detection and Assessing Clinical Risk Using Deep Machine Learning of High Dimensional Peripheral Blood Flow Cytometric Phenotyping Data.	10.3389/fimmu.2021.786828	CellMarker 2.0: Effector memory CD8+ T cell [Blood; Experiment]
TNK.level1/CD8_T	CD8A	curated	35013369	Tian J	2022	NPJ Parkinsons Dis	Specific immune status in Parkinson's disease at different ages of onset.	10.1038/s41531-021-00271-x	CellMarker 2.0: Naive CD8+ T cell [Blood; Experiment]
TNK.level1/CD8_T	CD8A	curated	35027754	Lozano AX	2022	Nat Med	T cell characteristics associated with toxicity to immune checkpoint blockade in patients with melanoma.	10.1038/s41591-021-01623-z	CellMarker 2.0: CD8+ T cell [Blood; Experiment]
TNK.level1/CD8_T	CD8B	curated	35027754	Lozano AX	2022	Nat Med	T cell characteristics associated with toxicity to immune checkpoint blockade in patients with melanoma.	10.1038/s41591-021-01623-z	CellMarker 2.0: CD8+ T cell [Blood; Experiment]
TNK.level1/CD8_T	CD8B	curated	35046942	Li X	2021	Front Immunol	Single-Cell Analysis Reveals the Immune Characteristics of Myeloid Cells and Memory T Cells in Recovered COVID-19 Patients With Different Severities.	10.3389/fimmu.2021.781432	CellMarker 2.0: CD8+ T cell [Peripheral blood; Experiment]
TNK.level1/CD8_T	CD8B	curated	33841428	Chen Z	2021	Front Immunol	PNOC Expressed by B Cells in Cholangiocarcinoma Was Survival Related and LAIR2 Could Be a T Cell Exhaustion Biomarker in Tumor Microenvironment: Characterization of Immune Microenvironment Combining Single-Cell and Bulk Sequencing Technology.	10.3389/fimmu.2021.647209	CellMarker 2.0: CD8+ T cell [Bile duct; Experiment]
TNK.level1/CD4_T	CD4	curated	34975879	Cosma G	2021	Front Immunol	Prostate Cancer: Early Detection and Assessing Clinical Risk Using Deep Machine Learning of High Dimensional Peripheral Blood Flow Cytometric Phenotyping Data.	10.3389/fimmu.2021.786828	CellMarker 2.0: CD4+ Terminally Differentiated Effector Memory Cell [Blood; Experiment]
TNK.level1/CD4_T	CD4	curated	35027754	Lozano AX	2022	Nat Med	T cell characteristics associated with toxicity to immune checkpoint blockade in patients with melanoma.	10.1038/s41591-021-01623-z	CellMarker 2.0: Naive CD4+ T cell [Blood; Experiment]
TNK.level1/CD4_T	CD4	curated	35040949	Kobayashi S	2022	Rheumatology (Oxford)	Dysregulation of the gene signature of effector regulatory T cells in the early phase of systemic sclerosis.	10.1093/rheumatology/keac031	CellMarker 2.0: Effector regulatory T(eTreg) cell [Peripheral blood; Experiment]
TNK.level1/CD4_T	CD40LG	curated	33841428	Chen Z	2021	Front Immunol	PNOC Expressed by B Cells in Cholangiocarcinoma Was Survival Related and LAIR2 Could Be a T Cell Exhaustion Biomarker in Tumor Microenvironment: Characterization of Immune Microenvironment Combining Single-Cell and Bulk Sequencing Technology.	10.3389/fimmu.2021.647209	CellMarker 2.0: CD40LG+ T helper cell [Bile duct; Experiment]
TNK.level1/CD4_T	CD40LG	curated	34950144	Lyu M	2021	Front Immunol	Dissecting the Landscape of Activated CMV-Stimulated CD4+ T Cells in Humans by Linking Single-Cell RNA-Seq With T-Cell Receptor Sequencing.	10.3389/fimmu.2021.779961	CellMarker 2.0: CD4+ T cell [Peripheral blood; Experiment]
TNK.level1/CD4_T	CD40LG	curated	33657410	Ren X	2021	Cell	COVID-19 immune features revealed by a large-scale single-cell transcriptome atlas.	10.1016/j.cell.2021.01.053	CellMarker 2.0: CD4 T cell [Lung; Experiment]
TNK.level1/CD4_T	FOXP3	curated	35338085	Xu Y	2022	J Immunother Cancer	Immunosuppressive tumor-associated macrophages expressing interlukin-10 conferred poor prognosis and therapeutic vulnerability in patients with muscle-invasive bladder cancer.	10.1136/jitc-2021-003416	CellMarker 2.0: Regulatory T(Treg) cell [Bladder; Experiment]
TNK.level1/CD4_T	FOXP3	curated	35172892	Ma Y	2022	Genome Med	Integrating single-cell sequencing data with GWAS summary statistics reveals CD16+monocytes and memory CD8+T cells involved in severe COVID-19.	10.1186/s13073-022-01021-1	CellMarker 2.0: Regulatory CD4+ T cell [Peripheral blood; Experiment]
TNK.level1/CD4_T	FOXP3	curated	35213211	Schmiedel BJ	2022	Sci Immunol	Single-cell eQTL analysis of activated T cell subsets reveals activation and cell type-dependent effects of disease-risk variants.	10.1126/sciimmunol.abm2508	CellMarker 2.0: Regulatory T(Treg) cell [Blood; Experiment]
TNK.level1/CD4_T	IL2RA	curated	35027754	Lozano AX	2022	Nat Med	T cell characteristics associated with toxicity to immune checkpoint blockade in patients with melanoma.	10.1038/s41591-021-01623-z	CellMarker 2.0: Memory CD4+ T cell [Blood; Experiment]
TNK.level1/CD4_T	IL2RA	curated	35040949	Kobayashi S	2022	Rheumatology (Oxford)	Dysregulation of the gene signature of effector regulatory T cells in the early phase of systemic sclerosis.	10.1093/rheumatology/keac031	CellMarker 2.0: Effector regulatory T(eTreg) cell [Peripheral blood; Experiment]
TNK.level1/CD4_T	IL2RA	curated	35185925	Yiu G	2022	Front Immunol	High Interferon Signature Leads to Increased STAT1/3/5 Phosphorylation in PBMCs From SLE Patients by Single Cell Mass Cytometry.	10.3389/fimmu.2022.833636	CellMarker 2.0: Regulatory T(Treg) cell [Blood; Experiment]
TNK.level1/CD4_T	CXCR5	curated	35185925	Yiu G	2022	Front Immunol	High Interferon Signature Leads to Increased STAT1/3/5 Phosphorylation in PBMCs From SLE Patients by Single Cell Mass Cytometry.	10.3389/fimmu.2022.833636	CellMarker 2.0: T follicular helper(Tfh) cell [Blood; Experiment]
TNK.level1/CD4_T	CXCR5	curated	35213211	Schmiedel BJ	2022	Sci Immunol	Single-cell eQTL analysis of activated T cell subsets reveals activation and cell type-dependent effects of disease-risk variants.	10.1126/sciimmunol.abm2508	CellMarker 2.0: T follicular helper(Tfh) cell [Blood; Experiment]
TNK.level1/CD4_T	CXCR5	curated	35192548	Masuda K	2022	JCI Insight	Multiplexed single-cell analysis reveals prognostic and nonprognostic T cell types in human colorectal cancer.	10.1172/jci.insight.154646	CellMarker 2.0: Follicular regulatory T(Tfr) cell [Intestine; Experiment]
TNK.level1/CD4_T	ICOS	curated	35192548	Masuda K	2022	JCI Insight	Multiplexed single-cell analysis reveals prognostic and nonprognostic T cell types in human colorectal cancer.	10.1172/jci.insight.154646	CellMarker 2.0: Regulatory T(Treg) cell [Intestine; Experiment]
TNK.level1/CD4_T	ICOS	curated	35361683	Zhang C	2023	Gut	Single-cell RNA sequencing reveals intrahepatic and peripheral immune characteristics related to disease phases in HBV-infected patients.	10.1136/gutjnl-2021-325915	CellMarker 2.0: T follicular helper(Tfh) cell [Liver; Experiment]
TNK.level1/CD4_T	ICOS	curated	33976194	Mijnheer G	2021	Nat Commun	Conserved human effector Treg cell transcriptomic and epigenetic signature in arthritic joint inflammation.	10.1038/s41467-021-22975-7	CellMarker 2.0: Regulatory T(Treg) cell [Blood; Experiment]
TNK.level1/NK	KLRD1	curated	35111153	Kong F	2021	Front Immunol	Single-Cell Transcriptome Analysis of Chronic Antibody-Mediated Rejection After Renal Transplantation.	10.3389/fimmu.2021.767618	CellMarker 2.0: Natural killer cell [Peripheral blood; Experiment]
TNK.level1/NK	KLRD1	curated	35173710	Angelo LS	2021	Front Immunol	Phenotypic and Functional Plasticity of CXCR6(+) Peripheral Blood NK Cells.	10.3389/fimmu.2021.810080	CellMarker 2.0: Natural killer cell [Peripheral blood; Experiment]
TNK.level1/NK	KLRD1	curated	35422041	Hasanaj E	2022	Nat Commun	Interactive single-cell data analysis using Cellar.	10.1038/s41467-022-29744-0	CellMarker 2.0: Natural killer cell [Peripheral blood; Experiment]
TNK.level1/NK	KLRF1	curated	35069521	Zheng M	2021	Front Immunol	Prognostic Landscape of Tumor-Infiltrating T and B Cells in Human Cancer.	10.3389/fimmu.2021.731329	CellMarker 2.0: Natural killer cell [Peripheral blood; Experiment]
TNK.level1/NK	KLRF1	curated	35095917	Xu G	2021	Front Immunol	The Transient IFN Response and the Delay of Adaptive Immunity Feature the Severity of COVID-19.	10.3389/fimmu.2021.816745	CellMarker 2.0: Natural killer cell [Peripheral blood; Experiment]
TNK.level1/NK	KLRF1	curated	35250975	Yang J	2022	Front Immunol	Increased Expression of Tim-3 Is Associated With Depletion of NKT Cells In SARS-CoV-2 Infection.	10.3389/fimmu.2022.796682	CellMarker 2.0: Natural killer cell [Peripheral blood; Experiment]
TNK.level1/NK	NCR1	curated	35019940	Evren E	2022	J Exp Med	CD116+ fetal precursors migrate to the perinatal lung and give rise to human alveolar macrophages.	10.1084/jem.20210987	CellMarker 2.0: Natural killer cell [Fetal liver; Experiment]
TNK.level1/NK	NCR1	curated	33986022	Kerbauy LN	2021	Clin Cancer Res	Combining AFM13, a Bispecific CD30/CD16 Antibody, with Cytokine-Activated Blood and Cord Blood-Derived NK Cells Facilitates CAR-like Responses Against CD30(+) Malignancies.	10.1158/1078-0432.CCR-21-0164	CellMarker 2.0: Natural killer cell [Blood; Experiment]
TNK.level1/NK	NCR1	curated	34899693	Sen K	2021	Front Immunol	Single-Cell Immunogenomic Approach Identified SARS-CoV-2 Protective Immune Signatures in Asymptomatic Direct Contacts of COVID-19 Cases.	10.3389/fimmu.2021.733539	CellMarker 2.0: Natural killer cell [Blood; Experiment]
TNK.level1/NK	NCAM1	curated	35338085	Xu Y	2022	J Immunother Cancer	Immunosuppressive tumor-associated macrophages expressing interlukin-10 conferred poor prognosis and therapeutic vulnerability in patients with muscle-invasive bladder cancer.	10.1136/jitc-2021-003416	CellMarker 2.0: Natural killer cell [Bladder; Experiment]
TNK.level1/NK	NCAM1	curated	34975879	Cosma G	2021	Front Immunol	Prostate Cancer: Early Detection and Assessing Clinical Risk Using Deep Machine Learning of High Dimensional Peripheral Blood Flow Cytometric Phenotyping Data.	10.3389/fimmu.2021.786828	CellMarker 2.0: Natural killer cell [Blood; Experiment]
TNK.level1/NK	NCAM1	curated	35013369	Tian J	2022	NPJ Parkinsons Dis	Specific immune status in Parkinson's disease at different ages of onset.	10.1038/s41531-021-00271-x	CellMarker 2.0: Natural killer T(NKT) cell [Blood; Experiment]
TNK.level1/NK	FCGR3A	curated	35061012	Cai Y	2022	J Exp Med	Single-cell immune profiling reveals functional diversity of T cells in tuberculous pleural effusion.	10.1084/jem.20211777	CellMarker 2.0: Natural killer cell [Blood; Experiment]
TNK.level1/NK	FCGR3A	curated	35069521	Zheng M	2021	Front Immunol	Prognostic Landscape of Tumor-Infiltrating T and B Cells in Human Cancer.	10.3389/fimmu.2021.731329	CellMarker 2.0: Natural killer cell [Peripheral blood; Experiment]
TNK.level1/NK	FCGR3A	curated	35111153	Kong F	2021	Front Immunol	Single-Cell Transcriptome Analysis of Chronic Antibody-Mediated Rejection After Renal Transplantation.	10.3389/fimmu.2021.767618	CellMarker 2.0: Natural killer cell [Peripheral blood; Experiment]
TNK.level1/NK	KLRC1	curated	35111153	Kong F	2021	Front Immunol	Single-Cell Transcriptome Analysis of Chronic Antibody-Mediated Rejection After Renal Transplantation.	10.3389/fimmu.2021.767618	CellMarker 2.0: Natural killer cell [Peripheral blood; Experiment]
TNK.level1/NK	KLRC1	curated	35322584	Ge G	2022	Adv Sci (Weinh)	Single-Cell RNA-seq Reveals a Developmental Hierarchy Super-Imposed Over Subclonal Evolution in the Cellular Ecosystem of Prostate Cancer.	10.1002/advs.202105530	CellMarker 2.0: Natural killer cell [Prostate; Experiment]
TNK.level1/NK	KLRC1	curated	34003794	Zaghi E	2021	JCI Insight	Single-cell profiling identifies impaired adaptive NK cells expanded after HCMV reactivation in haploidentical HSCT.	10.1172/jci.insight.146973	CellMarker 2.0: Natural killer cell [Blood; Experiment]
TNK.level1/NK	KLRK1	curated	35173710	Angelo LS	2021	Front Immunol	Phenotypic and Functional Plasticity of CXCR6(+) Peripheral Blood NK Cells.	10.3389/fimmu.2021.810080	CellMarker 2.0: Natural killer cell [Peripheral blood; Experiment]
TNK.level1/NK	KLRK1	curated	35322584	Ge G	2022	Adv Sci (Weinh)	Single-Cell RNA-seq Reveals a Developmental Hierarchy Super-Imposed Over Subclonal Evolution in the Cellular Ecosystem of Prostate Cancer.	10.1002/advs.202105530	CellMarker 2.0: Natural killer cell [Prostate; Experiment]
TNK.level1/NK	KLRK1	curated	35314434	Patin EC	2022	J Immunother Cancer	Harnessing radiotherapy-induced NK-cell activity by combining DNA damage-response inhibition and immune checkpoint blockade.	10.1136/jitc-2021-004306	CellMarker 2.0: Natural killer cell [Undefined; Experiment]
TNK.level1/NK	XCL2	curated	35061012	Cai Y	2022	J Exp Med	Single-cell immune profiling reveals functional diversity of T cells in tuberculous pleural effusion.	10.1084/jem.20211777	CellMarker 2.0: Natural killer cell [Blood; Experiment]
TNK.level1/NK	XCL2	curated	34168655	Chen P	2021	Front Immunol	The Immune Atlas of Human Deciduas With Unexplained Recurrent Pregnancy Loss.	10.3389/fimmu.2021.689019	CellMarker 2.0: Natural killer cell [Decidua; Experiment]
TNK.level1/NK	XCL2	curated	34322886	Heong V	2021	J Pathol	A multi-ethnic analysis of immune-related gene expression signatures in patients with ovarian clear cell carcinoma.	10.1002/path.5769	CellMarker 2.0: Natural killer cell [Ovary; Experiment]
TNK.level1/NK	XCL1	curated	35061012	Cai Y	2022	J Exp Med	Single-cell immune profiling reveals functional diversity of T cells in tuberculous pleural effusion.	10.1084/jem.20211777	CellMarker 2.0: Natural killer cell [Blood; Experiment]
TNK.level1/NK	XCL1	curated	35069597	Cao WJ	2021	Front Immunol	Immune Dysfunctions of CD56(neg) NK Cells Are Associated With HIV-1 Disease Progression.	10.3389/fimmu.2021.811091	CellMarker 2.0: Natural killer cell [Blood; Experiment]
TNK.level1/NK	XCL1	curated	34349096	Wang X	2021	Cell Discov	Dysregulated hematopoiesis in bone marrow marks severe COVID-19.	10.1038/s41421-021-00296-9	CellMarker 2.0: Cytotoxic natural killer cell [Bone marrow; Experiment]
TNK.level1/gdT_MAIT	TRDC	curated	35250976	Zhu L	2022	Front Immunol	Single-Cell Transcriptomics Reveals Peripheral Immune Responses in Anti-Synthetase Syndrome-Associated Interstitial Lung Disease.	10.3389/fimmu.2022.804034	CellMarker 2.0: Gamma delta(γδ) T cell [Peripheral blood; Experiment]
TNK.level1/gdT_MAIT	TRDC	curated	35361683	Zhang C	2023	Gut	Single-cell RNA sequencing reveals intrahepatic and peripheral immune characteristics related to disease phases in HBV-infected patients.	10.1136/gutjnl-2021-325915	CellMarker 2.0: Gamma delta(γδ) T cell [Liver; Experiment]
TNK.level1/gdT_MAIT	TRDC	curated	34721400	Mukund K	2021	Front Immunol	Immune Response in Severe and Non-Severe Coronavirus Disease 2019 (COVID-19) Infection: A Mechanistic Landscape.	10.3389/fimmu.2021.738073	CellMarker 2.0: Gamma delta(γδ) T cell [Peripheral blood; Experiment]
TNK.level1/gdT_MAIT	TRGC1	curated	34950144	Lyu M	2021	Front Immunol	Dissecting the Landscape of Activated CMV-Stimulated CD4+ T Cells in Humans by Linking Single-Cell RNA-Seq With T-Cell Receptor Sequencing.	10.3389/fimmu.2021.779961	CellMarker 2.0: Gamma delta(γδ) T cell [Peripheral blood; Experiment]
TNK.level1/gdT_MAIT	TRGC1	curated	33363531	Garman L	2020	Front Immunol	Single Cell Transcriptomics Implicate Novel Monocyte and T Cell Immune Dysregulation in Sarcoidosis.	10.3389/fimmu.2020.567342	CellMarker 2.0: Gamma delta(γδ) T cell [Peripheral blood; Experiment]
TNK.level1/gdT_MAIT	TRGC2	curated	34950144	Lyu M	2021	Front Immunol	Dissecting the Landscape of Activated CMV-Stimulated CD4+ T Cells in Humans by Linking Single-Cell RNA-Seq With T-Cell Receptor Sequencing.	10.3389/fimmu.2021.779961	CellMarker 2.0: Gamma delta(γδ) T cell [Peripheral blood; Experiment]
TNK.level1/gdT_MAIT	KLRB1	curated	35418195	Hoffmann C	2022	Nat Commun	PD-L1 and ICOSL discriminate human Secretory and Helper dendritic cells in cancer, allergy and autoimmunity.	10.1038/s41467-022-29516-w	CellMarker 2.0: Mucosa-associated invariant CD4+ T cell [Skin; Experiment]
TNK.level1/gdT_MAIT	KLRB1	curated	33815388	Lawlor N	2021	Front Immunol	Single Cell Analysis of Blood Mononuclear Cells Stimulated Through Either LPS or Anti-CD3 and Anti-CD28.	10.3389/fimmu.2021.636720	CellMarker 2.0: Mucosa-associated invariant T (MAIT) cell [Peripheral blood; Experiment]
TNK.level1/gdT_MAIT	KLRB1	curated	34721400	Mukund K	2021	Front Immunol	Immune Response in Severe and Non-Severe Coronavirus Disease 2019 (COVID-19) Infection: A Mechanistic Landscape.	10.3389/fimmu.2021.738073	CellMarker 2.0: Mucosa-associated invariant T (MAIT) cell [Peripheral blood; Experiment]
TNK.level1/gdT_MAIT	IL18R1	curated	28622514	Zheng C	2017	Cell	Landscape of Infiltrating T Cells in Liver Cancer Revealed by Single-Cell Sequencing.	10.1016/j.cell.2017.05.035	CellMarker 2.0: Mucosal-associated invariant T cell [Liver; Single-cell sequencing]
TNK.level1/gdT_MAIT	SLC4A10	curated	35250975	Yang J	2022	Front Immunol	Increased Expression of Tim-3 Is Associated With Depletion of NKT Cells In SARS-CoV-2 Infection.	10.3389/fimmu.2022.796682	CellMarker 2.0: Mucosa-associated invariant T (MAIT) cell [Peripheral blood; Experiment]
TNK.level1/gdT_MAIT	SLC4A10	curated	33936072	Qi F	2021	Front Immunol	Single-Cell RNA Sequencing Analysis of the Immunometabolic Rewiring and Immunopathogenesis of Coronavirus Disease 2019.	10.3389/fimmu.2021.651656	CellMarker 2.0: Gamma delta(γδ) T cell [Peripheral blood; Experiment]
TNK.level1/gdT_MAIT	SLC4A10	curated	34721400	Mukund K	2021	Front Immunol	Immune Response in Severe and Non-Severe Coronavirus Disease 2019 (COVID-19) Infection: A Mechanistic Landscape.	10.3389/fimmu.2021.738073	CellMarker 2.0: Mucosa-associated invariant T (MAIT) cell [Peripheral blood; Experiment]
TNK.level1/B_cell	MS4A1	curated	35145509	Pagliarulo F	2021	Front Immunol	Molecular, Immunological, and Clinical Features Associated With Lymphoid Neogenesis in Muscle Invasive Bladder Cancer.	10.3389/fimmu.2021.793992	CellMarker 2.0: B cell [Bladder; Experiment]
TNK.level1/B_cell	MS4A1	curated	35027754	Lozano AX	2022	Nat Med	T cell characteristics associated with toxicity to immune checkpoint blockade in patients with melanoma.	10.1038/s41591-021-01623-z	CellMarker 2.0: B cell [Blood; Experiment]
TNK.level1/B_cell	MS4A1	curated	35111153	Kong F	2021	Front Immunol	Single-Cell Transcriptome Analysis of Chronic Antibody-Mediated Rejection After Renal Transplantation.	10.3389/fimmu.2021.767618	CellMarker 2.0: B cell [Peripheral blood; Experiment]
TNK.level1/B_cell	CD79A	curated	35145509	Pagliarulo F	2021	Front Immunol	Molecular, Immunological, and Clinical Features Associated With Lymphoid Neogenesis in Muscle Invasive Bladder Cancer.	10.3389/fimmu.2021.793992	CellMarker 2.0: B cell [Bladder; Experiment]
TNK.level1/B_cell	CD79A	curated	35069521	Zheng M	2021	Front Immunol	Prognostic Landscape of Tumor-Infiltrating T and B Cells in Human Cancer.	10.3389/fimmu.2021.731329	CellMarker 2.0: B cell [Peripheral blood; Experiment]
TNK.level1/B_cell	CD79A	curated	35095917	Xu G	2021	Front Immunol	The Transient IFN Response and the Delay of Adaptive Immunity Feature the Severity of COVID-19.	10.3389/fimmu.2021.816745	CellMarker 2.0: B cell [Peripheral blood; Experiment]
TNK.level1/B_cell	CD79B	curated	35111153	Kong F	2021	Front Immunol	Single-Cell Transcriptome Analysis of Chronic Antibody-Mediated Rejection After Renal Transplantation.	10.3389/fimmu.2021.767618	CellMarker 2.0: B cell [Peripheral blood; Experiment]
TNK.level1/B_cell	CD79B	curated	35260165	Dussiau C	2022	BMC Biol	Hematopoietic differentiation is characterized by a transient peak of entropy at a single-cell level.	10.1186/s12915-022-01264-9	CellMarker 2.0: CD34+ pre-B cell [Bone marrow; Experiment]
TNK.level1/B_cell	CD79B	curated	35322584	Ge G	2022	Adv Sci (Weinh)	Single-Cell RNA-seq Reveals a Developmental Hierarchy Super-Imposed Over Subclonal Evolution in the Cellular Ecosystem of Prostate Cancer.	10.1002/advs.202105530	CellMarker 2.0: B cell [Prostate; Experiment]
TNK.level1/B_cell	CD19	curated	35145509	Pagliarulo F	2021	Front Immunol	Molecular, Immunological, and Clinical Features Associated With Lymphoid Neogenesis in Muscle Invasive Bladder Cancer.	10.3389/fimmu.2021.793992	CellMarker 2.0: B cell [Bladder; Experiment]
TNK.level1/B_cell	CD19	curated	35338085	Xu Y	2022	J Immunother Cancer	Immunosuppressive tumor-associated macrophages expressing interlukin-10 conferred poor prognosis and therapeutic vulnerability in patients with muscle-invasive bladder cancer.	10.1136/jitc-2021-003416	CellMarker 2.0: B cell [Bladder; Experiment]
TNK.level1/B_cell	CD19	curated	34975879	Cosma G	2021	Front Immunol	Prostate Cancer: Early Detection and Assessing Clinical Risk Using Deep Machine Learning of High Dimensional Peripheral Blood Flow Cytometric Phenotyping Data.	10.3389/fimmu.2021.786828	CellMarker 2.0: B cell [Blood; Experiment]
TNK.level1/B_cell	BANK1	curated	35216676	Patil NS	2022	Cancer Cell	Intratumoral plasma cells predict outcomes to PD-L1 blockade in non-small cell lung cancer.	10.1016/j.ccell.2022.02.002	CellMarker 2.0: Follicular B cell [Lung; Experiment]
TNK.level1/B_cell	BANK1	curated	32114394	Cai Y	2020	EBioMedicine	Single-cell transcriptomics of blood reveals a natural killer cell subset depletion in tuberculosis.	10.1016/j.ebiom.2020.102686	CellMarker 2.0: B cell [Blood; Experiment]
TNK.level1/B_cell	BANK1	curated	33227818	Anand P	2021	Blood	Single-cell RNA-seq reveals developmental plasticity with coexisting oncogenic states and immune evasion programs in ETP-ALL.	10.1182/blood.2019004547	CellMarker 2.0: B cell [Blood; Experiment]
TNK.level1/B_cell	PAX5	curated	34895340	Zeng H	2021	Cell Biosci	Single-cell RNA-sequencing reveals distinct immune cell subsets and signaling pathways in IgA nephropathy.	10.1186/s13578-021-00706-1	CellMarker 2.0: B cell [Peripheral blood; Experiment]
TNK.level1/B_cell	PAX5	curated	34349096	Wang X	2021	Cell Discov	Dysregulated hematopoiesis in bone marrow marks severe COVID-19.	10.1038/s41421-021-00296-9	CellMarker 2.0: Immature B cell [Bone marrow; Experiment]
TNK.level1/B_cell	PAX5	curated	32029736	Márquez EJ	2020	Nat Commun	Sexual-dimorphism in human immune system aging.	10.1038/s41467-020-14396-9	CellMarker 2.0: Naive B cell [Peripheral blood; Experiment]
TNK.level1/B_cell	CD22	curated	33593977	Park A	2021	mBio	Molecular Signatures of Inflammatory Profile and B-Cell Function in Patients with Severe Fever with Thrombocytopenia Syndrome.	10.1128/mBio.02583-20	CellMarker 2.0: Memory B cell [Blood; Experiment]
TNK.level1/B_cell	CD22	curated	34148065	Klairmont MM	2021	Mod Pathol	Clinicopathologic and prognostic features of TdT-negative pediatric B-lymphoblastic leukemia.	10.1038/s41379-021-00853-3	CellMarker 2.0: B cell [Peripheral blood; Experiment]
TNK.level1/B_cell	CD22	curated	34702946	Zhu R	2021	Cell Res	Mesenchymal stem cell treatment improves outcome of COVID-19 patients via multiple immunomodulatory mechanisms.	10.1038/s41422-021-00573-y	CellMarker 2.0: B cell [Peripheral blood; Experiment]
TNK.level1/Plasma	MZB1	curated	35250975	Yang J	2022	Front Immunol	Increased Expression of Tim-3 Is Associated With Depletion of NKT Cells In SARS-CoV-2 Infection.	10.3389/fimmu.2022.796682	CellMarker 2.0: Plasma cell [Peripheral blood; Experiment]
TNK.level1/Plasma	MZB1	curated	35260165	Dussiau C	2022	BMC Biol	Hematopoietic differentiation is characterized by a transient peak of entropy at a single-cell level.	10.1186/s12915-022-01264-9	CellMarker 2.0: Plasma cell [Bone marrow; Experiment]
TNK.level1/Plasma	MZB1	curated	35221332	Zheng X	2022	Signal Transduct Target Ther	Single-cell transcriptomic profiling unravels the adenoma-initiation role of protein tyrosine kinases during colorectal tumorigenesis.	10.1038/s41392-022-00881-8	CellMarker 2.0: Plasma cell [Colon; Experiment]
TNK.level1/Plasma	XBP1	curated	35216676	Patil NS	2022	Cancer Cell	Intratumoral plasma cells predict outcomes to PD-L1 blockade in non-small cell lung cancer.	10.1016/j.ccell.2022.02.002	CellMarker 2.0: Plasma cell [Lung; Experiment]
TNK.level1/Plasma	XBP1	curated	35096485	Peng WS	2022	Oncoimmunology	Dissecting the heterogeneity of the microenvironment in primary and recurrent nasopharyngeal carcinomas using single-cell RNA sequencing.	10.1080/2162402X.2022.2026583	CellMarker 2.0: Plasma cell [Nasopharynx; Experiment]
TNK.level1/Plasma	XBP1	curated	35296668	Horeweg N	2022	Nat Commun	Tertiary lymphoid structures critical for prognosis in endometrial cancer patients.	10.1038/s41467-022-29040-x	CellMarker 2.0: Plasma cell [Endometrium; Experiment]
TNK.level1/Plasma	PRDM1	curated	35296668	Horeweg N	2022	Nat Commun	Tertiary lymphoid structures critical for prognosis in endometrial cancer patients.	10.1038/s41467-022-29040-x	CellMarker 2.0: Plasma cell [Endometrium; Experiment]
TNK.level1/Plasma	PRDM1	curated	34061047	Jiang R	2021	JCI Insight	Single-cell immunophenotyping of the skin lesion erythema migrans identifies IgM memory B cells.	10.1172/jci.insight.148035	CellMarker 2.0: Plasma cell [Skin; Experiment]
TNK.level1/Plasma	PRDM1	curated	32194545	Attaf N	2020	Front Immunol	FB5P-seq: FACS-Based 5-Prime End Single-Cell RNA-seq for Integrative Analysis of Transcriptome and Antigen Receptor Repertoire in B and T Cells.	10.3389/fimmu.2020.00216	CellMarker 2.0: Plasma cell [Tonsil; Experiment]
TNK.level1/Plasma	TNFRSF17	curated	35216676	Patil NS	2022	Cancer Cell	Intratumoral plasma cells predict outcomes to PD-L1 blockade in non-small cell lung cancer.	10.1016/j.ccell.2022.02.002	CellMarker 2.0: Plasma cell [Lung; Experiment]
TNK.level1/Plasma	TNFRSF17	curated	33593977	Park A	2021	mBio	Molecular Signatures of Inflammatory Profile and B-Cell Function in Patients with Severe Fever with Thrombocytopenia Syndrome.	10.1128/mBio.02583-20	CellMarker 2.0: Plasmablast [Blood; Experiment]
TNK.level1/Plasma	TNFRSF17	curated	33963182	Liu R	2021	Nat Commun	Co-evolution of tumor and immune cells during progression of multiple myeloma.	10.1038/s41467-021-22804-x	CellMarker 2.0: Plasma cell [Bone marrow; Experiment]
TNK.level1/Plasma	DERL3	curated	35216676	Patil NS	2022	Cancer Cell	Intratumoral plasma cells predict outcomes to PD-L1 blockade in non-small cell lung cancer.	10.1016/j.ccell.2022.02.002	CellMarker 2.0: Plasma cell [Lung; Experiment]
TNK.level1/Plasma	DERL3	curated	33359089	Devlin JC	2021	Gastroenterology	Single-Cell Transcriptional Survey of Ileal-Anal Pouch Immune Cells From Ulcerative Colitis Patients.	10.1053/j.gastro.2020.12.030	CellMarker 2.0: Plasma cell [Rectum; Experiment]
TNK.level1/Plasma	DERL3	curated	32686767	Chen YP	2020	Cell Res	Single-cell transcriptomics reveals regulators underlying immune cell diversity and immune subtypes associated with prognosis in nasopharyngeal carcinoma.	10.1038/s41422-020-0374-x	CellMarker 2.0: Plasma cell [Nasopharynx; Experiment]
TNK.level1/Plasma	CD38	curated	35027754	Lozano AX	2022	Nat Med	T cell characteristics associated with toxicity to immune checkpoint blockade in patients with melanoma.	10.1038/s41591-021-01623-z	CellMarker 2.0: Plasmablast B cell [Blood; Experiment]
TNK.level1/Plasma	CD38	curated	35172892	Ma Y	2022	Genome Med	Integrating single-cell sequencing data with GWAS summary statistics reveals CD16+monocytes and memory CD8+T cells involved in severe COVID-19.	10.1186/s13073-022-01021-1	CellMarker 2.0: Plasma cell [Peripheral blood; Experiment]
TNK.level1/Plasma	CD38	curated	35185925	Yiu G	2022	Front Immunol	High Interferon Signature Leads to Increased STAT1/3/5 Phosphorylation in PBMCs From SLE Patients by Single Cell Mass Cytometry.	10.3389/fimmu.2022.833636	CellMarker 2.0: Plasmablast [Blood; Experiment]
TNK.level1/mregDC	LAMP3	curated	34783307	Kasper M	2021	Elife	Intraocular dendritic cells characterize HLA-B27-associated acute anterior uveitis.	10.7554/eLife.67396	CellMarker 2.0: Mature dendritic cell [Eye; Experiment]
TNK.level1/mregDC	LAMP3	curated	34054812	Zhang C	2021	Front Immunol	Immune Landscape of Gastric Carcinoma Tumor Microenvironment Identifies a Peritoneal Relapse Relevant Immune Signature.	10.3389/fimmu.2021.651033	CellMarker 2.0: Activated dendritic cell [Stomach; Experiment]
TNK.level1/mregDC	LAMP3	curated	35304295	Li XY	2022	Biochim Biophys Acta Rev Cancer	Understanding initiation and progression of hepatocellular carcinoma through single cell sequencing.	10.1016/j.bbcan.2022.188720	CellMarker 2.0: Mature dendritic cell [Liver; Review]
TNK.level1/mregDC	CCL19	curated	35304295	Li XY	2022	Biochim Biophys Acta Rev Cancer	Understanding initiation and progression of hepatocellular carcinoma through single cell sequencing.	10.1016/j.bbcan.2022.188720	CellMarker 2.0: Mature dendritic cell [Liver; Review]
TNK.level1/mregDC	FSCN1	curated	33250080	Villar J	2020	Trends Immunol	Decoding the Heterogeneity of Human Dendritic Cell Subsets.	10.1016/j.it.2020.10.002	CellMarker 2.0: CCR7+ dendritic cell [Undefined; Review]
TNK.level1/mregDC	CD83	curated	34497421	Absinta M	2021	Nature	A lymphocyte-microglia-astrocyte axis in chronic active multiple sclerosis.	10.1038/s41586-021-03892-7	CellMarker 2.0: Mature dendritic cell [Brain; Experiment]
TNK.level1/mregDC	CD83	curated	34783307	Kasper M	2021	Elife	Intraocular dendritic cells characterize HLA-B27-associated acute anterior uveitis.	10.7554/eLife.67396	CellMarker 2.0: Mature dendritic cell [Eye; Experiment]
TNK.level1/mregDC	CD83	curated	35304295	Li XY	2022	Biochim Biophys Acta Rev Cancer	Understanding initiation and progression of hepatocellular carcinoma through single cell sequencing.	10.1016/j.bbcan.2022.188720	CellMarker 2.0: Mature dendritic cell [Liver; Review]
TNK.level1/mregDC	CD274	primary_text	32269339	Maier B	2020	Nature	A conserved dendritic-cell regulatory program limits antitumour immunity.	10.1038/s41586-020-2134-y	Similar to our results in mice, we also identified a human mregDC cluster that expressed the maturation markers CCR7 , CD40 , RELB and CD83 and the regulatory molecules CD274 , CD200 , FAS and ALDH1A2 , as well as low levels of TLR signalling genes and increased levels of migratory genes ( , ).
TNK.level1/mregDC	CCR7	curated	33429418	Grant RA	2021	Nature	Circuits between infected macrophages and T cells in SARS-CoV-2 pneumonia.	10.1038/s41586-020-03148-w	CellMarker 2.0: Migratory dendritic cell [Bronchoalveolar lavage; Experiment]
TNK.level1/mregDC	CCR7	curated	31892341	Madissoon E	2019	Genome Biol	scRNA-seq assessment of the human lung, spleen, and esophagus tissue stability after cold preservation.	10.1186/s13059-019-1906-x	CellMarker 2.0: Activated dendritic cell [Lung; Experiment]
TNK.level1/mregDC	CCR7	curated	35304295	Li XY	2022	Biochim Biophys Acta Rev Cancer	Understanding initiation and progression of hepatocellular carcinoma through single cell sequencing.	10.1016/j.bbcan.2022.188720	CellMarker 2.0: Mature dendritic cell [Liver; Review]
TNK.level1/Proliferating_T	MKI67	curated	35095917	Xu G	2021	Front Immunol	The Transient IFN Response and the Delay of Adaptive Immunity Feature the Severity of COVID-19.	10.3389/fimmu.2021.816745	CellMarker 2.0: Cycling cell [Peripheral blood; Experiment]
TNK.level1/Proliferating_T	MKI67	curated	35250976	Zhu L	2022	Front Immunol	Single-Cell Transcriptomics Reveals Peripheral Immune Responses in Anti-Synthetase Syndrome-Associated Interstitial Lung Disease.	10.3389/fimmu.2022.804034	CellMarker 2.0: Proliferative T cell [Peripheral blood; Experiment]
TNK.level1/Proliferating_T	MKI67	curated	35038898	Gamage AM	2022	mBio	Human Nasal Epithelial Cells Sustain Persistent SARS-CoV-2 Infection In Vitro, despite Eliciting a Prolonged Antiviral Response.	10.1128/mbio.03436-21	CellMarker 2.0: Dividing cell [Nose; Experiment]
TNK.level1/Proliferating_T	TOP2A	curated	33936064	Tang R	2021	Front Immunol	A Partial Picture of the Single-Cell Transcriptomics of Human IgA Nephropathy.	10.3389/fimmu.2021.645988	CellMarker 2.0: Cycling cell [Kidney; Experiment]
TNK.level1/Proliferating_T	TOP2A	curated	33033240	Chen Z	2020	Nat Commun	Single-cell RNA sequencing highlights the role of inflammatory cancer-associated fibroblasts in bladder urothelial carcinoma.	10.1038/s41467-020-18916-5	CellMarker 2.0: Proliferating myeloid cell [Bladder; Experiment]
TNK.level1/Proliferating_T	TOP2A	curated	32783921	Zhu L	2020	Immunity	Single-Cell Sequencing of Peripheral Mononuclear Cells Reveals Distinct Immune Response Landscapes of COVID-19 and Influenza Patients.	10.1016/j.immuni.2020.07.009	CellMarker 2.0: Cycling cell [Blood; Experiment]
TNK.level1/Proliferating_T	AURKB	literature_text	28445465	Birey F	2017	Nature	Assembly of functionally integrated human forebrain spheroids.	10.1038/nature22330	BD Resolve system) (a) Distribution of expression of the neuronal marker STMN2 , (b) the progenitor marker VIM and of (c) a set of genes associated with the M cell cycle phase ( AURKB , TPX2 , UBE2C , HMMR , TOP2A , CCNB1 , NUSAP1 , NUF2 , CDC6 , HIST1H4C , BIRC5 , CKS2 ).
TNK.level1/Proliferating_T	RRM2	literature_text	20305636	Davis ME	2010	Nature	Evidence of RNAi in humans from systemically administered siRNA via targeted nanoparticles.	10.1038/nature08956	Since RRM2 protein expression is largely restricted to the late G1/early S phase of cell cycle, not all of the tumor cells will be expressing RRM2. shows IHC data for RRM2 and TfR proteins in C1 pre and C1 post samples (IHC analyses were performed in a blinded fashion and 10 random regions of each sample were analyzed).
TNK.level1/Proliferating_T	RRM2	literature_text	16280042	Pawitan Y	2005	Breast Cancer Res	Gene expression profiling spares early breast cancer patients from adjuvant therapy: derived and validated in two population-based cohorts.	10.1186/bcr1325	Among the genes associated with low-risk tumors we found CDKN1C, PDGFD, IGF1, HOXA5, SLIT2 and PTN, and many of the genes associated with high-risk tumors appeared to be involved in cell-cycle regulation (including CDC2, CDC20, BUB1B, PRC1 and RRM2) and in transcription (such as TOP2A).
TNK.level1/cross_Myeloid	CD14	curated	35013369	Tian J	2022	NPJ Parkinsons Dis	Specific immune status in Parkinson's disease at different ages of onset.	10.1038/s41531-021-00271-x	CellMarker 2.0: Monocyte [Blood; Experiment]
TNK.level1/cross_Myeloid	CD14	curated	35027754	Lozano AX	2022	Nat Med	T cell characteristics associated with toxicity to immune checkpoint blockade in patients with melanoma.	10.1038/s41591-021-01623-z	CellMarker 2.0: Monocyte [Blood; Experiment]
TNK.level1/cross_Myeloid	CD14	curated	35046942	Li X	2021	Front Immunol	Single-Cell Analysis Reveals the Immune Characteristics of Myeloid Cells and Memory T Cells in Recovered COVID-19 Patients With Different Severities.	10.3389/fimmu.2021.781432	CellMarker 2.0: Monocyte [Peripheral blood; Experiment]
TNK.level1/cross_Myeloid	CD68	curated	35033156	Yang T	2022	J Exp Clin Cancer Res	Macrophages-aPKC(ɩ)-CCL5 Feedback Loop Modulates the Progression and Chemoresistance in Cholangiocarcinoma.	10.1186/s13046-021-02235-8	CellMarker 2.0: Macrophage [Bile duct; Experiment]
TNK.level1/cross_Myeloid	CD68	curated	35338085	Xu Y	2022	J Immunother Cancer	Immunosuppressive tumor-associated macrophages expressing interlukin-10 conferred poor prognosis and therapeutic vulnerability in patients with muscle-invasive bladder cancer.	10.1136/jitc-2021-003416	CellMarker 2.0: Tumor‐associated macrophage (TAM) [Bladder; Experiment]
TNK.level1/cross_Myeloid	CD68	curated	35136934	Li G	2022	Brain	An MRI radiomics approach to predict survival and tumour-infiltrating macrophages in gliomas.	10.1093/brain/awab340	CellMarker 2.0: Macrophage [Blood; Experiment]
TNK.level1/cross_Myeloid	CSF1R	curated	35111153	Kong F	2021	Front Immunol	Single-Cell Transcriptome Analysis of Chronic Antibody-Mediated Rejection After Renal Transplantation.	10.3389/fimmu.2021.767618	CellMarker 2.0: Non-classical monocyte [Peripheral blood; Experiment]
TNK.level1/cross_Myeloid	CSF1R	curated	35325594	Nalio Ramos R	2022	Cell	Tissue-resident FOLR2(+) macrophages associate with CD8(+) T cell infiltration in human breast cancer.	10.1016/j.cell.2022.02.021	CellMarker 2.0: Macrophage [Breast; Experiment]
TNK.level1/cross_Myeloid	CSF1R	curated	35017463	Chen WJ	2022	Cell Death Dis	Heterogeneity of tumor microenvironment is associated with clinical prognosis of non-clear cell renal cell carcinoma: a single-cell genomics study.	10.1038/s41419-022-04501-9	CellMarker 2.0: M2 macrophage [Kidney; Experiment]
TNK.level1/cross_Myeloid	MSR1	curated	35338085	Xu Y	2022	J Immunother Cancer	Immunosuppressive tumor-associated macrophages expressing interlukin-10 conferred poor prognosis and therapeutic vulnerability in patients with muscle-invasive bladder cancer.	10.1136/jitc-2021-003416	CellMarker 2.0: M2 macrophage [Bladder; Experiment]
TNK.level1/cross_Myeloid	MSR1	curated	35361264	Shi Y	2022	Genome Biol	Decoding the multicellular ecosystem of vena caval tumor thrombus in clear cell renal cell carcinoma by single-cell RNA sequencing.	10.1186/s13059-022-02651-9	CellMarker 2.0: M2 macrophage [Kidney; Experiment]
TNK.level1/cross_Myeloid	MSR1	curated	35440542	Qu Y	2022	Nat Commun	A proteogenomic analysis of clear cell renal cell carcinoma in a Chinese population.	10.1038/s41467-022-29577-x	CellMarker 2.0: Macrophage [Undefined; Experiment]
TNK.level1/cross_Myeloid	CD163	curated	35338085	Xu Y	2022	J Immunother Cancer	Immunosuppressive tumor-associated macrophages expressing interlukin-10 conferred poor prognosis and therapeutic vulnerability in patients with muscle-invasive bladder cancer.	10.1136/jitc-2021-003416	CellMarker 2.0: M2 macrophage [Bladder; Experiment]
TNK.level1/cross_Myeloid	CD163	curated	35136934	Li G	2022	Brain	An MRI radiomics approach to predict survival and tumour-infiltrating macrophages in gliomas.	10.1093/brain/awab340	CellMarker 2.0: Macrophage [Blood; Experiment]
TNK.level1/cross_Myeloid	CD163	curated	35422106	Dayao MT	2022	Nat Commun	Membrane marker selection for segmenting single cell spatial proteomics data.	10.1038/s41467-022-29667-w	CellMarker 2.0: Monocyte [Bone marrow; Experiment]
TNK.level1/cross_Myeloid	SIGLEC1	curated	35133977	Zhang B	2022	J Clin Invest	Single-cell RNA sequencing reveals induction of distinct trained-immunity programs in human monocytes.	10.1172/JCI147719	CellMarker 2.0: Tissue resident macrophage [Peripheral blood; Experiment]
TNK.level1/cross_Myeloid	SIGLEC1	curated	35017463	Chen WJ	2022	Cell Death Dis	Heterogeneity of tumor microenvironment is associated with clinical prognosis of non-clear cell renal cell carcinoma: a single-cell genomics study.	10.1038/s41419-022-04501-9	CellMarker 2.0: M2 macrophage [Kidney; Experiment]
TNK.level1/cross_Myeloid	SIGLEC1	curated	33408717	Tan YQ	2020	Front Immunol	Six Immune Associated Genes Construct Prognostic Model Evaluate Low-Grade Glioma.	10.3389/fimmu.2020.606164	CellMarker 2.0: M1 macrophage [Brain; Experiment]
TNK.level1/cross_Myeloid	ITGAM	curated	35440542	Qu Y	2022	Nat Commun	A proteogenomic analysis of clear cell renal cell carcinoma in a Chinese population.	10.1038/s41467-022-29577-x	CellMarker 2.0: Macrophage [Undefined; Experiment]
TNK.level1/cross_Myeloid	ITGAM	curated	33471078	Tsantilas P	2021	Cardiovasc Res	Chitinase 3 like 1 is a regulator of smooth muscle cell physiology and atherosclerotic lesion stability.	10.1093/cvr/cvab014	CellMarker 2.0: Macrophage [Blood; Experiment]
TNK.level1/cross_Myeloid	ITGAM	curated	34721382	Bhattacharjee O	2021	Front Immunol	Epithelial-Macrophage Crosstalk Initiates Sterile Inflammation in Embryonic Skin.	10.3389/fimmu.2021.718005	CellMarker 2.0: Monocyte [Skin; Experiment]
TNK.level1/cross_Myeloid	MRC1	curated	35033156	Yang T	2022	J Exp Clin Cancer Res	Macrophages-aPKC(ɩ)-CCL5 Feedback Loop Modulates the Progression and Chemoresistance in Cholangiocarcinoma.	10.1186/s13046-021-02235-8	CellMarker 2.0: M2 macrophage [Bile duct; Experiment]
TNK.level1/cross_Myeloid	MRC1	curated	35338085	Xu Y	2022	J Immunother Cancer	Immunosuppressive tumor-associated macrophages expressing interlukin-10 conferred poor prognosis and therapeutic vulnerability in patients with muscle-invasive bladder cancer.	10.1136/jitc-2021-003416	CellMarker 2.0: M2 macrophage [Bladder; Experiment]
TNK.level1/cross_Myeloid	MRC1	curated	35258704	Kogan PS	2022	Basic Res Cardiol	Uncovering the molecular identity of cardiosphere-derived cells (CDCs) by single-cell RNA sequencing.	10.1007/s00395-022-00913-y	CellMarker 2.0: Monocyte [Heart; Experiment]
TNK.level1/cross_Myeloid	SLCO2B1	literature_text	31993307	Song W	2020	Acta Pharm Sin B	Solute carrier transporters: the metabolic gatekeepers of immune cells.	10.1016/j.apsb.2019.12.006	Some other members of the SLCO superfamily may have links to the immune responses as well, since SLCO2B1, SLCO3A1, and SLCO4A1 are expressed in monocytes and antigen-presenting cells, macrophages, and dendritic cells, among which SLCO2B1 and SLCO4A1 are notably more highly expressed than in the monocytes and dendritic cells, which indicates that they may have a role in macrophage maturation and ac
TNK.level2.CD8_T/CD8_cytotoxic	GZMB	curated	35061012	Cai Y	2022	J Exp Med	Single-cell immune profiling reveals functional diversity of T cells in tuberculous pleural effusion.	10.1084/jem.20211777	CellMarker 2.0: Effector CD8 T cell [Blood; Experiment]
TNK.level2.CD8_T/CD8_cytotoxic	GZMB	curated	35172892	Ma Y	2022	Genome Med	Integrating single-cell sequencing data with GWAS summary statistics reveals CD16+monocytes and memory CD8+T cells involved in severe COVID-19.	10.1186/s13073-022-01021-1	CellMarker 2.0: Effector CD8+ T cell [Peripheral blood; Experiment]
TNK.level2.CD8_T/CD8_cytotoxic	GZMB	curated	35403824	Zhou W	2022	Adv Sci (Weinh)	Landscape of the Peripheral Immune Response Induced by Local Microwave Ablation in Patients with Breast Cancer.	10.1002/advs.202200033	CellMarker 2.0: Cytotoxic CD8+ T cell [Blood; Experiment]
TNK.level2.CD8_T/CD8_cytotoxic	GZMA	curated	35061012	Cai Y	2022	J Exp Med	Single-cell immune profiling reveals functional diversity of T cells in tuberculous pleural effusion.	10.1084/jem.20211777	CellMarker 2.0: Effector CD8 T cell [Blood; Experiment]
TNK.level2.CD8_T/CD8_cytotoxic	GZMA	curated	35403824	Zhou W	2022	Adv Sci (Weinh)	Landscape of the Peripheral Immune Response Induced by Local Microwave Ablation in Patients with Breast Cancer.	10.1002/advs.202200033	CellMarker 2.0: Cytotoxic CD8+ T cell [Blood; Experiment]
TNK.level2.CD8_T/CD8_cytotoxic	GZMA	curated	35241110	Liu SQ	2022	J Hematol Oncol	Single-cell and spatially resolved analysis uncovers cell heterogeneity of breast cancer.	10.1186/s13045-022-01236-0	CellMarker 2.0: Cytotoxic T cell [Colorectum; Experiment]
TNK.level2.CD8_T/CD8_cytotoxic	GZMH	curated	35061012	Cai Y	2022	J Exp Med	Single-cell immune profiling reveals functional diversity of T cells in tuberculous pleural effusion.	10.1084/jem.20211777	CellMarker 2.0: Effector CD8 T cell [Blood; Experiment]
TNK.level2.CD8_T/CD8_cytotoxic	GZMH	curated	35403824	Zhou W	2022	Adv Sci (Weinh)	Landscape of the Peripheral Immune Response Induced by Local Microwave Ablation in Patients with Breast Cancer.	10.1002/advs.202200033	CellMarker 2.0: Cytotoxic CD8+ T cell [Blood; Experiment]
TNK.level2.CD8_T/CD8_cytotoxic	GZMH	curated	35192548	Masuda K	2022	JCI Insight	Multiplexed single-cell analysis reveals prognostic and nonprognostic T cell types in human colorectal cancer.	10.1172/jci.insight.154646	CellMarker 2.0: Cytotoxic T cell 2 [Intestine; Experiment]
TNK.level2.CD8_T/CD8_cytotoxic	GZMK	curated	35061012	Cai Y	2022	J Exp Med	Single-cell immune profiling reveals functional diversity of T cells in tuberculous pleural effusion.	10.1084/jem.20211777	CellMarker 2.0: Effector CD8 T cell [Blood; Experiment]
TNK.level2.CD8_T/CD8_cytotoxic	GZMK	curated	35192548	Masuda K	2022	JCI Insight	Multiplexed single-cell analysis reveals prognostic and nonprognostic T cell types in human colorectal cancer.	10.1172/jci.insight.154646	CellMarker 2.0: Effector memory T cell [Intestine; Experiment]
TNK.level2.CD8_T/CD8_cytotoxic	GZMK	curated	35184398	Li Y	2022	Clin Transl Med	Single-cell RNA sequencing reveals the multi-cellular ecosystem in different radiological components of pulmonary part-solid nodules.	10.1002/ctm2.723	CellMarker 2.0: Effector T(Teff) cell [Lung; Experiment]
TNK.level2.CD8_T/CD8_cytotoxic	PRF1	curated	35172892	Ma Y	2022	Genome Med	Integrating single-cell sequencing data with GWAS summary statistics reveals CD16+monocytes and memory CD8+T cells involved in severe COVID-19.	10.1186/s13073-022-01021-1	CellMarker 2.0: Effector CD8+ T cell [Peripheral blood; Experiment]
TNK.level2.CD8_T/CD8_cytotoxic	PRF1	curated	35192548	Masuda K	2022	JCI Insight	Multiplexed single-cell analysis reveals prognostic and nonprognostic T cell types in human colorectal cancer.	10.1172/jci.insight.154646	CellMarker 2.0: Cytotoxic T cell 2 [Intestine; Experiment]
TNK.level2.CD8_T/CD8_cytotoxic	PRF1	curated	35241110	Liu SQ	2022	J Hematol Oncol	Single-cell and spatially resolved analysis uncovers cell heterogeneity of breast cancer.	10.1186/s13045-022-01236-0	CellMarker 2.0: Cytotoxic T cell [Colorectum; Experiment]
TNK.level2.CD8_T/CD8_cytotoxic	KLRG1	curated	35403824	Zhou W	2022	Adv Sci (Weinh)	Landscape of the Peripheral Immune Response Induced by Local Microwave Ablation in Patients with Breast Cancer.	10.1002/advs.202200033	CellMarker 2.0: Cytotoxic CD8+ T cell [Blood; Experiment]
TNK.level2.CD8_T/CD8_cytotoxic	KLRG1	curated	35464424	Kollis PM	2022	Front Immunol	Characterising Distinct Migratory Profiles of Infiltrating T-Cell Subsets in Human Glioblastoma.	10.3389/fimmu.2022.850226	CellMarker 2.0: Effector memory T cell [Brain; Experiment]
TNK.level2.CD8_T/CD8_cytotoxic	KLRG1	curated	35192548	Masuda K	2022	JCI Insight	Multiplexed single-cell analysis reveals prognostic and nonprognostic T cell types in human colorectal cancer.	10.1172/jci.insight.154646	CellMarker 2.0: Effector memory T cell [Intestine; Experiment]
TNK.level2.CD8_T/CD8_cytotoxic	CX3CR1	curated	35061012	Cai Y	2022	J Exp Med	Single-cell immune profiling reveals functional diversity of T cells in tuberculous pleural effusion.	10.1084/jem.20211777	CellMarker 2.0: Effector CD8 T cell [Blood; Experiment]
TNK.level2.CD8_T/CD8_cytotoxic	CX3CR1	curated	34128959	Wilk AJ	2021	J Exp Med	Multi-omic profiling reveals widespread dysregulation of innate immunity and hematopoiesis in COVID-19.	10.1084/jem.20210582	CellMarker 2.0: Effector CD8+ T cell [Blood; Experiment]
TNK.level2.CD8_T/CD8_cytotoxic	CX3CR1	curated	34899693	Sen K	2021	Front Immunol	Single-Cell Immunogenomic Approach Identified SARS-CoV-2 Protective Immune Signatures in Asymptomatic Direct Contacts of COVID-19 Cases.	10.3389/fimmu.2021.733539	CellMarker 2.0: Revertant memory CD8+ T(TEMRA) cell [Blood; Experiment]
TNK.level2.CD8_T/CD8_cytotoxic	FGFBP2	curated	34973310	Haskamp S	2022	J Invest Dermatol	Transcriptomes of MPO-Deficient Patients with Generalized Pustular Psoriasis Reveals Expansion of CD4(+) Cytotoxic T Cells and an Involvement of the Complement System.	10.1016/j.jid.2021.12.021	CellMarker 2.0: Effector memory CD8+ T cell [Blood; Experiment]
TNK.level2.CD8_T/CD8_cytotoxic	FGFBP2	curated	35061012	Cai Y	2022	J Exp Med	Single-cell immune profiling reveals functional diversity of T cells in tuberculous pleural effusion.	10.1084/jem.20211777	CellMarker 2.0: Effector CD8 T cell [Blood; Experiment]
TNK.level2.CD8_T/CD8_cytotoxic	FGFBP2	curated	35403824	Zhou W	2022	Adv Sci (Weinh)	Landscape of the Peripheral Immune Response Induced by Local Microwave Ablation in Patients with Breast Cancer.	10.1002/advs.202200033	CellMarker 2.0: Cytotoxic CD8+ T cell [Blood; Experiment]
TNK.level2.CD8_T/CD8_cytotoxic	IFNG	curated	35241110	Liu SQ	2022	J Hematol Oncol	Single-cell and spatially resolved analysis uncovers cell heterogeneity of breast cancer.	10.1186/s13045-022-01236-0	CellMarker 2.0: Cytotoxic T cell [Colorectum; Experiment]
TNK.level2.CD8_T/CD8_cytotoxic	IFNG	curated	33178496	Li Y	2020	Oncoimmunology	Tumor-infiltrating TNFRSF9(+) CD8(+) T cells define different subsets of clear cell renal cell carcinoma with prognosis and immunotherapeutic response.	10.1080/2162402X.2020.1838141	CellMarker 2.0: Effector T(Teff) cell [Kidney; Experiment]
TNK.level2.CD8_T/CD8_cytotoxic	IFNG	curated	35304295	Li XY	2022	Biochim Biophys Acta Rev Cancer	Understanding initiation and progression of hepatocellular carcinoma through single cell sequencing.	10.1016/j.bbcan.2022.188720	CellMarker 2.0: Effector memory CD8+ T cell [Liver; Review]
TNK.level2.CD8_T/CD8_cytotoxic	NKG7	curated	35061012	Cai Y	2022	J Exp Med	Single-cell immune profiling reveals functional diversity of T cells in tuberculous pleural effusion.	10.1084/jem.20211777	CellMarker 2.0: Effector CD8 T cell [Blood; Experiment]
TNK.level2.CD8_T/CD8_cytotoxic	NKG7	curated	35403824	Zhou W	2022	Adv Sci (Weinh)	Landscape of the Peripheral Immune Response Induced by Local Microwave Ablation in Patients with Breast Cancer.	10.1002/advs.202200033	CellMarker 2.0: Cytotoxic CD8+ T cell [Blood; Experiment]
TNK.level2.CD8_T/CD8_cytotoxic	NKG7	curated	35241110	Liu SQ	2022	J Hematol Oncol	Single-cell and spatially resolved analysis uncovers cell heterogeneity of breast cancer.	10.1186/s13045-022-01236-0	CellMarker 2.0: Cytotoxic T cell [Colorectum; Experiment]
TNK.level2.CD8_T/CD8_cytotoxic	GNLY	curated	35172892	Ma Y	2022	Genome Med	Integrating single-cell sequencing data with GWAS summary statistics reveals CD16+monocytes and memory CD8+T cells involved in severe COVID-19.	10.1186/s13073-022-01021-1	CellMarker 2.0: Effector CD8+ T cell [Peripheral blood; Experiment]
TNK.level2.CD8_T/CD8_cytotoxic	GNLY	curated	35403824	Zhou W	2022	Adv Sci (Weinh)	Landscape of the Peripheral Immune Response Induced by Local Microwave Ablation in Patients with Breast Cancer.	10.1002/advs.202200033	CellMarker 2.0: Cytotoxic CD8+ T cell [Blood; Experiment]
TNK.level2.CD8_T/CD8_cytotoxic	GNLY	curated	35192548	Masuda K	2022	JCI Insight	Multiplexed single-cell analysis reveals prognostic and nonprognostic T cell types in human colorectal cancer.	10.1172/jci.insight.154646	CellMarker 2.0: Cytotoxic T cell 2 [Intestine; Experiment]
TNK.level2.CD8_T/CD8_exhausted	PDCD1	curated	35338085	Xu Y	2022	J Immunother Cancer	Immunosuppressive tumor-associated macrophages expressing interlukin-10 conferred poor prognosis and therapeutic vulnerability in patients with muscle-invasive bladder cancer.	10.1136/jitc-2021-003416	CellMarker 2.0: Exhausted CD8+ T cell [Bladder; Experiment]
TNK.level2.CD8_T/CD8_exhausted	PDCD1	curated	35172892	Ma Y	2022	Genome Med	Integrating single-cell sequencing data with GWAS summary statistics reveals CD16+monocytes and memory CD8+T cells involved in severe COVID-19.	10.1186/s13073-022-01021-1	CellMarker 2.0: Exhausted CD8+ T cell [Peripheral blood; Experiment]
TNK.level2.CD8_T/CD8_exhausted	PDCD1	curated	35192548	Masuda K	2022	JCI Insight	Multiplexed single-cell analysis reveals prognostic and nonprognostic T cell types in human colorectal cancer.	10.1172/jci.insight.154646	CellMarker 2.0: Exhausted T(Tex) cell [Intestine; Experiment]
TNK.level2.CD8_T/CD8_exhausted	LAG3	curated	35172892	Ma Y	2022	Genome Med	Integrating single-cell sequencing data with GWAS summary statistics reveals CD16+monocytes and memory CD8+T cells involved in severe COVID-19.	10.1186/s13073-022-01021-1	CellMarker 2.0: Exhausted CD8+ T cell [Peripheral blood; Experiment]
TNK.level2.CD8_T/CD8_exhausted	LAG3	curated	35241110	Liu SQ	2022	J Hematol Oncol	Single-cell and spatially resolved analysis uncovers cell heterogeneity of breast cancer.	10.1186/s13045-022-01236-0	CellMarker 2.0: Exhausted T(Tex) cell [Colorectum; Experiment]
TNK.level2.CD8_T/CD8_exhausted	LAG3	curated	35184398	Li Y	2022	Clin Transl Med	Single-cell RNA sequencing reveals the multi-cellular ecosystem in different radiological components of pulmonary part-solid nodules.	10.1002/ctm2.723	CellMarker 2.0: Exhausted CD8+ T cell [Lung; Experiment]
TNK.level2.CD8_T/CD8_exhausted	HAVCR2	curated	35172892	Ma Y	2022	Genome Med	Integrating single-cell sequencing data with GWAS summary statistics reveals CD16+monocytes and memory CD8+T cells involved in severe COVID-19.	10.1186/s13073-022-01021-1	CellMarker 2.0: Exhausted CD8+ T cell [Peripheral blood; Experiment]
TNK.level2.CD8_T/CD8_exhausted	HAVCR2	curated	35132960	Egelston CA	2022	JCI Insight	Tumor-infiltrating exhausted CD8+ T cells dictate reduced survival in premenopausal estrogen receptor-positive breast cancer.	10.1172/jci.insight.153963	CellMarker 2.0: Exhausted CD8+ T cell [Breast; Experiment]
TNK.level2.CD8_T/CD8_exhausted	HAVCR2	curated	35192548	Masuda K	2022	JCI Insight	Multiplexed single-cell analysis reveals prognostic and nonprognostic T cell types in human colorectal cancer.	10.1172/jci.insight.154646	CellMarker 2.0: Exhausted T(Tex) cell [Intestine; Experiment]
TNK.level2.CD8_T/CD8_exhausted	TIGIT	curated	35338085	Xu Y	2022	J Immunother Cancer	Immunosuppressive tumor-associated macrophages expressing interlukin-10 conferred poor prognosis and therapeutic vulnerability in patients with muscle-invasive bladder cancer.	10.1136/jitc-2021-003416	CellMarker 2.0: Exhausted CD8+ T cell [Bladder; Experiment]
TNK.level2.CD8_T/CD8_exhausted	TIGIT	curated	35172892	Ma Y	2022	Genome Med	Integrating single-cell sequencing data with GWAS summary statistics reveals CD16+monocytes and memory CD8+T cells involved in severe COVID-19.	10.1186/s13073-022-01021-1	CellMarker 2.0: Exhausted CD8+ T cell [Peripheral blood; Experiment]
TNK.level2.CD8_T/CD8_exhausted	TIGIT	curated	35241110	Liu SQ	2022	J Hematol Oncol	Single-cell and spatially resolved analysis uncovers cell heterogeneity of breast cancer.	10.1186/s13045-022-01236-0	CellMarker 2.0: Exhausted T(Tex) cell [Colorectum; Experiment]
TNK.level2.CD8_T/CD8_exhausted	CTLA4	curated	35338085	Xu Y	2022	J Immunother Cancer	Immunosuppressive tumor-associated macrophages expressing interlukin-10 conferred poor prognosis and therapeutic vulnerability in patients with muscle-invasive bladder cancer.	10.1136/jitc-2021-003416	CellMarker 2.0: Exhausted CD8+ T cell [Bladder; Experiment]
TNK.level2.CD8_T/CD8_exhausted	CTLA4	curated	35241110	Liu SQ	2022	J Hematol Oncol	Single-cell and spatially resolved analysis uncovers cell heterogeneity of breast cancer.	10.1186/s13045-022-01236-0	CellMarker 2.0: Exhausted T(Tex) cell [Colorectum; Experiment]
TNK.level2.CD8_T/CD8_exhausted	CTLA4	curated	35401551	Wang Z	2022	Front Immunol	Single-Cell Profiling Reveals Heterogeneity of Primary and Lymph Node Metastatic Tumors and Immune Cell Populations and Discovers Important Prognostic Significance of CCDC43 in Oral Squamous Cell Carcinoma.	10.3389/fimmu.2022.843322	CellMarker 2.0: Exhausted T(Tex) cell [Oral cavity; Experiment]
TNK.level2.CD8_T/CD8_exhausted	TOX	curated	34914499	Zheng L	2021	Science	Pan-cancer single-cell landscape of tumor-infiltrating T cells.	10.1126/science.abe6474	CellMarker 2.0: Exhausted T(Tex) cell [Undefined; Experiment]
TNK.level2.CD8_T/CD8_exhausted	TOX	curated	33101776	Sasidharan Nair V	2020	Oncoimmunology	Differential gene expression of tumor-infiltrating CD4(+) T cells in advanced versus early stage colorectal cancer and identification of a gene signature of poor prognosis.	10.1080/2162402X.2020.1825178	CellMarker 2.0: Exhausted T(Tex) cell [Intestine; Experiment]
TNK.level2.CD8_T/CD8_exhausted	TOX	curated	32222046	Cai MC	2020	J Pathol	T-cell exhaustion interrelates with immune cytolytic activity to shape the inflamed tumor microenvironment.	10.1002/path.5435	CellMarker 2.0: Dysfunctional T cell [Lung; Experiment]
TNK.level2.CD8_T/CD8_exhausted	CXCL13	curated	35132960	Egelston CA	2022	JCI Insight	Tumor-infiltrating exhausted CD8+ T cells dictate reduced survival in premenopausal estrogen receptor-positive breast cancer.	10.1172/jci.insight.153963	CellMarker 2.0: Exhausted CD8+ T cell [Breast; Experiment]
TNK.level2.CD8_T/CD8_exhausted	CXCL13	curated	35192548	Masuda K	2022	JCI Insight	Multiplexed single-cell analysis reveals prognostic and nonprognostic T cell types in human colorectal cancer.	10.1172/jci.insight.154646	CellMarker 2.0: Exhausted T(Tex) cell [Intestine; Experiment]
TNK.level2.CD8_T/CD8_exhausted	CXCL13	curated	34976204	Li X	2022	Theranostics	Single-cell RNA sequencing reveals a pro-invasive cancer-associated fibroblast subgroup associated with poor clinical outcomes in patients with gastric cancer.	10.7150/thno.60540	CellMarker 2.0: Exhausted T(Tex) cell [Stomach; Experiment]
TNK.level2.CD8_T/CD8_exhausted	ENTPD1	curated	35132960	Egelston CA	2022	JCI Insight	Tumor-infiltrating exhausted CD8+ T cells dictate reduced survival in premenopausal estrogen receptor-positive breast cancer.	10.1172/jci.insight.153963	CellMarker 2.0: Exhausted CD8+ T cell [Breast; Experiment]
TNK.level2.CD8_T/CD8_exhausted	ENTPD1	curated	34914499	Zheng L	2021	Science	Pan-cancer single-cell landscape of tumor-infiltrating T cells.	10.1126/science.abe6474	CellMarker 2.0: Exhausted T(Tex) cell [Undefined; Experiment]
TNK.level2.CD8_T/CD8_exhausted	ENTPD1	curated	32222046	Cai MC	2020	J Pathol	T-cell exhaustion interrelates with immune cytolytic activity to shape the inflamed tumor microenvironment.	10.1002/path.5435	CellMarker 2.0: Dysfunctional T cell [Lung; Experiment]
TNK.level2.CD8_T/CD8_exhausted	TNFRSF9	curated	34914499	Zheng L	2021	Science	Pan-cancer single-cell landscape of tumor-infiltrating T cells.	10.1126/science.abe6474	CellMarker 2.0: Exhausted T(Tex) cell [Undefined; Experiment]
TNK.level2.CD8_T/CD8_exhausted	TNFRSF9	curated	28622514	Zheng C	2017	Cell	Landscape of Infiltrating T Cells in Liver Cancer Revealed by Single-Cell Sequencing.	10.1016/j.cell.2017.05.035	CellMarker 2.0: Exhausted CD8+ T cell [Liver; Single-cell sequencing]
TNK.level2.CD8_T/CD8_exhausted	TNFRSF9	curated	35304295	Li XY	2022	Biochim Biophys Acta Rev Cancer	Understanding initiation and progression of hepatocellular carcinoma through single cell sequencing.	10.1016/j.bbcan.2022.188720	CellMarker 2.0: Exhausted CD8+ T cell [Liver; Review]
TNK.level2.CD8_T/CD8_exhausted	LAYN	curated	35241110	Liu SQ	2022	J Hematol Oncol	Single-cell and spatially resolved analysis uncovers cell heterogeneity of breast cancer.	10.1186/s13045-022-01236-0	CellMarker 2.0: Exhausted T(Tex) cell [Colorectum; Experiment]
TNK.level2.CD8_T/CD8_exhausted	LAYN	curated	35401551	Wang Z	2022	Front Immunol	Single-Cell Profiling Reveals Heterogeneity of Primary and Lymph Node Metastatic Tumors and Immune Cell Populations and Discovers Important Prognostic Significance of CCDC43 in Oral Squamous Cell Carcinoma.	10.3389/fimmu.2022.843322	CellMarker 2.0: Exhausted T(Tex) cell [Oral cavity; Experiment]
TNK.level2.CD8_T/CD8_exhausted	LAYN	curated	33575475	Deng W	2021	Mol Ther Oncolytics	Single-cell RNA-sequencing analyses identify heterogeneity of CD8(+) T cell subpopulations and novel therapy targets in melanoma.	10.1016/j.omto.2020.12.003	CellMarker 2.0: Exhausted CD8+ T cell [Undefined; Experiment]
TNK.level2.CD8_T/CD8_naive_memory	CCR7	curated	35013369	Tian J	2022	NPJ Parkinsons Dis	Specific immune status in Parkinson's disease at different ages of onset.	10.1038/s41531-021-00271-x	CellMarker 2.0: Central memory T cell [Blood; Experiment]
TNK.level2.CD8_T/CD8_naive_memory	CCR7	curated	35027754	Lozano AX	2022	Nat Med	T cell characteristics associated with toxicity to immune checkpoint blockade in patients with melanoma.	10.1038/s41591-021-01623-z	CellMarker 2.0: Naive T(Th0) cell [Blood; Experiment]
TNK.level2.CD8_T/CD8_naive_memory	CCR7	curated	35172892	Ma Y	2022	Genome Med	Integrating single-cell sequencing data with GWAS summary statistics reveals CD16+monocytes and memory CD8+T cells involved in severe COVID-19.	10.1186/s13073-022-01021-1	CellMarker 2.0: Naive CD8+ T cell [Peripheral blood; Experiment]
TNK.level2.CD8_T/CD8_naive_memory	SELL	curated	34989946	Schulze Lammers FC	2022	J Clin Immunol	Antiviral T-Cell Frequencies in a Healthy Population: Reference Values for Evaluating Antiviral Immune Cell Profiles in Immunocompromised Patients.	10.1007/s10875-021-01205-1	CellMarker 2.0: Central memory T cell [Blood; Experiment]
TNK.level2.CD8_T/CD8_naive_memory	SELL	curated	35027754	Lozano AX	2022	Nat Med	T cell characteristics associated with toxicity to immune checkpoint blockade in patients with melanoma.	10.1038/s41591-021-01623-z	CellMarker 2.0: Central memory T cell [Blood; Experiment]
TNK.level2.CD8_T/CD8_naive_memory	SELL	curated	35464424	Kollis PM	2022	Front Immunol	Characterising Distinct Migratory Profiles of Infiltrating T-Cell Subsets in Human Glioblastoma.	10.3389/fimmu.2022.850226	CellMarker 2.0: Effector memory T cell [Brain; Experiment]
TNK.level2.CD8_T/CD8_naive_memory	TCF7	curated	35027754	Lozano AX	2022	Nat Med	T cell characteristics associated with toxicity to immune checkpoint blockade in patients with melanoma.	10.1038/s41591-021-01623-z	CellMarker 2.0: Naive T(Th0) cell [Blood; Experiment]
TNK.level2.CD8_T/CD8_naive_memory	TCF7	curated	35172892	Ma Y	2022	Genome Med	Integrating single-cell sequencing data with GWAS summary statistics reveals CD16+monocytes and memory CD8+T cells involved in severe COVID-19.	10.1186/s13073-022-01021-1	CellMarker 2.0: Naive CD8+ T cell [Peripheral blood; Experiment]
TNK.level2.CD8_T/CD8_naive_memory	TCF7	curated	35464424	Kollis PM	2022	Front Immunol	Characterising Distinct Migratory Profiles of Infiltrating T-Cell Subsets in Human Glioblastoma.	10.3389/fimmu.2022.850226	CellMarker 2.0: Effector memory T cell [Brain; Experiment]
TNK.level2.CD8_T/CD8_naive_memory	LEF1	curated	35172892	Ma Y	2022	Genome Med	Integrating single-cell sequencing data with GWAS summary statistics reveals CD16+monocytes and memory CD8+T cells involved in severe COVID-19.	10.1186/s13073-022-01021-1	CellMarker 2.0: Naive CD8+ T cell [Peripheral blood; Experiment]
TNK.level2.CD8_T/CD8_naive_memory	LEF1	curated	35241110	Liu SQ	2022	J Hematol Oncol	Single-cell and spatially resolved analysis uncovers cell heterogeneity of breast cancer.	10.1186/s13045-022-01236-0	CellMarker 2.0: Naive T(Th0) cell [Colorectum; Experiment]
TNK.level2.CD8_T/CD8_naive_memory	LEF1	curated	35430299	Chuah S	2022	J Hepatol	Uncoupling immune trajectories of response and adverse events from anti-PD-1 immunotherapy in hepatocellular carcinoma.	10.1016/j.jhep.2022.03.039	CellMarker 2.0: Naive T(Th0) cell [Liver; Experiment]
TNK.level2.CD8_T/CD8_naive_memory	IL7R	curated	35185925	Yiu G	2022	Front Immunol	High Interferon Signature Leads to Increased STAT1/3/5 Phosphorylation in PBMCs From SLE Patients by Single Cell Mass Cytometry.	10.3389/fimmu.2022.833636	CellMarker 2.0: Central memory T cell [Blood; Experiment]
TNK.level2.CD8_T/CD8_naive_memory	IL7R	curated	35260165	Dussiau C	2022	BMC Biol	Hematopoietic differentiation is characterized by a transient peak of entropy at a single-cell level.	10.1186/s12915-022-01264-9	CellMarker 2.0: Naive T(Th0) cell [Bone marrow; Experiment]
TNK.level2.CD8_T/CD8_naive_memory	IL7R	curated	35464424	Kollis PM	2022	Front Immunol	Characterising Distinct Migratory Profiles of Infiltrating T-Cell Subsets in Human Glioblastoma.	10.3389/fimmu.2022.850226	CellMarker 2.0: Effector memory T cell [Brain; Experiment]
TNK.level2.CD4_T/Treg	FOXP3	curated	35338085	Xu Y	2022	J Immunother Cancer	Immunosuppressive tumor-associated macrophages expressing interlukin-10 conferred poor prognosis and therapeutic vulnerability in patients with muscle-invasive bladder cancer.	10.1136/jitc-2021-003416	CellMarker 2.0: Regulatory T(Treg) cell [Bladder; Experiment]
TNK.level2.CD4_T/Treg	FOXP3	curated	35213211	Schmiedel BJ	2022	Sci Immunol	Single-cell eQTL analysis of activated T cell subsets reveals activation and cell type-dependent effects of disease-risk variants.	10.1126/sciimmunol.abm2508	CellMarker 2.0: Regulatory T(Treg) cell [Blood; Experiment]
TNK.level2.CD4_T/Treg	FOXP3	curated	35422106	Dayao MT	2022	Nat Commun	Membrane marker selection for segmenting single cell spatial proteomics data.	10.1038/s41467-022-29667-w	CellMarker 2.0: Memory regulatory T cell [Bone marrow; Experiment]
TNK.level2.CD4_T/Treg	IL2RA	curated	35027754	Lozano AX	2022	Nat Med	T cell characteristics associated with toxicity to immune checkpoint blockade in patients with melanoma.	10.1038/s41591-021-01623-z	CellMarker 2.0: Regulatory T(Treg) cell [Blood; Experiment]
TNK.level2.CD4_T/Treg	IL2RA	curated	35040949	Kobayashi S	2022	Rheumatology (Oxford)	Dysregulation of the gene signature of effector regulatory T cells in the early phase of systemic sclerosis.	10.1093/rheumatology/keac031	CellMarker 2.0: Effector regulatory T(eTreg) cell [Peripheral blood; Experiment]
TNK.level2.CD4_T/Treg	IL2RA	curated	35185925	Yiu G	2022	Front Immunol	High Interferon Signature Leads to Increased STAT1/3/5 Phosphorylation in PBMCs From SLE Patients by Single Cell Mass Cytometry.	10.3389/fimmu.2022.833636	CellMarker 2.0: Regulatory T(Treg) cell [Blood; Experiment]
TNK.level2.CD4_T/Treg	CTLA4	curated	35213211	Schmiedel BJ	2022	Sci Immunol	Single-cell eQTL analysis of activated T cell subsets reveals activation and cell type-dependent effects of disease-risk variants.	10.1126/sciimmunol.abm2508	CellMarker 2.0: Follicular regulatory T(Tfr) cell [Blood; Experiment]
TNK.level2.CD4_T/Treg	CTLA4	curated	35192548	Masuda K	2022	JCI Insight	Multiplexed single-cell analysis reveals prognostic and nonprognostic T cell types in human colorectal cancer.	10.1172/jci.insight.154646	CellMarker 2.0: Regulatory T(Treg) cell [Intestine; Experiment]
TNK.level2.CD4_T/Treg	CTLA4	curated	35430299	Chuah S	2022	J Hepatol	Uncoupling immune trajectories of response and adverse events from anti-PD-1 immunotherapy in hepatocellular carcinoma.	10.1016/j.jhep.2022.03.039	CellMarker 2.0: Regulatory T(Treg) cell [Liver; Experiment]
TNK.level2.CD4_T/Treg	IKZF2	curated	35213211	Schmiedel BJ	2022	Sci Immunol	Single-cell eQTL analysis of activated T cell subsets reveals activation and cell type-dependent effects of disease-risk variants.	10.1126/sciimmunol.abm2508	CellMarker 2.0: Regulatory T(Treg) cell [Blood; Experiment]
TNK.level2.CD4_T/Treg	IKZF2	curated	33584715	Yang X	2020	Front Immunol	Single-Cell Analysis Reveals Characterization of Infiltrating T Cells in Moderately Differentiated Colorectal Cancer.	10.3389/fimmu.2020.620196	CellMarker 2.0: Regulatory T(Treg) cell [Peripheral blood; Experiment]
TNK.level2.CD4_T/Treg	IKZF2	curated	34365737	Wang X	2021	Adv Sci (Weinh)	Single-Cell RNA-Seq of T Cells in B-ALL Patients Reveals an Exhausted Subset with Remarkable Heterogeneity.	10.1002/advs.202101447	CellMarker 2.0: Regulatory T(Treg) cell [Peripheral blood; Experiment]
TNK.level2.CD4_T/Treg	TNFRSF18	curated	33841428	Chen Z	2021	Front Immunol	PNOC Expressed by B Cells in Cholangiocarcinoma Was Survival Related and LAIR2 Could Be a T Cell Exhaustion Biomarker in Tumor Microenvironment: Characterization of Immune Microenvironment Combining Single-Cell and Bulk Sequencing Technology.	10.3389/fimmu.2021.647209	CellMarker 2.0: Foxp3+ regulatory T cell [Bile duct; Experiment]
TNK.level2.CD4_T/Treg	TNFRSF18	curated	33482123	Ramelyte E	2021	Cancer Cell	Oncolytic virotherapy-mediated anti-tumor response: a single-cell perspective.	10.1016/j.ccell.2020.12.022	CellMarker 2.0: Regulatory T(Treg) cell [Skin; Experiment]
TNK.level2.CD4_T/Treg	TNFRSF18	curated	33900375	Bhatt D	2021	J Exp Med	STARTRAC analyses of scRNAseq data from tumor models reveal T cell dynamics and therapeutic targets.	10.1084/jem.20201329	CellMarker 2.0: Regulatory T (Treg) cell [Undefined; Experiment]
TNK.level2.CD4_T/Treg	CCR8	curated	33584715	Yang X	2020	Front Immunol	Single-Cell Analysis Reveals Characterization of Infiltrating T Cells in Moderately Differentiated Colorectal Cancer.	10.3389/fimmu.2020.620196	CellMarker 2.0: Tumor regulatory T cell [Peripheral blood; Experiment]
TNK.level2.CD4_T/Treg	CCR8	curated	34267752	Hu Z	2021	Front Immunol	EVA1C Is a Potential Prognostic Biomarker and Correlated With Immune Infiltration Levels in WHO Grade II/III Glioma.	10.3389/fimmu.2021.683572	CellMarker 2.0: Regulatory T(Treg) cell [Brain; Experiment]
TNK.level2.CD4_T/Treg	CCR8	curated	33457104	Tinholt M	2020	Oncoimmunology	Coagulation factor V is a marker of tumor-infiltrating immune cells in breast cancer.	10.1080/2162402X.2020.1824644	CellMarker 2.0: Regulatory T(Treg) cell [Breast; Experiment]
TNK.level2.CD4_T/Treg	TNFRSF4	curated	35192548	Masuda K	2022	JCI Insight	Multiplexed single-cell analysis reveals prognostic and nonprognostic T cell types in human colorectal cancer.	10.1172/jci.insight.154646	CellMarker 2.0: Regulatory T(Treg) cell [Intestine; Experiment]
TNK.level2.CD4_T/Treg	TNFRSF4	curated	34017124	Bonnal RJP	2021	Nat Immunol	Clonally expanded EOMES(+) Tr1-like cells in primary and metastatic tumors are associated with disease progression.	10.1038/s41590-021-00930-4	CellMarker 2.0: Regulatory T(Treg) cell [Colorectum; Experiment]
TNK.level2.CD4_T/Treg	TNFRSF4	curated	33482123	Ramelyte E	2021	Cancer Cell	Oncolytic virotherapy-mediated anti-tumor response: a single-cell perspective.	10.1016/j.ccell.2020.12.022	CellMarker 2.0: Regulatory T(Treg) cell [Skin; Experiment]
TNK.level2.CD4_T/Tfh	CXCL13	curated	35361683	Zhang C	2023	Gut	Single-cell RNA sequencing reveals intrahepatic and peripheral immune characteristics related to disease phases in HBV-infected patients.	10.1136/gutjnl-2021-325915	CellMarker 2.0: T follicular helper(Tfh) cell [Liver; Experiment]
TNK.level2.CD4_T/Tfh	CXCL13	curated	34140493	Debackere K	2021	Nat Commun	Fusion transcripts FYN-TRAF3IP2 and KHDRBS1-LCK hijack T cell receptor signaling in peripheral T-cell lymphoma, not otherwise specified.	10.1038/s41467-021-24037-4	CellMarker 2.0: T follicular helper(Tfh) cell [Peripheral blood; Experiment]
TNK.level2.CD4_T/Tfh	CXCL13	curated	34054812	Zhang C	2021	Front Immunol	Immune Landscape of Gastric Carcinoma Tumor Microenvironment Identifies a Peritoneal Relapse Relevant Immune Signature.	10.3389/fimmu.2021.651033	CellMarker 2.0: T follicular helper(Tfh) cell [Stomach; Experiment]
TNK.level2.CD4_T/Tfh	CXCR5	curated	35185925	Yiu G	2022	Front Immunol	High Interferon Signature Leads to Increased STAT1/3/5 Phosphorylation in PBMCs From SLE Patients by Single Cell Mass Cytometry.	10.3389/fimmu.2022.833636	CellMarker 2.0: T follicular helper(Tfh) cell [Blood; Experiment]
TNK.level2.CD4_T/Tfh	CXCR5	curated	35213211	Schmiedel BJ	2022	Sci Immunol	Single-cell eQTL analysis of activated T cell subsets reveals activation and cell type-dependent effects of disease-risk variants.	10.1126/sciimmunol.abm2508	CellMarker 2.0: T follicular helper(Tfh) cell [Blood; Experiment]
TNK.level2.CD4_T/Tfh	CXCR5	curated	35192548	Masuda K	2022	JCI Insight	Multiplexed single-cell analysis reveals prognostic and nonprognostic T cell types in human colorectal cancer.	10.1172/jci.insight.154646	CellMarker 2.0: T follicular helper(Tfh) cell [Intestine; Experiment]
TNK.level2.CD4_T/Tfh	BCL6	curated	35192548	Masuda K	2022	JCI Insight	Multiplexed single-cell analysis reveals prognostic and nonprognostic T cell types in human colorectal cancer.	10.1172/jci.insight.154646	CellMarker 2.0: T follicular helper(Tfh) cell [Intestine; Experiment]
TNK.level2.CD4_T/Tfh	BCL6	curated	34140493	Debackere K	2021	Nat Commun	Fusion transcripts FYN-TRAF3IP2 and KHDRBS1-LCK hijack T cell receptor signaling in peripheral T-cell lymphoma, not otherwise specified.	10.1038/s41467-021-24037-4	CellMarker 2.0: T follicular helper(Tfh) cell [Peripheral blood; Experiment]
TNK.level2.CD4_T/Tfh	BCL6	curated	34267752	Hu Z	2021	Front Immunol	EVA1C Is a Potential Prognostic Biomarker and Correlated With Immune Infiltration Levels in WHO Grade II/III Glioma.	10.3389/fimmu.2021.683572	CellMarker 2.0: T follicular helper(Tfh) cell [Brain; Experiment]
TNK.level2.CD4_T/Tfh	PDCD1	curated	35185925	Yiu G	2022	Front Immunol	High Interferon Signature Leads to Increased STAT1/3/5 Phosphorylation in PBMCs From SLE Patients by Single Cell Mass Cytometry.	10.3389/fimmu.2022.833636	CellMarker 2.0: T follicular helper(Tfh) cell [Blood; Experiment]
TNK.level2.CD4_T/Tfh	PDCD1	curated	35361683	Zhang C	2023	Gut	Single-cell RNA sequencing reveals intrahepatic and peripheral immune characteristics related to disease phases in HBV-infected patients.	10.1136/gutjnl-2021-325915	CellMarker 2.0: T follicular helper(Tfh) cell [Liver; Experiment]
TNK.level2.CD4_T/Tfh	PDCD1	curated	34140493	Debackere K	2021	Nat Commun	Fusion transcripts FYN-TRAF3IP2 and KHDRBS1-LCK hijack T cell receptor signaling in peripheral T-cell lymphoma, not otherwise specified.	10.1038/s41467-021-24037-4	CellMarker 2.0: T follicular helper(Tfh) cell [Peripheral blood; Experiment]
TNK.level2.CD4_T/Tfh	ICOS	curated	35361683	Zhang C	2023	Gut	Single-cell RNA sequencing reveals intrahepatic and peripheral immune characteristics related to disease phases in HBV-infected patients.	10.1136/gutjnl-2021-325915	CellMarker 2.0: T follicular helper(Tfh) cell [Liver; Experiment]
TNK.level2.CD4_T/Tfh	ICOS	curated	34140493	Debackere K	2021	Nat Commun	Fusion transcripts FYN-TRAF3IP2 and KHDRBS1-LCK hijack T cell receptor signaling in peripheral T-cell lymphoma, not otherwise specified.	10.1038/s41467-021-24037-4	CellMarker 2.0: T follicular helper(Tfh) cell [Peripheral blood; Experiment]
TNK.level2.CD4_T/Tfh	ICOS	curated	34617326	Robles-Valero J	2021	EMBO J	Cancer-associated mutations in VAV1 trigger variegated signaling outputs and T-cell lymphomagenesis.	10.15252/embj.2021108125	CellMarker 2.0: T follicular helper(Tfh) cell [Undefined; Experiment]
TNK.level2.CD4_T/Tfh	IL21	curated	35192548	Masuda K	2022	JCI Insight	Multiplexed single-cell analysis reveals prognostic and nonprognostic T cell types in human colorectal cancer.	10.1172/jci.insight.154646	CellMarker 2.0: T follicular helper(Tfh) cell [Intestine; Experiment]
TNK.level2.CD4_T/Tfh	IL21	curated	34267752	Hu Z	2021	Front Immunol	EVA1C Is a Potential Prognostic Biomarker and Correlated With Immune Infiltration Levels in WHO Grade II/III Glioma.	10.3389/fimmu.2021.683572	CellMarker 2.0: T follicular helper(Tfh) cell [Brain; Experiment]
TNK.level2.CD4_T/Tfh	IL21	curated	33457104	Tinholt M	2020	Oncoimmunology	Coagulation factor V is a marker of tumor-infiltrating immune cells in breast cancer.	10.1080/2162402X.2020.1824644	CellMarker 2.0: T follicular helper(Tfh) cell [Breast; Experiment]
TNK.level2.CD4_T/CD4_Th_effector	TBX21	curated	34267752	Hu Z	2021	Front Immunol	EVA1C Is a Potential Prognostic Biomarker and Correlated With Immune Infiltration Levels in WHO Grade II/III Glioma.	10.3389/fimmu.2021.683572	CellMarker 2.0: T helper 1(Th1) cell [Brain; Experiment]
TNK.level2.CD4_T/CD4_Th_effector	TBX21	curated	34426436	Lone W	2021	Clin Cancer Res	Genome-Wide miRNA Expression Profiling of Molecular Subgroups of Peripheral T-cell Lymphoma.	10.1158/1078-0432.CCR-21-0573	CellMarker 2.0: T helper(Th) cell [Lymph; Experiment]
TNK.level2.CD4_T/CD4_Th_effector	TBX21	curated	33986743	de Koning W	2021	Front Immunol	Identification, Validation, and Utilization of Immune Cells in Pancreatic Ductal Adenocarcinoma Based on Marker Genes.	10.3389/fimmu.2021.649061	CellMarker 2.0: T helper 1(Th1) cell [Pancreas; Experiment]
TNK.level2.CD4_T/CD4_Th_effector	IFNG	curated	35213211	Schmiedel BJ	2022	Sci Immunol	Single-cell eQTL analysis of activated T cell subsets reveals activation and cell type-dependent effects of disease-risk variants.	10.1126/sciimmunol.abm2508	CellMarker 2.0: T helper 1(Th1) cell [Blood; Experiment]
TNK.level2.CD4_T/CD4_Th_effector	IFNG	curated	33841428	Chen Z	2021	Front Immunol	PNOC Expressed by B Cells in Cholangiocarcinoma Was Survival Related and LAIR2 Could Be a T Cell Exhaustion Biomarker in Tumor Microenvironment: Characterization of Immune Microenvironment Combining Single-Cell and Bulk Sequencing Technology.	10.3389/fimmu.2021.647209	CellMarker 2.0: CD40LG+ T helper cell [Bile duct; Experiment]
TNK.level2.CD4_T/CD4_Th_effector	IFNG	curated	34044102	Dubin C	2022	J Am Acad Dermatol	Scalp and serum profiling of frontal fibrosing alopecia reveals scalp immune and fibrosis dysregulation with no systemic involvement.	10.1016/j.jaad.2021.05.016	CellMarker 2.0: T helper(Th) cell [Scalp; Experiment]
TNK.level2.CD4_T/CD4_Th_effector	GATA3	curated	34267752	Hu Z	2021	Front Immunol	EVA1C Is a Potential Prognostic Biomarker and Correlated With Immune Infiltration Levels in WHO Grade II/III Glioma.	10.3389/fimmu.2021.683572	CellMarker 2.0: T helper 2(Th2) cell [Brain; Experiment]
TNK.level2.CD4_T/CD4_Th_effector	GATA3	curated	34426436	Lone W	2021	Clin Cancer Res	Genome-Wide miRNA Expression Profiling of Molecular Subgroups of Peripheral T-cell Lymphoma.	10.1158/1078-0432.CCR-21-0573	CellMarker 2.0: T helper(Th) cell [Lymph; Experiment]
TNK.level2.CD4_T/CD4_Th_effector	GATA3	curated	34054812	Zhang C	2021	Front Immunol	Immune Landscape of Gastric Carcinoma Tumor Microenvironment Identifies a Peritoneal Relapse Relevant Immune Signature.	10.3389/fimmu.2021.651033	CellMarker 2.0: T helper 2(Th2) cell [Stomach; Experiment]
TNK.level2.CD4_T/CD4_Th_effector	RORC	curated	35213211	Schmiedel BJ	2022	Sci Immunol	Single-cell eQTL analysis of activated T cell subsets reveals activation and cell type-dependent effects of disease-risk variants.	10.1126/sciimmunol.abm2508	CellMarker 2.0: T helper 17(Th17) cell [Blood; Experiment]
TNK.level2.CD4_T/CD4_Th_effector	RORC	curated	35192548	Masuda K	2022	JCI Insight	Multiplexed single-cell analysis reveals prognostic and nonprognostic T cell types in human colorectal cancer.	10.1172/jci.insight.154646	CellMarker 2.0: T helper 17(Th17) cell [Intestine; Experiment]
TNK.level2.CD4_T/CD4_Th_effector	RORC	curated	34054812	Zhang C	2021	Front Immunol	Immune Landscape of Gastric Carcinoma Tumor Microenvironment Identifies a Peritoneal Relapse Relevant Immune Signature.	10.3389/fimmu.2021.651033	CellMarker 2.0: T helper 17(Th17) cell [Stomach; Experiment]
TNK.level2.CD4_T/CD4_Th_effector	IL17A	curated	35185925	Yiu G	2022	Front Immunol	High Interferon Signature Leads to Increased STAT1/3/5 Phosphorylation in PBMCs From SLE Patients by Single Cell Mass Cytometry.	10.3389/fimmu.2022.833636	CellMarker 2.0: T helper 17(Th17) cell [Blood; Experiment]
TNK.level2.CD4_T/CD4_Th_effector	IL17A	curated	35213211	Schmiedel BJ	2022	Sci Immunol	Single-cell eQTL analysis of activated T cell subsets reveals activation and cell type-dependent effects of disease-risk variants.	10.1126/sciimmunol.abm2508	CellMarker 2.0: T helper 17(Th17) cell [Blood; Experiment]
TNK.level2.CD4_T/CD4_Th_effector	IL17A	curated	35192548	Masuda K	2022	JCI Insight	Multiplexed single-cell analysis reveals prognostic and nonprognostic T cell types in human colorectal cancer.	10.1172/jci.insight.154646	CellMarker 2.0: T helper 17(Th17) cell [Intestine; Experiment]
TNK.level2.CD4_T/CD4_Th_effector	IL2	literature_text	14676299	Chen W	2003	J Exp Med	Conversion of peripheral CD4+CD25- naive T cells to CD4+CD25+ regulatory T cells by TGF-beta induction of transcription factor Foxp3.	10.1084/jem.20030152	Both OVA-specific production of Th1 ( , IL-2 and IFN-γ) and Th2 ( F, IL-4) cytokines were blunted in TGF-β–pretreated transgenic CD4 + T cells.
TNK.level2.CD4_T/CD4_Th_effector	IL2	literature_text	34248142	Zhao H	2021	Signal Transduct Target Ther	Inflammation and tumor progression: signaling pathways and targeted intervention.	10.1038/s41392-021-00658-5	Th1 cells, a lineage of CD4 + effector T cells characterized by the secretion of IL-2, IFN-γ, TNF-α, and lymphotoxin are principally responsible for activating and regulating the development and persistence of CTLs.
TNK.level2.CD4_T/CD4_Th_effector	CD40LG	curated	33841428	Chen Z	2021	Front Immunol	PNOC Expressed by B Cells in Cholangiocarcinoma Was Survival Related and LAIR2 Could Be a T Cell Exhaustion Biomarker in Tumor Microenvironment: Characterization of Immune Microenvironment Combining Single-Cell and Bulk Sequencing Technology.	10.3389/fimmu.2021.647209	CellMarker 2.0: CD40LG+ T helper cell [Bile duct; Experiment]
TNK.level2.CD4_T/CD4_Th_effector	CD40LG	curated	32351704	Zhao J	2020	Cell Discov	Single-cell RNA sequencing reveals the heterogeneity of liver-resident immune cells in human.	10.1038/s41421-020-0157-z	CellMarker 2.0: T follicular helper(Tfh) cell [Liver; Experiment]
TNK.level2.CD4_T/CD4_Th_effector	CD40LG	curated	30093597	Young MD	2018	Science	Single-cell transcriptomes from human kidneys reveal the cellular identity of renal tumors.	10.1126/science.aat1699	CellMarker 2.0: T helper cell [Kidney; Experiment]
TNK.level2.CD4_T/CD4_naive_memory	CCR7	curated	35013369	Tian J	2022	NPJ Parkinsons Dis	Specific immune status in Parkinson's disease at different ages of onset.	10.1038/s41531-021-00271-x	CellMarker 2.0: Central memory T cell [Blood; Experiment]
TNK.level2.CD4_T/CD4_naive_memory	CCR7	curated	35027754	Lozano AX	2022	Nat Med	T cell characteristics associated with toxicity to immune checkpoint blockade in patients with melanoma.	10.1038/s41591-021-01623-z	CellMarker 2.0: Naive T(Th0) cell [Blood; Experiment]
TNK.level2.CD4_T/CD4_naive_memory	CCR7	curated	35061012	Cai Y	2022	J Exp Med	Single-cell immune profiling reveals functional diversity of T cells in tuberculous pleural effusion.	10.1084/jem.20211777	CellMarker 2.0: Naive CD4 T cell [Blood; Experiment]
TNK.level2.CD4_T/CD4_naive_memory	SELL	curated	34989946	Schulze Lammers FC	2022	J Clin Immunol	Antiviral T-Cell Frequencies in a Healthy Population: Reference Values for Evaluating Antiviral Immune Cell Profiles in Immunocompromised Patients.	10.1007/s10875-021-01205-1	CellMarker 2.0: Central memory T cell [Blood; Experiment]
TNK.level2.CD4_T/CD4_naive_memory	SELL	curated	35027754	Lozano AX	2022	Nat Med	T cell characteristics associated with toxicity to immune checkpoint blockade in patients with melanoma.	10.1038/s41591-021-01623-z	CellMarker 2.0: Central memory T cell [Blood; Experiment]
TNK.level2.CD4_T/CD4_naive_memory	SELL	curated	35213211	Schmiedel BJ	2022	Sci Immunol	Single-cell eQTL analysis of activated T cell subsets reveals activation and cell type-dependent effects of disease-risk variants.	10.1126/sciimmunol.abm2508	CellMarker 2.0: Naive CD4+ T cell [Blood; Experiment]
TNK.level2.CD4_T/CD4_naive_memory	TCF7	curated	35027754	Lozano AX	2022	Nat Med	T cell characteristics associated with toxicity to immune checkpoint blockade in patients with melanoma.	10.1038/s41591-021-01623-z	CellMarker 2.0: Naive T(Th0) cell [Blood; Experiment]
TNK.level2.CD4_T/CD4_naive_memory	TCF7	curated	35172892	Ma Y	2022	Genome Med	Integrating single-cell sequencing data with GWAS summary statistics reveals CD16+monocytes and memory CD8+T cells involved in severe COVID-19.	10.1186/s13073-022-01021-1	CellMarker 2.0: Naive CD4+ T cell [Peripheral blood; Experiment]
TNK.level2.CD4_T/CD4_naive_memory	TCF7	curated	35213211	Schmiedel BJ	2022	Sci Immunol	Single-cell eQTL analysis of activated T cell subsets reveals activation and cell type-dependent effects of disease-risk variants.	10.1126/sciimmunol.abm2508	CellMarker 2.0: Naive CD4+ T cell [Blood; Experiment]
TNK.level2.CD4_T/CD4_naive_memory	LEF1	curated	35061012	Cai Y	2022	J Exp Med	Single-cell immune profiling reveals functional diversity of T cells in tuberculous pleural effusion.	10.1084/jem.20211777	CellMarker 2.0: Naive CD4 T cell [Blood; Experiment]
TNK.level2.CD4_T/CD4_naive_memory	LEF1	curated	35172892	Ma Y	2022	Genome Med	Integrating single-cell sequencing data with GWAS summary statistics reveals CD16+monocytes and memory CD8+T cells involved in severe COVID-19.	10.1186/s13073-022-01021-1	CellMarker 2.0: Naive CD4+ T cell [Peripheral blood; Experiment]
TNK.level2.CD4_T/CD4_naive_memory	LEF1	curated	35241110	Liu SQ	2022	J Hematol Oncol	Single-cell and spatially resolved analysis uncovers cell heterogeneity of breast cancer.	10.1186/s13045-022-01236-0	CellMarker 2.0: Naive T(Th0) cell [Colorectum; Experiment]
TNK.level2.CD4_T/CD4_naive_memory	IL7R	curated	35185925	Yiu G	2022	Front Immunol	High Interferon Signature Leads to Increased STAT1/3/5 Phosphorylation in PBMCs From SLE Patients by Single Cell Mass Cytometry.	10.3389/fimmu.2022.833636	CellMarker 2.0: Central memory T cell [Blood; Experiment]
TNK.level2.CD4_T/CD4_naive_memory	IL7R	curated	35260165	Dussiau C	2022	BMC Biol	Hematopoietic differentiation is characterized by a transient peak of entropy at a single-cell level.	10.1186/s12915-022-01264-9	CellMarker 2.0: Naive T(Th0) cell [Bone marrow; Experiment]
TNK.level2.CD4_T/CD4_naive_memory	IL7R	curated	35464424	Kollis PM	2022	Front Immunol	Characterising Distinct Migratory Profiles of Infiltrating T-Cell Subsets in Human Glioblastoma.	10.3389/fimmu.2022.850226	CellMarker 2.0: Effector memory T cell [Brain; Experiment]
Bcell.level1/B_cell	MS4A1	curated	35145509	Pagliarulo F	2021	Front Immunol	Molecular, Immunological, and Clinical Features Associated With Lymphoid Neogenesis in Muscle Invasive Bladder Cancer.	10.3389/fimmu.2021.793992	CellMarker 2.0: B cell [Bladder; Experiment]
Bcell.level1/B_cell	MS4A1	curated	35027754	Lozano AX	2022	Nat Med	T cell characteristics associated with toxicity to immune checkpoint blockade in patients with melanoma.	10.1038/s41591-021-01623-z	CellMarker 2.0: B cell [Blood; Experiment]
Bcell.level1/B_cell	MS4A1	curated	35111153	Kong F	2021	Front Immunol	Single-Cell Transcriptome Analysis of Chronic Antibody-Mediated Rejection After Renal Transplantation.	10.3389/fimmu.2021.767618	CellMarker 2.0: B cell [Peripheral blood; Experiment]
Bcell.level1/B_cell	CD79A	curated	35145509	Pagliarulo F	2021	Front Immunol	Molecular, Immunological, and Clinical Features Associated With Lymphoid Neogenesis in Muscle Invasive Bladder Cancer.	10.3389/fimmu.2021.793992	CellMarker 2.0: B cell [Bladder; Experiment]
Bcell.level1/B_cell	CD79A	curated	35069521	Zheng M	2021	Front Immunol	Prognostic Landscape of Tumor-Infiltrating T and B Cells in Human Cancer.	10.3389/fimmu.2021.731329	CellMarker 2.0: B cell [Peripheral blood; Experiment]
Bcell.level1/B_cell	CD79A	curated	35095917	Xu G	2021	Front Immunol	The Transient IFN Response and the Delay of Adaptive Immunity Feature the Severity of COVID-19.	10.3389/fimmu.2021.816745	CellMarker 2.0: B cell [Peripheral blood; Experiment]
Bcell.level1/B_cell	CD79B	curated	35111153	Kong F	2021	Front Immunol	Single-Cell Transcriptome Analysis of Chronic Antibody-Mediated Rejection After Renal Transplantation.	10.3389/fimmu.2021.767618	CellMarker 2.0: B cell [Peripheral blood; Experiment]
Bcell.level1/B_cell	CD79B	curated	35260165	Dussiau C	2022	BMC Biol	Hematopoietic differentiation is characterized by a transient peak of entropy at a single-cell level.	10.1186/s12915-022-01264-9	CellMarker 2.0: CD34+ pre-B cell [Bone marrow; Experiment]
Bcell.level1/B_cell	CD79B	curated	35322584	Ge G	2022	Adv Sci (Weinh)	Single-Cell RNA-seq Reveals a Developmental Hierarchy Super-Imposed Over Subclonal Evolution in the Cellular Ecosystem of Prostate Cancer.	10.1002/advs.202105530	CellMarker 2.0: B cell [Prostate; Experiment]
Bcell.level1/B_cell	CD19	curated	35145509	Pagliarulo F	2021	Front Immunol	Molecular, Immunological, and Clinical Features Associated With Lymphoid Neogenesis in Muscle Invasive Bladder Cancer.	10.3389/fimmu.2021.793992	CellMarker 2.0: B cell [Bladder; Experiment]
Bcell.level1/B_cell	CD19	curated	35338085	Xu Y	2022	J Immunother Cancer	Immunosuppressive tumor-associated macrophages expressing interlukin-10 conferred poor prognosis and therapeutic vulnerability in patients with muscle-invasive bladder cancer.	10.1136/jitc-2021-003416	CellMarker 2.0: B cell [Bladder; Experiment]
Bcell.level1/B_cell	CD19	curated	34975879	Cosma G	2021	Front Immunol	Prostate Cancer: Early Detection and Assessing Clinical Risk Using Deep Machine Learning of High Dimensional Peripheral Blood Flow Cytometric Phenotyping Data.	10.3389/fimmu.2021.786828	CellMarker 2.0: B cell [Blood; Experiment]
Bcell.level1/B_cell	BANK1	curated	35216676	Patil NS	2022	Cancer Cell	Intratumoral plasma cells predict outcomes to PD-L1 blockade in non-small cell lung cancer.	10.1016/j.ccell.2022.02.002	CellMarker 2.0: Follicular B cell [Lung; Experiment]
Bcell.level1/B_cell	BANK1	curated	32114394	Cai Y	2020	EBioMedicine	Single-cell transcriptomics of blood reveals a natural killer cell subset depletion in tuberculosis.	10.1016/j.ebiom.2020.102686	CellMarker 2.0: B cell [Blood; Experiment]
Bcell.level1/B_cell	BANK1	curated	33227818	Anand P	2021	Blood	Single-cell RNA-seq reveals developmental plasticity with coexisting oncogenic states and immune evasion programs in ETP-ALL.	10.1182/blood.2019004547	CellMarker 2.0: B cell [Blood; Experiment]
Bcell.level1/B_cell	PAX5	curated	34895340	Zeng H	2021	Cell Biosci	Single-cell RNA-sequencing reveals distinct immune cell subsets and signaling pathways in IgA nephropathy.	10.1186/s13578-021-00706-1	CellMarker 2.0: B cell [Peripheral blood; Experiment]
Bcell.level1/B_cell	PAX5	curated	34349096	Wang X	2021	Cell Discov	Dysregulated hematopoiesis in bone marrow marks severe COVID-19.	10.1038/s41421-021-00296-9	CellMarker 2.0: Immature B cell [Bone marrow; Experiment]
Bcell.level1/B_cell	PAX5	curated	32029736	Márquez EJ	2020	Nat Commun	Sexual-dimorphism in human immune system aging.	10.1038/s41467-020-14396-9	CellMarker 2.0: Naive B cell [Peripheral blood; Experiment]
Bcell.level1/B_cell	CD22	curated	33593977	Park A	2021	mBio	Molecular Signatures of Inflammatory Profile and B-Cell Function in Patients with Severe Fever with Thrombocytopenia Syndrome.	10.1128/mBio.02583-20	CellMarker 2.0: Memory B cell [Blood; Experiment]
Bcell.level1/B_cell	CD22	curated	34148065	Klairmont MM	2021	Mod Pathol	Clinicopathologic and prognostic features of TdT-negative pediatric B-lymphoblastic leukemia.	10.1038/s41379-021-00853-3	CellMarker 2.0: B cell [Peripheral blood; Experiment]
Bcell.level1/B_cell	CD22	curated	34702946	Zhu R	2021	Cell Res	Mesenchymal stem cell treatment improves outcome of COVID-19 patients via multiple immunomodulatory mechanisms.	10.1038/s41422-021-00573-y	CellMarker 2.0: B cell [Peripheral blood; Experiment]
Bcell.level1/B_cell	CIITA	curated	30093597	Young MD	2018	Science	Single-cell transcriptomes from human kidneys reveal the cellular identity of renal tumors.	10.1126/science.aat1699	CellMarker 2.0: B cell [Kidney; Single-cell sequencing]
Bcell.level1/Plasma	MZB1	curated	35250975	Yang J	2022	Front Immunol	Increased Expression of Tim-3 Is Associated With Depletion of NKT Cells In SARS-CoV-2 Infection.	10.3389/fimmu.2022.796682	CellMarker 2.0: Plasma cell [Peripheral blood; Experiment]
Bcell.level1/Plasma	MZB1	curated	35260165	Dussiau C	2022	BMC Biol	Hematopoietic differentiation is characterized by a transient peak of entropy at a single-cell level.	10.1186/s12915-022-01264-9	CellMarker 2.0: Plasma cell [Bone marrow; Experiment]
Bcell.level1/Plasma	MZB1	curated	35221332	Zheng X	2022	Signal Transduct Target Ther	Single-cell transcriptomic profiling unravels the adenoma-initiation role of protein tyrosine kinases during colorectal tumorigenesis.	10.1038/s41392-022-00881-8	CellMarker 2.0: Plasma cell [Colon; Experiment]
Bcell.level1/Plasma	XBP1	curated	35216676	Patil NS	2022	Cancer Cell	Intratumoral plasma cells predict outcomes to PD-L1 blockade in non-small cell lung cancer.	10.1016/j.ccell.2022.02.002	CellMarker 2.0: Plasma cell [Lung; Experiment]
Bcell.level1/Plasma	XBP1	curated	35096485	Peng WS	2022	Oncoimmunology	Dissecting the heterogeneity of the microenvironment in primary and recurrent nasopharyngeal carcinomas using single-cell RNA sequencing.	10.1080/2162402X.2022.2026583	CellMarker 2.0: Plasma cell [Nasopharynx; Experiment]
Bcell.level1/Plasma	XBP1	curated	35296668	Horeweg N	2022	Nat Commun	Tertiary lymphoid structures critical for prognosis in endometrial cancer patients.	10.1038/s41467-022-29040-x	CellMarker 2.0: Plasma cell [Endometrium; Experiment]
Bcell.level1/Plasma	PRDM1	curated	35296668	Horeweg N	2022	Nat Commun	Tertiary lymphoid structures critical for prognosis in endometrial cancer patients.	10.1038/s41467-022-29040-x	CellMarker 2.0: Plasma cell [Endometrium; Experiment]
Bcell.level1/Plasma	PRDM1	curated	34061047	Jiang R	2021	JCI Insight	Single-cell immunophenotyping of the skin lesion erythema migrans identifies IgM memory B cells.	10.1172/jci.insight.148035	CellMarker 2.0: Plasma cell [Skin; Experiment]
Bcell.level1/Plasma	PRDM1	curated	32194545	Attaf N	2020	Front Immunol	FB5P-seq: FACS-Based 5-Prime End Single-Cell RNA-seq for Integrative Analysis of Transcriptome and Antigen Receptor Repertoire in B and T Cells.	10.3389/fimmu.2020.00216	CellMarker 2.0: Plasma cell [Tonsil; Experiment]
Bcell.level1/Plasma	TNFRSF17	curated	35216676	Patil NS	2022	Cancer Cell	Intratumoral plasma cells predict outcomes to PD-L1 blockade in non-small cell lung cancer.	10.1016/j.ccell.2022.02.002	CellMarker 2.0: Plasma cell [Lung; Experiment]
Bcell.level1/Plasma	TNFRSF17	curated	33593977	Park A	2021	mBio	Molecular Signatures of Inflammatory Profile and B-Cell Function in Patients with Severe Fever with Thrombocytopenia Syndrome.	10.1128/mBio.02583-20	CellMarker 2.0: Plasmablast [Blood; Experiment]
Bcell.level1/Plasma	TNFRSF17	curated	33963182	Liu R	2021	Nat Commun	Co-evolution of tumor and immune cells during progression of multiple myeloma.	10.1038/s41467-021-22804-x	CellMarker 2.0: Plasma cell [Bone marrow; Experiment]
Bcell.level1/Plasma	DERL3	curated	35216676	Patil NS	2022	Cancer Cell	Intratumoral plasma cells predict outcomes to PD-L1 blockade in non-small cell lung cancer.	10.1016/j.ccell.2022.02.002	CellMarker 2.0: Plasma cell [Lung; Experiment]
Bcell.level1/Plasma	DERL3	curated	33359089	Devlin JC	2021	Gastroenterology	Single-Cell Transcriptional Survey of Ileal-Anal Pouch Immune Cells From Ulcerative Colitis Patients.	10.1053/j.gastro.2020.12.030	CellMarker 2.0: Plasma cell [Rectum; Experiment]
Bcell.level1/Plasma	DERL3	curated	32686767	Chen YP	2020	Cell Res	Single-cell transcriptomics reveals regulators underlying immune cell diversity and immune subtypes associated with prognosis in nasopharyngeal carcinoma.	10.1038/s41422-020-0374-x	CellMarker 2.0: Plasma cell [Nasopharynx; Experiment]
Bcell.level1/Plasma	CD38	curated	35027754	Lozano AX	2022	Nat Med	T cell characteristics associated with toxicity to immune checkpoint blockade in patients with melanoma.	10.1038/s41591-021-01623-z	CellMarker 2.0: Plasmablast B cell [Blood; Experiment]
Bcell.level1/Plasma	CD38	curated	35172892	Ma Y	2022	Genome Med	Integrating single-cell sequencing data with GWAS summary statistics reveals CD16+monocytes and memory CD8+T cells involved in severe COVID-19.	10.1186/s13073-022-01021-1	CellMarker 2.0: Plasma cell [Peripheral blood; Experiment]
Bcell.level1/Plasma	CD38	curated	35185925	Yiu G	2022	Front Immunol	High Interferon Signature Leads to Increased STAT1/3/5 Phosphorylation in PBMCs From SLE Patients by Single Cell Mass Cytometry.	10.3389/fimmu.2022.833636	CellMarker 2.0: Plasmablast [Blood; Experiment]
Bcell.level1/Plasma	IRF4	curated	34718330	Tang Y	2021	Cell Death Dis	A preliminary study of KAT2A on cGAS-related immunity in inflammation amplification of systemic lupus erythematosus.	10.1038/s41419-021-04323-1	CellMarker 2.0: Plasma cell [Peripheral blood; Experiment]
Bcell.level1/Plasma	IRF4	curated	34642171	Kumar V	2022	Cancer Discov	Single-Cell Atlas of Lineage States, Tumor Microenvironment, and Subtype-Specific Expression Programs in Gastric Cancer.	10.1158/2159-8290.CD-21-0683	CellMarker 2.0: Plasma cell [Stomach; Experiment]
Bcell.level1/Plasma	IRF4	curated	32194545	Attaf N	2020	Front Immunol	FB5P-seq: FACS-Based 5-Prime End Single-Cell RNA-seq for Integrative Analysis of Transcriptome and Antigen Receptor Repertoire in B and T Cells.	10.3389/fimmu.2020.00216	CellMarker 2.0: Plasma cell [Tonsil; Experiment]
Bcell.level1/Plasma	POU2AF1	curated	30093597	Young MD	2018	Science	Single-cell transcriptomes from human kidneys reveal the cellular identity of renal tumors.	10.1126/science.aat1699	CellMarker 2.0: Plasma cell [Kidney; Single-cell sequencing]
Bcell.level1/Proliferating_B	MKI67	curated	35095917	Xu G	2021	Front Immunol	The Transient IFN Response and the Delay of Adaptive Immunity Feature the Severity of COVID-19.	10.3389/fimmu.2021.816745	CellMarker 2.0: Cycling cell [Peripheral blood; Experiment]
Bcell.level1/Proliferating_B	MKI67	curated	35250976	Zhu L	2022	Front Immunol	Single-Cell Transcriptomics Reveals Peripheral Immune Responses in Anti-Synthetase Syndrome-Associated Interstitial Lung Disease.	10.3389/fimmu.2022.804034	CellMarker 2.0: Proliferative T cell [Peripheral blood; Experiment]
Bcell.level1/Proliferating_B	MKI67	curated	35038898	Gamage AM	2022	mBio	Human Nasal Epithelial Cells Sustain Persistent SARS-CoV-2 Infection In Vitro, despite Eliciting a Prolonged Antiviral Response.	10.1128/mbio.03436-21	CellMarker 2.0: Dividing cell [Nose; Experiment]
Bcell.level1/Proliferating_B	TOP2A	curated	33936064	Tang R	2021	Front Immunol	A Partial Picture of the Single-Cell Transcriptomics of Human IgA Nephropathy.	10.3389/fimmu.2021.645988	CellMarker 2.0: Cycling cell [Kidney; Experiment]
Bcell.level1/Proliferating_B	TOP2A	curated	33033240	Chen Z	2020	Nat Commun	Single-cell RNA sequencing highlights the role of inflammatory cancer-associated fibroblasts in bladder urothelial carcinoma.	10.1038/s41467-020-18916-5	CellMarker 2.0: Proliferating myeloid cell [Bladder; Experiment]
Bcell.level1/Proliferating_B	TOP2A	curated	32783921	Zhu L	2020	Immunity	Single-Cell Sequencing of Peripheral Mononuclear Cells Reveals Distinct Immune Response Landscapes of COVID-19 and Influenza Patients.	10.1016/j.immuni.2020.07.009	CellMarker 2.0: Cycling cell [Blood; Experiment]
Bcell.level1/Proliferating_B	AURKB	literature_text	28445465	Birey F	2017	Nature	Assembly of functionally integrated human forebrain spheroids.	10.1038/nature22330	BD Resolve system) (a) Distribution of expression of the neuronal marker STMN2 , (b) the progenitor marker VIM and of (c) a set of genes associated with the M cell cycle phase ( AURKB , TPX2 , UBE2C , HMMR , TOP2A , CCNB1 , NUSAP1 , NUF2 , CDC6 , HIST1H4C , BIRC5 , CKS2 ).
Bcell.level1/Proliferating_B	RRM2	literature_text	20305636	Davis ME	2010	Nature	Evidence of RNAi in humans from systemically administered siRNA via targeted nanoparticles.	10.1038/nature08956	Since RRM2 protein expression is largely restricted to the late G1/early S phase of cell cycle, not all of the tumor cells will be expressing RRM2. shows IHC data for RRM2 and TfR proteins in C1 pre and C1 post samples (IHC analyses were performed in a blinded fashion and 10 random regions of each sample were analyzed).
Bcell.level1/Proliferating_B	RRM2	literature_text	16280042	Pawitan Y	2005	Breast Cancer Res	Gene expression profiling spares early breast cancer patients from adjuvant therapy: derived and validated in two population-based cohorts.	10.1186/bcr1325	Among the genes associated with low-risk tumors we found CDKN1C, PDGFD, IGF1, HOXA5, SLIT2 and PTN, and many of the genes associated with high-risk tumors appeared to be involved in cell-cycle regulation (including CDC2, CDC20, BUB1B, PRC1 and RRM2) and in transcription (such as TOP2A).
Bcell.level1/pDC	LILRA4	curated	35250975	Yang J	2022	Front Immunol	Increased Expression of Tim-3 Is Associated With Depletion of NKT Cells In SARS-CoV-2 Infection.	10.3389/fimmu.2022.796682	CellMarker 2.0: Plasmacytoid dendritic cell(pDC) [Peripheral blood; Experiment]
Bcell.level1/pDC	LILRA4	curated	35250976	Zhu L	2022	Front Immunol	Single-Cell Transcriptomics Reveals Peripheral Immune Responses in Anti-Synthetase Syndrome-Associated Interstitial Lung Disease.	10.3389/fimmu.2022.804034	CellMarker 2.0: Plasmacytoid dendritic cell(pDC) [Peripheral blood; Experiment]
Bcell.level1/pDC	LILRA4	curated	35216676	Patil NS	2022	Cancer Cell	Intratumoral plasma cells predict outcomes to PD-L1 blockade in non-small cell lung cancer.	10.1016/j.ccell.2022.02.002	CellMarker 2.0: Plasmacytoid dendritic cell(pDC) [Lung; Experiment]
Bcell.level1/pDC	CLEC4C	curated	35250976	Zhu L	2022	Front Immunol	Single-Cell Transcriptomics Reveals Peripheral Immune Responses in Anti-Synthetase Syndrome-Associated Interstitial Lung Disease.	10.3389/fimmu.2022.804034	CellMarker 2.0: Plasmacytoid dendritic cell(pDC) [Peripheral blood; Experiment]
Bcell.level1/pDC	CLEC4C	curated	34354295	Hwang B	2021	Nat Methods	SCITO-seq: single-cell combinatorial indexed cytometry sequencing.	10.1038/s41592-021-01222-3	CellMarker 2.0: Plasmacytoid dendritic cell(pDC) [Peripheral blood; Experiment]
Bcell.level1/pDC	CLEC4C	curated	34702946	Zhu R	2021	Cell Res	Mesenchymal stem cell treatment improves outcome of COVID-19 patients via multiple immunomodulatory mechanisms.	10.1038/s41422-021-00573-y	CellMarker 2.0: Plasmacytoid dendritic cell(pDC) [Peripheral blood; Experiment]
Bcell.level1/pDC	IL3RA	curated	35095917	Xu G	2021	Front Immunol	The Transient IFN Response and the Delay of Adaptive Immunity Feature the Severity of COVID-19.	10.3389/fimmu.2021.816745	CellMarker 2.0: Plasmacytoid dendritic cell(pDC) [Peripheral blood; Experiment]
Bcell.level1/pDC	IL3RA	curated	35172892	Ma Y	2022	Genome Med	Integrating single-cell sequencing data with GWAS summary statistics reveals CD16+monocytes and memory CD8+T cells involved in severe COVID-19.	10.1186/s13073-022-01021-1	CellMarker 2.0: Plasmacytoid dendritic cell(pDC) [Peripheral blood; Experiment]
Bcell.level1/pDC	IL3RA	curated	35418195	Hoffmann C	2022	Nat Commun	PD-L1 and ICOSL discriminate human Secretory and Helper dendritic cells in cancer, allergy and autoimmunity.	10.1038/s41467-022-29516-w	CellMarker 2.0: Plasmacytoid dendritic cell(pDC) [Skin; Experiment]
Bcell.level1/pDC	TCF4	curated	34128959	Wilk AJ	2021	J Exp Med	Multi-omic profiling reveals widespread dysregulation of innate immunity and hematopoiesis in COVID-19.	10.1084/jem.20210582	CellMarker 2.0: Plasmacytoid dendritic cell(pDC) [Blood; Experiment]
Bcell.level1/pDC	TCF4	curated	34504491	Derakhshani A	2021	Front Immunol	The Role of Hemoglobin Subunit Delta in the Immunopathy of Multiple Sclerosis: Mitochondria Matters.	10.3389/fimmu.2021.709173	CellMarker 2.0: Plasmacytoid dendritic cell(pDC) [Cerebrospinal fluid; Experiment]
Bcell.level1/pDC	TCF4	curated	34527431	Cao K	2021	Oncoimmunology	Stromal infiltrating mast cells identify immunoevasive subtype high-grade serous ovarian cancer with poor prognosis and inferior immunotherapeutic response.	10.1080/2162402X.2021.1969075	CellMarker 2.0: Plasmacytoid dendritic cell(pDC) [Ovary; Experiment]
Bcell.level1/pDC	IRF7	curated	33359089	Devlin JC	2021	Gastroenterology	Single-Cell Transcriptional Survey of Ileal-Anal Pouch Immune Cells From Ulcerative Colitis Patients.	10.1053/j.gastro.2020.12.030	CellMarker 2.0: Plasmacytoid dendritic cell(pDC) [Rectum; Experiment]
Bcell.level1/pDC	IRF7	curated	32351704	Zhao J	2020	Cell Discov	Single-cell RNA sequencing reveals the heterogeneity of liver-resident immune cells in human.	10.1038/s41421-020-0157-z	CellMarker 2.0: Plasmacytoid dendritic cell(pDC) [Liver; Experiment]
Bcell.level1/pDC	IRF7	curated	32983174	Park JH	2020	Front Immunol	Re-analysis of Single Cell Transcriptome Reveals That the NR3C1-CXCL8-Neutrophil Axis Determines the Severity of COVID-19.	10.3389/fimmu.2020.02145	CellMarker 2.0: Plasmacytoid dendritic cell(pDC) [Bronchoalveolar system; Experiment]
Bcell.level1/cDC1	CLEC9A	curated	35154475	Chen Y	2022	Theranostics	Single-cell RNA landscape of the osteoimmunology microenvironment in periodontitis.	10.7150/thno.65694	CellMarker 2.0: CLEC9A+ dendritic cell [Periodontium; Experiment]
Bcell.level1/cDC1	CLEC9A	curated	34128959	Wilk AJ	2021	J Exp Med	Multi-omic profiling reveals widespread dysregulation of innate immunity and hematopoiesis in COVID-19.	10.1084/jem.20210582	CellMarker 2.0: Conventional dendritic cell 1(cDC1) [Blood; Experiment]
Bcell.level1/cDC1	CLEC9A	curated	34354295	Hwang B	2021	Nat Methods	SCITO-seq: single-cell combinatorial indexed cytometry sequencing.	10.1038/s41592-021-01222-3	CellMarker 2.0: Conventional dendritic cell 1(cDC1) [Peripheral blood; Experiment]
Bcell.level1/cDC1	XCR1	curated	34566985	Doyle CM	2021	Front Immunol	Optimal Isolation Protocols for Examining and Interrogating Mononuclear Phagocytes From Human Intestinal Tissue.	10.3389/fimmu.2021.727952	CellMarker 2.0: Conventional dendritic cell 1(cDC1) [Intestine; Experiment]
Bcell.level1/cDC1	XCR1	curated	33986743	de Koning W	2021	Front Immunol	Identification, Validation, and Utilization of Immune Cells in Pancreatic Ductal Adenocarcinoma Based on Marker Genes.	10.3389/fimmu.2021.649061	CellMarker 2.0: Conventional dendritic cell 1(cDC1) [Pancreas; Experiment]
Bcell.level1/cDC1	XCR1	curated	31892341	Madissoon E	2019	Genome Biol	scRNA-seq assessment of the human lung, spleen, and esophagus tissue stability after cold preservation.	10.1186/s13059-019-1906-x	CellMarker 2.0: Conventional dendritic cell 1(cDC1) [Lung; Experiment]
Bcell.level1/cDC1	BATF3	curated	28428369	Villani AC	2017	Science	Single-cell RNA-seq reveals new types of human blood dendritic cells, monocytes, and progenitors.	10.1126/science.aah4573	CellMarker 2.0: CD141+CLEC9A+ dendritic cell [Blood; Single-cell sequencing]
Bcell.level1/cDC1	IRF8	curated	32057296	Bosisio FM	2020	Elife	Functional heterogeneity of lymphocytic patterns in primary melanoma dissected through single-cell multiplexing.	10.7554/eLife.53008	CellMarker 2.0: Conventional dendritic cell 1(cDC1) [Skin; Experiment]
Bcell.level1/cDC1	IRF8	curated	33053333	Hughes TK	2020	Immunity	Second-Strand Synthesis-Based Massively Parallel scRNA-Seq Reveals Cellular States and Molecular Features of Human Inflammatory Skin Pathologies.	10.1016/j.immuni.2020.09.015	CellMarker 2.0: Conventional dendritic cell 1(cDC1) [Skin; Experiment]
Bcell.level1/cDC1	IRF8	primary_text	32269339	Maier B	2020	Nature	A conserved dendritic-cell regulatory program limits antitumour immunity.	10.1038/s41586-020-2134-y	Unsupervised clustering identified a DC1 cluster expressing CLEC9A , XCR1 and IRF8 and a DC2 cluster expressing CD1C and FCER1A ( ).
Bcell.level1/cDC1	CADM1	curated	28428369	Villani AC	2017	Science	Single-cell RNA-seq reveals new types of human blood dendritic cells, monocytes, and progenitors.	10.1126/science.aah4573	CellMarker 2.0: CD141+CLEC9A+ dendritic cell [Blood; Single-cell sequencing]
Bcell.level1/cDC1	CADM1	curated	35304295	Li XY	2022	Biochim Biophys Acta Rev Cancer	Understanding initiation and progression of hepatocellular carcinoma through single cell sequencing.	10.1016/j.bbcan.2022.188720	CellMarker 2.0: Conventional dendritic cell 1(cDC1) [Liver; Review]
Bcell.level1/cDC1	CADM1	curated	33601412	Gerhard GM	2021	J Exp Med	Tumor-infiltrating dendritic cell states are conserved across solid human cancers.	10.1084/jem.20200264	CellMarker 2.0: Conventional dendritic cell 1(cDC1) [Undefined; Review]
Bcell.level1/cross_T	CD3E	curated	35027754	Lozano AX	2022	Nat Med	T cell characteristics associated with toxicity to immune checkpoint blockade in patients with melanoma.	10.1038/s41591-021-01623-z	CellMarker 2.0: T cell [Blood; Experiment]
Bcell.level1/cross_T	CD3E	curated	35111153	Kong F	2021	Front Immunol	Single-Cell Transcriptome Analysis of Chronic Antibody-Mediated Rejection After Renal Transplantation.	10.3389/fimmu.2021.767618	CellMarker 2.0: T cell [Peripheral blood; Experiment]
Bcell.level1/cross_T	CD3E	curated	35165422	He J	2022	Cell Res	Defined tumor antigen-specific T cells potentiate personalized TCR-T cell therapy and prediction of immunotherapy response.	10.1038/s41422-022-00627-9	CellMarker 2.0: T cell [Peripheral blood; Experiment]
Bcell.level1/cross_T	CD3G	curated	35165422	He J	2022	Cell Res	Defined tumor antigen-specific T cells potentiate personalized TCR-T cell therapy and prediction of immunotherapy response.	10.1038/s41422-022-00627-9	CellMarker 2.0: T cell [Peripheral blood; Experiment]
Bcell.level1/cross_T	CD3G	curated	35096485	Peng WS	2022	Oncoimmunology	Dissecting the heterogeneity of the microenvironment in primary and recurrent nasopharyngeal carcinomas using single-cell RNA sequencing.	10.1080/2162402X.2022.2026583	CellMarker 2.0: Natural killer cell [Nasopharynx; Experiment]
Bcell.level1/cross_T	CD3G	curated	35322584	Ge G	2022	Adv Sci (Weinh)	Single-Cell RNA-seq Reveals a Developmental Hierarchy Super-Imposed Over Subclonal Evolution in the Cellular Ecosystem of Prostate Cancer.	10.1002/advs.202105530	CellMarker 2.0: T cell [Prostate; Experiment]
Bcell.level1/cross_T	CD2	curated	35165422	He J	2022	Cell Res	Defined tumor antigen-specific T cells potentiate personalized TCR-T cell therapy and prediction of immunotherapy response.	10.1038/s41422-022-00627-9	CellMarker 2.0: T cell [Peripheral blood; Experiment]
Bcell.level1/cross_T	CD2	curated	35121646	Peng YL	2022	J Immunother Cancer	Single-cell transcriptomics reveals a low CD8(+) T cell infiltrating state mediated by fibroblasts in recurrent renal cell carcinoma.	10.1136/jitc-2021-004206	CellMarker 2.0: T cell [Kidney; Experiment]
Bcell.level1/cross_T	CD2	curated	35219893	Li H	2022	Cell Mol Gastroenterol Hepatol	Single-cell Transcriptomic Architecture Unraveling the Complexity of Tumor Heterogeneity in Distal Cholangiocarcinoma.	10.1016/j.jcmgh.2022.02.014	CellMarker 2.0: T cell [Liver; Experiment]
Bcell.level1/cross_T	CD247	curated	35165422	He J	2022	Cell Res	Defined tumor antigen-specific T cells potentiate personalized TCR-T cell therapy and prediction of immunotherapy response.	10.1038/s41422-022-00627-9	CellMarker 2.0: T cell [Peripheral blood; Experiment]
Bcell.level1/cross_T	CD247	curated	33603736	Hong X	2020	Front Immunol	Single-Cell RNA Sequencing Reveals the Expansion of Cytotoxic CD4(+) T Lymphocytes and a Landscape of Immune Cells in Primary Sjögren's Syndrome.	10.3389/fimmu.2020.594658	CellMarker 2.0: Natural killer cell [Peripheral blood; Experiment]
Bcell.level1/cross_T	CD247	curated	33674591	Bost P	2021	Nat Commun	Deciphering the state of immune silence in fatal COVID-19 patients.	10.1038/s41467-021-21702-6	CellMarker 2.0: Natural killer cell [Blood; Experiment]
Bcell.level1/cross_T	CD8A	curated	35241110	Liu SQ	2022	J Hematol Oncol	Single-cell and spatially resolved analysis uncovers cell heterogeneity of breast cancer.	10.1186/s13045-022-01236-0	CellMarker 2.0: T cell [Bronchus; Experiment]
Bcell.level1/cross_T	CD8A	curated	35145509	Pagliarulo F	2021	Front Immunol	Molecular, Immunological, and Clinical Features Associated With Lymphoid Neogenesis in Muscle Invasive Bladder Cancer.	10.3389/fimmu.2021.793992	CellMarker 2.0: Cytotoxic T cell [Bladder; Experiment]
Bcell.level1/cross_T	CD8A	curated	34975879	Cosma G	2021	Front Immunol	Prostate Cancer: Early Detection and Assessing Clinical Risk Using Deep Machine Learning of High Dimensional Peripheral Blood Flow Cytometric Phenotyping Data.	10.3389/fimmu.2021.786828	CellMarker 2.0: Effector memory CD8+ T cell [Blood; Experiment]
Bcell.level1/cross_T	TRDC	curated	35250976	Zhu L	2022	Front Immunol	Single-Cell Transcriptomics Reveals Peripheral Immune Responses in Anti-Synthetase Syndrome-Associated Interstitial Lung Disease.	10.3389/fimmu.2022.804034	CellMarker 2.0: Gamma delta(γδ) T cell [Peripheral blood; Experiment]
Bcell.level1/cross_T	TRDC	curated	35361683	Zhang C	2023	Gut	Single-cell RNA sequencing reveals intrahepatic and peripheral immune characteristics related to disease phases in HBV-infected patients.	10.1136/gutjnl-2021-325915	CellMarker 2.0: Gamma delta(γδ) T cell [Liver; Experiment]
Bcell.level1/cross_T	TRDC	curated	33765436	Szabo PA	2021	Immunity	Longitudinal profiling of respiratory and systemic immune responses reveals myeloid cell-driven lung inflammation in severe COVID-19.	10.1016/j.immuni.2021.03.005	CellMarker 2.0: T cell [Airway; Experiment]
Bcell.level1/cross_Myeloid	CD14	curated	35013369	Tian J	2022	NPJ Parkinsons Dis	Specific immune status in Parkinson's disease at different ages of onset.	10.1038/s41531-021-00271-x	CellMarker 2.0: Monocyte [Blood; Experiment]
Bcell.level1/cross_Myeloid	CD14	curated	35027754	Lozano AX	2022	Nat Med	T cell characteristics associated with toxicity to immune checkpoint blockade in patients with melanoma.	10.1038/s41591-021-01623-z	CellMarker 2.0: Monocyte [Blood; Experiment]
Bcell.level1/cross_Myeloid	CD14	curated	35046942	Li X	2021	Front Immunol	Single-Cell Analysis Reveals the Immune Characteristics of Myeloid Cells and Memory T Cells in Recovered COVID-19 Patients With Different Severities.	10.3389/fimmu.2021.781432	CellMarker 2.0: Monocyte [Peripheral blood; Experiment]
Bcell.level1/cross_Myeloid	CD68	curated	35033156	Yang T	2022	J Exp Clin Cancer Res	Macrophages-aPKC(ɩ)-CCL5 Feedback Loop Modulates the Progression and Chemoresistance in Cholangiocarcinoma.	10.1186/s13046-021-02235-8	CellMarker 2.0: Macrophage [Bile duct; Experiment]
Bcell.level1/cross_Myeloid	CD68	curated	35338085	Xu Y	2022	J Immunother Cancer	Immunosuppressive tumor-associated macrophages expressing interlukin-10 conferred poor prognosis and therapeutic vulnerability in patients with muscle-invasive bladder cancer.	10.1136/jitc-2021-003416	CellMarker 2.0: Tumor‐associated macrophage (TAM) [Bladder; Experiment]
Bcell.level1/cross_Myeloid	CD68	curated	35136934	Li G	2022	Brain	An MRI radiomics approach to predict survival and tumour-infiltrating macrophages in gliomas.	10.1093/brain/awab340	CellMarker 2.0: Macrophage [Blood; Experiment]
Bcell.level1/cross_Myeloid	CSF1R	curated	35111153	Kong F	2021	Front Immunol	Single-Cell Transcriptome Analysis of Chronic Antibody-Mediated Rejection After Renal Transplantation.	10.3389/fimmu.2021.767618	CellMarker 2.0: Non-classical monocyte [Peripheral blood; Experiment]
Bcell.level1/cross_Myeloid	CSF1R	curated	35325594	Nalio Ramos R	2022	Cell	Tissue-resident FOLR2(+) macrophages associate with CD8(+) T cell infiltration in human breast cancer.	10.1016/j.cell.2022.02.021	CellMarker 2.0: Macrophage [Breast; Experiment]
Bcell.level1/cross_Myeloid	CSF1R	curated	35017463	Chen WJ	2022	Cell Death Dis	Heterogeneity of tumor microenvironment is associated with clinical prognosis of non-clear cell renal cell carcinoma: a single-cell genomics study.	10.1038/s41419-022-04501-9	CellMarker 2.0: M2 macrophage [Kidney; Experiment]
Bcell.level1/cross_Myeloid	MSR1	curated	35338085	Xu Y	2022	J Immunother Cancer	Immunosuppressive tumor-associated macrophages expressing interlukin-10 conferred poor prognosis and therapeutic vulnerability in patients with muscle-invasive bladder cancer.	10.1136/jitc-2021-003416	CellMarker 2.0: M2 macrophage [Bladder; Experiment]
Bcell.level1/cross_Myeloid	MSR1	curated	35361264	Shi Y	2022	Genome Biol	Decoding the multicellular ecosystem of vena caval tumor thrombus in clear cell renal cell carcinoma by single-cell RNA sequencing.	10.1186/s13059-022-02651-9	CellMarker 2.0: M2 macrophage [Kidney; Experiment]
Bcell.level1/cross_Myeloid	MSR1	curated	35440542	Qu Y	2022	Nat Commun	A proteogenomic analysis of clear cell renal cell carcinoma in a Chinese population.	10.1038/s41467-022-29577-x	CellMarker 2.0: Macrophage [Undefined; Experiment]
Bcell.level1/cross_Myeloid	CD163	curated	35338085	Xu Y	2022	J Immunother Cancer	Immunosuppressive tumor-associated macrophages expressing interlukin-10 conferred poor prognosis and therapeutic vulnerability in patients with muscle-invasive bladder cancer.	10.1136/jitc-2021-003416	CellMarker 2.0: M2 macrophage [Bladder; Experiment]
Bcell.level1/cross_Myeloid	CD163	curated	35136934	Li G	2022	Brain	An MRI radiomics approach to predict survival and tumour-infiltrating macrophages in gliomas.	10.1093/brain/awab340	CellMarker 2.0: Macrophage [Blood; Experiment]
Bcell.level1/cross_Myeloid	CD163	curated	35422106	Dayao MT	2022	Nat Commun	Membrane marker selection for segmenting single cell spatial proteomics data.	10.1038/s41467-022-29667-w	CellMarker 2.0: Monocyte [Bone marrow; Experiment]
Bcell.level1/cross_Myeloid	SIGLEC1	curated	35133977	Zhang B	2022	J Clin Invest	Single-cell RNA sequencing reveals induction of distinct trained-immunity programs in human monocytes.	10.1172/JCI147719	CellMarker 2.0: Tissue resident macrophage [Peripheral blood; Experiment]
Bcell.level1/cross_Myeloid	SIGLEC1	curated	35017463	Chen WJ	2022	Cell Death Dis	Heterogeneity of tumor microenvironment is associated with clinical prognosis of non-clear cell renal cell carcinoma: a single-cell genomics study.	10.1038/s41419-022-04501-9	CellMarker 2.0: M2 macrophage [Kidney; Experiment]
Bcell.level1/cross_Myeloid	SIGLEC1	curated	33408717	Tan YQ	2020	Front Immunol	Six Immune Associated Genes Construct Prognostic Model Evaluate Low-Grade Glioma.	10.3389/fimmu.2020.606164	CellMarker 2.0: M1 macrophage [Brain; Experiment]
Bcell.level1/cross_Myeloid	ITGAM	curated	35440542	Qu Y	2022	Nat Commun	A proteogenomic analysis of clear cell renal cell carcinoma in a Chinese population.	10.1038/s41467-022-29577-x	CellMarker 2.0: Macrophage [Undefined; Experiment]
Bcell.level1/cross_Myeloid	ITGAM	curated	33471078	Tsantilas P	2021	Cardiovasc Res	Chitinase 3 like 1 is a regulator of smooth muscle cell physiology and atherosclerotic lesion stability.	10.1093/cvr/cvab014	CellMarker 2.0: Macrophage [Blood; Experiment]
Bcell.level1/cross_Myeloid	ITGAM	curated	34721382	Bhattacharjee O	2021	Front Immunol	Epithelial-Macrophage Crosstalk Initiates Sterile Inflammation in Embryonic Skin.	10.3389/fimmu.2021.718005	CellMarker 2.0: Monocyte [Skin; Experiment]
Bcell.level1/cross_Myeloid	MRC1	curated	35033156	Yang T	2022	J Exp Clin Cancer Res	Macrophages-aPKC(ɩ)-CCL5 Feedback Loop Modulates the Progression and Chemoresistance in Cholangiocarcinoma.	10.1186/s13046-021-02235-8	CellMarker 2.0: M2 macrophage [Bile duct; Experiment]
Bcell.level1/cross_Myeloid	MRC1	curated	35338085	Xu Y	2022	J Immunother Cancer	Immunosuppressive tumor-associated macrophages expressing interlukin-10 conferred poor prognosis and therapeutic vulnerability in patients with muscle-invasive bladder cancer.	10.1136/jitc-2021-003416	CellMarker 2.0: M2 macrophage [Bladder; Experiment]
Bcell.level1/cross_Myeloid	MRC1	curated	35258704	Kogan PS	2022	Basic Res Cardiol	Uncovering the molecular identity of cardiosphere-derived cells (CDCs) by single-cell RNA sequencing.	10.1007/s00395-022-00913-y	CellMarker 2.0: Monocyte [Heart; Experiment]
Bcell.level1/cross_Myeloid	SLCO2B1	literature_text	31993307	Song W	2020	Acta Pharm Sin B	Solute carrier transporters: the metabolic gatekeepers of immune cells.	10.1016/j.apsb.2019.12.006	Some other members of the SLCO superfamily may have links to the immune responses as well, since SLCO2B1, SLCO3A1, and SLCO4A1 are expressed in monocytes and antigen-presenting cells, macrophages, and dendritic cells, among which SLCO2B1 and SLCO4A1 are notably more highly expressed than in the monocytes and dendritic cells, which indicates that they may have a role in macrophage maturation and ac
Bcell.level2.B_cell/Naive_B	TCL1A	curated	35096485	Peng WS	2022	Oncoimmunology	Dissecting the heterogeneity of the microenvironment in primary and recurrent nasopharyngeal carcinomas using single-cell RNA sequencing.	10.1080/2162402X.2022.2026583	CellMarker 2.0: Naive B cell [Nasopharynx; Experiment]
Bcell.level2.B_cell/Naive_B	TCL1A	curated	35296668	Horeweg N	2022	Nat Commun	Tertiary lymphoid structures critical for prognosis in endometrial cancer patients.	10.1038/s41467-022-29040-x	CellMarker 2.0: Naive B cell [Endometrium; Experiment]
Bcell.level2.B_cell/Naive_B	TCL1A	curated	33936072	Qi F	2021	Front Immunol	Single-Cell RNA Sequencing Analysis of the Immunometabolic Rewiring and Immunopathogenesis of Coronavirus Disease 2019.	10.3389/fimmu.2021.651656	CellMarker 2.0: Naive B cell [Peripheral blood; Experiment]
Bcell.level2.B_cell/Naive_B	FCER2	curated	35172892	Ma Y	2022	Genome Med	Integrating single-cell sequencing data with GWAS summary statistics reveals CD16+monocytes and memory CD8+T cells involved in severe COVID-19.	10.1186/s13073-022-01021-1	CellMarker 2.0: Naive B cell [Peripheral blood; Experiment]
Bcell.level2.B_cell/Naive_B	FCER2	curated	32047037	Maity PC	2020	Proc Natl Acad Sci U S A	IGLV3-21*01 is an inherited risk factor for CLL through the acquisition of a single-point mutation enabling autonomous BCR signaling.	10.1073/pnas.1913810117	CellMarker 2.0: Mature naive B cell [Blood; Experiment]
Bcell.level2.B_cell/Naive_B	FCER2	curated	32351704	Zhao J	2020	Cell Discov	Single-cell RNA sequencing reveals the heterogeneity of liver-resident immune cells in human.	10.1038/s41421-020-0157-z	CellMarker 2.0: Naive B cell [Blood; Experiment]
Bcell.level2.B_cell/Naive_B	IL4R	curated	34001847	He B	2021	Signal Transduct Target Ther	Rapid isolation and immune profiling of SARS-CoV-2 specific memory B cell in convalescent COVID-19 patients via LIBRA-seq.	10.1038/s41392-021-00610-7	CellMarker 2.0: Naive B cell [Blood; Experiment]
Bcell.level2.B_cell/Naive_B	IL4R	curated	34385315	Huang Z	2021	Proc Natl Acad Sci U S A	Effects of sex and aging on the immune cell landscape as assessed by single-cell transcriptomic analysis.	10.1073/pnas.2023216118	CellMarker 2.0: Naive B cell [Peripheral blood; Experiment]
Bcell.level2.B_cell/Naive_B	IL4R	curated	34895340	Zeng H	2021	Cell Biosci	Single-cell RNA-sequencing reveals distinct immune cell subsets and signaling pathways in IgA nephropathy.	10.1186/s13578-021-00706-1	CellMarker 2.0: Naive B cell [Peripheral blood; Experiment]
Bcell.level2.B_cell/Naive_B	BACH2	literature_text	33567273	Sutton HJ	2021	Cell Rep	Atypical B cells are part of an alternative lineage of B cells that participates in responses to vaccination and infection in humans.	10.1016/j.celrep.2020.108684	The first outlier cluster consisted of naive B cells, characterized by the expression of IGHD , as well as BACH2 and BTG1 ( A).
Bcell.level2.B_cell/Naive_B	SELL	curated	35296668	Horeweg N	2022	Nat Commun	Tertiary lymphoid structures critical for prognosis in endometrial cancer patients.	10.1038/s41467-022-29040-x	CellMarker 2.0: Naive B cell [Endometrium; Experiment]
Bcell.level2.B_cell/Naive_B	CCR7	curated	34465614	Zhang C	2021	Neurol Neuroimmunol Neuroinflamm	B-Cell Compartmental Features and Molecular Basis for Therapy in Autoimmune Disease.	10.1212/NXI.0000000000001070	CellMarker 2.0: Naive B cell [Undefined; Experiment]
Bcell.level2.B_cell/Naive_B	IGHD	curated	35172892	Ma Y	2022	Genome Med	Integrating single-cell sequencing data with GWAS summary statistics reveals CD16+monocytes and memory CD8+T cells involved in severe COVID-19.	10.1186/s13073-022-01021-1	CellMarker 2.0: Naive B cell [Peripheral blood; Experiment]
Bcell.level2.B_cell/Naive_B	IGHD	curated	35392082	Janjic BM	2022	Front Immunol	Human B Cells Mediate Innate Anti-Cancer Cytotoxicity Through Concurrent Engagement of Multiple TNF Superfamily Ligands.	10.3389/fimmu.2022.837842	CellMarker 2.0: Naive B cell [Peripheral blood; Experiment]
Bcell.level2.B_cell/Naive_B	IGHD	curated	35096485	Peng WS	2022	Oncoimmunology	Dissecting the heterogeneity of the microenvironment in primary and recurrent nasopharyngeal carcinomas using single-cell RNA sequencing.	10.1080/2162402X.2022.2026583	CellMarker 2.0: Naive B cell [Nasopharynx; Experiment]
Bcell.level2.B_cell/Naive_B	IGHM	curated	34895340	Zeng H	2021	Cell Biosci	Single-cell RNA-sequencing reveals distinct immune cell subsets and signaling pathways in IgA nephropathy.	10.1186/s13578-021-00706-1	CellMarker 2.0: Naive B cell [Peripheral blood; Experiment]
Bcell.level2.B_cell/Naive_B	IGHM	curated	34465614	Zhang C	2021	Neurol Neuroimmunol Neuroinflamm	B-Cell Compartmental Features and Molecular Basis for Therapy in Autoimmune Disease.	10.1212/NXI.0000000000001070	CellMarker 2.0: Naive B cell [Undefined; Experiment]
Bcell.level2.B_cell/Naive_B	IGHM	curated	32351704	Zhao J	2020	Cell Discov	Single-cell RNA sequencing reveals the heterogeneity of liver-resident immune cells in human.	10.1038/s41421-020-0157-z	CellMarker 2.0: Naive B cell [Blood; Experiment]
Bcell.level2.B_cell/Memory_B	CD27	curated	35027754	Lozano AX	2022	Nat Med	T cell characteristics associated with toxicity to immune checkpoint blockade in patients with melanoma.	10.1038/s41591-021-01623-z	CellMarker 2.0: Switched memory B cell(Sw MB) [Blood; Experiment]
Bcell.level2.B_cell/Memory_B	CD27	curated	35185925	Yiu G	2022	Front Immunol	High Interferon Signature Leads to Increased STAT1/3/5 Phosphorylation in PBMCs From SLE Patients by Single Cell Mass Cytometry.	10.3389/fimmu.2022.833636	CellMarker 2.0: Memory B cell [Blood; Experiment]
Bcell.level2.B_cell/Memory_B	CD27	curated	35250991	Wang P	2022	Front Immunol	Global Characterization of Peripheral B Cells in Parkinson's Disease by Single-Cell RNA and BCR Sequencing.	10.3389/fimmu.2022.814239	CellMarker 2.0: Memory B cell [Blood; Experiment]
Bcell.level2.B_cell/Memory_B	TNFRSF13B	primary_text	35549406	Domínguez Conde C	2022	Science	Cross-tissue immune cell analysis reveals tissue-specific features in humans.	10.1126/science.abl5197	Within memory B cells, which were characterized by expression of the B-cell lineage markers ( MS4A1, CD19 ) and TNFRSF13B , we found a transcriptomically distinct cluster positive for ITGAX, TBX21 and FCRL2 , encoding CD11c, T-bet and the Fc receptor-like protein 2, respectively ( ).
Bcell.level2.B_cell/Memory_B	CD80	literature_text	33657410	Ren X	2021	Cell	COVID-19 immune features revealed by a large-scale single-cell transcriptome atlas.	10.1016/j.cell.2021.01.053	The memory B cell cluster (B_c03-CD27-AIM2), expressing relatively high levels of CD27 , CD80 , AIM2 , GRIP2 , and COCH , was the second major source of plasma B cells and shared a large proportion of clonotypes with plasma cells and plasmablasts ( B).
Bcell.level2.B_cell/Memory_B	CD86	curated	33841428	Chen Z	2021	Front Immunol	PNOC Expressed by B Cells in Cholangiocarcinoma Was Survival Related and LAIR2 Could Be a T Cell Exhaustion Biomarker in Tumor Microenvironment: Characterization of Immune Microenvironment Combining Single-Cell and Bulk Sequencing Technology.	10.3389/fimmu.2021.647209	CellMarker 2.0: Memory B cell [Bile duct; Experiment]
Bcell.level2.B_cell/Memory_B	CD86	curated	34001847	He B	2021	Signal Transduct Target Ther	Rapid isolation and immune profiling of SARS-CoV-2 specific memory B cell in convalescent COVID-19 patients via LIBRA-seq.	10.1038/s41392-021-00610-7	CellMarker 2.0: Memory B cell [Blood; Experiment]
Bcell.level2.B_cell/Memory_B	CD86	curated	31968262	Horns F	2020	Cell Rep	Memory B Cell Activation, Broad Anti-influenza Antibodies, and Bystander Activation Revealed by Single-Cell Transcriptomics.	10.1016/j.celrep.2019.12.063	CellMarker 2.0: Activated memory B cell [Blood; Experiment]
Bcell.level2.B_cell/Memory_B	ITGAX	curated	34039612	Holla P	2021	Sci Adv	Shared transcriptional profiles of atypical B cells suggest common drivers of expansion and function in malaria, HIV, and autoimmunity.	10.1126/sciadv.abg8384	CellMarker 2.0: Atypical B cell(ABC) [Peripheral blood; Experiment]
Bcell.level2.B_cell/Memory_B	ITGAX	curated	34385315	Huang Z	2021	Proc Natl Acad Sci U S A	Effects of sex and aging on the immune cell landscape as assessed by single-cell transcriptomic analysis.	10.1073/pnas.2023216118	CellMarker 2.0: Age-associated B cell [Peripheral blood; Experiment]
Bcell.level2.B_cell/Memory_B	ITGAX	curated	31968262	Horns F	2020	Cell Rep	Memory B Cell Activation, Broad Anti-influenza Antibodies, and Bystander Activation Revealed by Single-Cell Transcriptomics.	10.1016/j.celrep.2019.12.063	CellMarker 2.0: Activated memory B cell [Blood; Experiment]
Bcell.level2.B_cell/Memory_B	TBX21	curated	31968262	Horns F	2020	Cell Rep	Memory B Cell Activation, Broad Anti-influenza Antibodies, and Bystander Activation Revealed by Single-Cell Transcriptomics.	10.1016/j.celrep.2019.12.063	CellMarker 2.0: Activated memory B cell [Blood; Experiment]
Bcell.level2.B_cell/Memory_B	TBX21	primary_text	35549406	Domínguez Conde C	2022	Science	Cross-tissue immune cell analysis reveals tissue-specific features in humans.	10.1126/science.abl5197	Within memory B cells, which were characterized by expression of the B-cell lineage markers ( MS4A1, CD19 ) and TNFRSF13B , we found a transcriptomically distinct cluster positive for ITGAX, TBX21 and FCRL2 , encoding CD11c, T-bet and the Fc receptor-like protein 2, respectively ( ).
Bcell.level2.B_cell/Memory_B	FCRL4	curated	31968262	Horns F	2020	Cell Rep	Memory B Cell Activation, Broad Anti-influenza Antibodies, and Bystander Activation Revealed by Single-Cell Transcriptomics.	10.1016/j.celrep.2019.12.063	CellMarker 2.0: Activated memory B cell [Blood; Experiment]
Bcell.level2.B_cell/Memory_B	FCRL4	curated	31408436	Garaud S	2019	JCI Insight	Tumor infiltrating B-cells signal functional humoral immune responses in breast cancer.	10.1172/jci.insight.129641	CellMarker 2.0: Tissue-like memory B cell [Peripheral blood; Experiment]
Bcell.level2.B_cell/Memory_B	FCRL5	curated	33841428	Chen Z	2021	Front Immunol	PNOC Expressed by B Cells in Cholangiocarcinoma Was Survival Related and LAIR2 Could Be a T Cell Exhaustion Biomarker in Tumor Microenvironment: Characterization of Immune Microenvironment Combining Single-Cell and Bulk Sequencing Technology.	10.3389/fimmu.2021.647209	CellMarker 2.0: Memory B cell [Bile duct; Experiment]
Bcell.level2.B_cell/Memory_B	FCRL5	curated	34039612	Holla P	2021	Sci Adv	Shared transcriptional profiles of atypical B cells suggest common drivers of expansion and function in malaria, HIV, and autoimmunity.	10.1126/sciadv.abg8384	CellMarker 2.0: Atypical B cell(ABC) [Peripheral blood; Experiment]
Bcell.level2.B_cell/Memory_B	FCRL5	curated	31552044	Ma CS	2019	Front Immunol	Flow Cytometric-Based Analysis of Defects in Lymphocyte Differentiation and Function Due to Inborn Errors of Immunity.	10.3389/fimmu.2019.02108	CellMarker 2.0: Aged memory B cell [Peripheral blood; Experiment]
Bcell.level2.B_cell/Memory_B	AIM2	curated	34895340	Zeng H	2021	Cell Biosci	Single-cell RNA-sequencing reveals distinct immune cell subsets and signaling pathways in IgA nephropathy.	10.1186/s13578-021-00706-1	CellMarker 2.0: Memory B cell [Peripheral blood; Experiment]
Bcell.level2.B_cell/Memory_B	AIM2	curated	31968262	Horns F	2020	Cell Rep	Memory B Cell Activation, Broad Anti-influenza Antibodies, and Bystander Activation Revealed by Single-Cell Transcriptomics.	10.1016/j.celrep.2019.12.063	CellMarker 2.0: Memory B cell [Blood; Experiment]
Bcell.level2.B_cell/GC_B	BCL6	curated	35296668	Horeweg N	2022	Nat Commun	Tertiary lymphoid structures critical for prognosis in endometrial cancer patients.	10.1038/s41467-022-29040-x	CellMarker 2.0: Germinal Centre (GC)-like cell [Endometrium; Experiment]
Bcell.level2.B_cell/GC_B	BCL6	curated	34597589	Steen CB	2021	Cancer Cell	The landscape of tumor cell states and ecosystems in diffuse large B cell lymphoma.	10.1016/j.ccell.2021.08.011	CellMarker 2.0: Germinal center B cell [Undefined; Experiment]
Bcell.level2.B_cell/GC_B	BCL6	curated	32603407	Holmes AB	2020	J Exp Med	Single-cell analysis of germinal-center B cells informs on lymphoma cell of origin and outcome.	10.1084/jem.20200483	CellMarker 2.0: Germinal center cell [Germinal center; Experiment]
Bcell.level2.B_cell/GC_B	AICDA	curated	32194545	Attaf N	2020	Front Immunol	FB5P-seq: FACS-Based 5-Prime End Single-Cell RNA-seq for Integrative Analysis of Transcriptome and Antigen Receptor Repertoire in B and T Cells.	10.3389/fimmu.2020.00216	CellMarker 2.0: Germinal center B cell [Tonsil; Experiment]
Bcell.level2.B_cell/GC_B	AICDA	curated	32703953	Connors JM	2020	Nat Rev Dis Primers	Hodgkin lymphoma.	10.1038/s41572-020-0189-6	CellMarker 2.0: Germinal center B cell [Lymph node; Review]
Bcell.level2.B_cell/GC_B	LMO2	curated	22914613	Chapman-Fredricks J	2013	Appl Immunohistochem Mol Morphol	Usefulness of HGAL and LMO2 immunohistochemistry in the identification of follicular lymphomas of the non-gastric gastrointestinal tract.	10.1097/PAI.0b013e31826399aa	CellMarker 2.0: Germinal center B cell [Lymphoid tissue; Experiment]
Bcell.level2.B_cell/GC_B	SUGCT	curated	32686767	Chen YP	2020	Cell Res	Single-cell transcriptomics reveals regulators underlying immune cell diversity and immune subtypes associated with prognosis in nasopharyngeal carcinoma.	10.1038/s41422-020-0374-x	CellMarker 2.0: Germinal center B cell [Nasopharynx; Experiment]
Bcell.level2.B_cell/GC_B	SERPINA9	curated	32686767	Chen YP	2020	Cell Res	Single-cell transcriptomics reveals regulators underlying immune cell diversity and immune subtypes associated with prognosis in nasopharyngeal carcinoma.	10.1038/s41422-020-0374-x	CellMarker 2.0: Germinal center B cell [Nasopharynx; Experiment]
Bcell.level2.B_cell/GC_B	CD38	curated	31209070	Cañete PF	2019	J Exp Med	Regulatory roles of IL-10-producing human follicular T cells.	10.1084/jem.20190493	CellMarker 2.0: Germinal center B cell [Salivary gland; Experiment]
Bcell.level2.B_cell/GC_B	MKI67	curated	35296668	Horeweg N	2022	Nat Commun	Tertiary lymphoid structures critical for prognosis in endometrial cancer patients.	10.1038/s41467-022-29040-x	CellMarker 2.0: Germinal Centre (GC)-like cell [Endometrium; Experiment]
Bcell.level2.B_cell/GC_B	MKI67	curated	32194545	Attaf N	2020	Front Immunol	FB5P-seq: FACS-Based 5-Prime End Single-Cell RNA-seq for Integrative Analysis of Transcriptome and Antigen Receptor Repertoire in B and T Cells.	10.3389/fimmu.2020.00216	CellMarker 2.0: Germinal center B cell [Tonsil; Experiment]
Bcell.level2.B_cell/GC_B	RGS13	curated	35216676	Patil NS	2022	Cancer Cell	Intratumoral plasma cells predict outcomes to PD-L1 blockade in non-small cell lung cancer.	10.1016/j.ccell.2022.02.002	CellMarker 2.0: Germinal center B cell [Lung; Experiment]
Bcell.level2.B_cell/GC_B	RGS13	curated	32686767	Chen YP	2020	Cell Res	Single-cell transcriptomics reveals regulators underlying immune cell diversity and immune subtypes associated with prognosis in nasopharyngeal carcinoma.	10.1038/s41422-020-0374-x	CellMarker 2.0: Germinal center B cell [Nasopharynx; Experiment]
Bcell.level2.Plasma/Plasmablast	MKI67	curated	34872616	Missarova A	2021	Genome Biol	geneBasis: an iterative approach for unsupervised selection of targeted gene panels from scRNA-seq.	10.1186/s13059-021-02548-z	CellMarker 2.0: Plasmablast [Spleen; Experiment]
Bcell.level2.Plasma/Plasmablast	TOP2A	literature_text	35140214	Zhang QY	2022	Nat Commun	Lymphocyte infiltration and thyrocyte destruction are driven by stromal and immune cell components in Hashimoto's thyroiditis.	10.1038/s41467-022-28120-2	Since B6 also expressed MKI67 and TOP2A, B6 and B7 were thus defined as plasmablasts and PCs, respectively (Fig. ).
Bcell.level2.Plasma/Plasmablast	TOP2A	literature_text	37158690	Ding S	2023	Cancer Commun (Lond)	Single-cell atlas reveals a distinct immune profile fostered by T cell-B cell crosstalk in triple negative breast cancer.	10.1002/cac2.12429	Besides genes related to antibody secretion, B_c06_PB_MKI67 also highly expressed proliferation genes, such as MKI67 , TOP2A , and UBE2C , thus, representing proliferating plasmablast.
Myeloid.level1/Macrophage	CD68	curated	35033156	Yang T	2022	J Exp Clin Cancer Res	Macrophages-aPKC(ɩ)-CCL5 Feedback Loop Modulates the Progression and Chemoresistance in Cholangiocarcinoma.	10.1186/s13046-021-02235-8	CellMarker 2.0: Macrophage [Bile duct; Experiment]
Myeloid.level1/Macrophage	CD68	curated	35338085	Xu Y	2022	J Immunother Cancer	Immunosuppressive tumor-associated macrophages expressing interlukin-10 conferred poor prognosis and therapeutic vulnerability in patients with muscle-invasive bladder cancer.	10.1136/jitc-2021-003416	CellMarker 2.0: Tumor‐associated macrophage (TAM) [Bladder; Experiment]
Myeloid.level1/Macrophage	CD68	curated	35136934	Li G	2022	Brain	An MRI radiomics approach to predict survival and tumour-infiltrating macrophages in gliomas.	10.1093/brain/awab340	CellMarker 2.0: Macrophage [Blood; Experiment]
Myeloid.level1/Macrophage	CD163	curated	35338085	Xu Y	2022	J Immunother Cancer	Immunosuppressive tumor-associated macrophages expressing interlukin-10 conferred poor prognosis and therapeutic vulnerability in patients with muscle-invasive bladder cancer.	10.1136/jitc-2021-003416	CellMarker 2.0: M2 macrophage [Bladder; Experiment]
Myeloid.level1/Macrophage	CD163	curated	35136934	Li G	2022	Brain	An MRI radiomics approach to predict survival and tumour-infiltrating macrophages in gliomas.	10.1093/brain/awab340	CellMarker 2.0: Macrophage [Blood; Experiment]
Myeloid.level1/Macrophage	CD163	curated	35422106	Dayao MT	2022	Nat Commun	Membrane marker selection for segmenting single cell spatial proteomics data.	10.1038/s41467-022-29667-w	CellMarker 2.0: Macrophage [Bone marrow; Experiment]
Myeloid.level1/Macrophage	MRC1	curated	35033156	Yang T	2022	J Exp Clin Cancer Res	Macrophages-aPKC(ɩ)-CCL5 Feedback Loop Modulates the Progression and Chemoresistance in Cholangiocarcinoma.	10.1186/s13046-021-02235-8	CellMarker 2.0: M2 macrophage [Bile duct; Experiment]
Myeloid.level1/Macrophage	MRC1	curated	35338085	Xu Y	2022	J Immunother Cancer	Immunosuppressive tumor-associated macrophages expressing interlukin-10 conferred poor prognosis and therapeutic vulnerability in patients with muscle-invasive bladder cancer.	10.1136/jitc-2021-003416	CellMarker 2.0: M2 macrophage [Bladder; Experiment]
Myeloid.level1/Macrophage	MRC1	curated	35258704	Kogan PS	2022	Basic Res Cardiol	Uncovering the molecular identity of cardiosphere-derived cells (CDCs) by single-cell RNA sequencing.	10.1007/s00395-022-00913-y	CellMarker 2.0: Macrophage [Heart; Experiment]
Myeloid.level1/Macrophage	MSR1	curated	35338085	Xu Y	2022	J Immunother Cancer	Immunosuppressive tumor-associated macrophages expressing interlukin-10 conferred poor prognosis and therapeutic vulnerability in patients with muscle-invasive bladder cancer.	10.1136/jitc-2021-003416	CellMarker 2.0: M2 macrophage [Bladder; Experiment]
Myeloid.level1/Macrophage	MSR1	curated	35361264	Shi Y	2022	Genome Biol	Decoding the multicellular ecosystem of vena caval tumor thrombus in clear cell renal cell carcinoma by single-cell RNA sequencing.	10.1186/s13059-022-02651-9	CellMarker 2.0: M2 macrophage [Kidney; Experiment]
Myeloid.level1/Macrophage	MSR1	curated	35440542	Qu Y	2022	Nat Commun	A proteogenomic analysis of clear cell renal cell carcinoma in a Chinese population.	10.1038/s41467-022-29577-x	CellMarker 2.0: Macrophage [Undefined; Experiment]
Myeloid.level1/Macrophage	CSF1R	curated	35325594	Nalio Ramos R	2022	Cell	Tissue-resident FOLR2(+) macrophages associate with CD8(+) T cell infiltration in human breast cancer.	10.1016/j.cell.2022.02.021	CellMarker 2.0: Macrophage [Breast; Experiment]
Myeloid.level1/Macrophage	CSF1R	curated	35017463	Chen WJ	2022	Cell Death Dis	Heterogeneity of tumor microenvironment is associated with clinical prognosis of non-clear cell renal cell carcinoma: a single-cell genomics study.	10.1038/s41419-022-04501-9	CellMarker 2.0: M2 macrophage [Kidney; Experiment]
Myeloid.level1/Macrophage	CSF1R	curated	35165277	Fan X	2022	Cell Discov	Integrated single-cell multiomics analysis reveals novel candidate markers for prognosis in human pancreatic ductal adenocarcinoma.	10.1038/s41421-021-00366-y	CellMarker 2.0: Macrophage [Pancreas; Experiment]
Myeloid.level1/Macrophage	MARCO	curated	33765436	Szabo PA	2021	Immunity	Longitudinal profiling of respiratory and systemic immune responses reveals myeloid cell-driven lung inflammation in severe COVID-19.	10.1016/j.immuni.2021.03.005	CellMarker 2.0: Macrophage [Airway; Experiment]
Myeloid.level1/Macrophage	MARCO	curated	33897687	Khuzwayo S	2021	Front Immunol	MR1-Restricted MAIT Cells From The Human Lung Mucosal Surface Have Distinct Phenotypic, Functional, and Transcriptomic Features That Are Preserved in HIV Infection.	10.3389/fimmu.2021.631410	CellMarker 2.0: Macrophage [Peripheral blood; Experiment]
Myeloid.level1/Macrophage	MARCO	curated	34663877	Bischoff P	2021	Oncogene	Single-cell RNA sequencing reveals distinct tumor microenvironmental patterns in lung adenocarcinoma.	10.1038/s41388-021-02054-3	CellMarker 2.0: Alveolar macrophage [Lung; Experiment]
Myeloid.level1/Macrophage	FOLR2	curated	35181780	Mujal AM	2022	Cancer Immunol Res	Holistic Characterization of Tumor Monocyte-to-Macrophage Differentiation Integrates Distinct Immune Phenotypes in Kidney Cancer.	10.1158/2326-6066.CIR-21-0588	CellMarker 2.0: Macrophage [Kidney; Experiment]
Myeloid.level1/Macrophage	FOLR2	curated	34380013	Bäckdahl J	2021	Cell Metab	Spatial mapping reveals human adipocyte subpopulations with distinct sensitivities to insulin.	10.1016/j.cmet.2021.07.018	CellMarker 2.0: M2 macrophage [Adipose tissue; Experiment]
Myeloid.level1/Macrophage	FOLR2	curated	34168655	Chen P	2021	Front Immunol	The Immune Atlas of Human Deciduas With Unexplained Recurrent Pregnancy Loss.	10.3389/fimmu.2021.689019	CellMarker 2.0: Macrophage [Decidua; Experiment]
Myeloid.level1/Macrophage	TREM2	curated	35017463	Chen WJ	2022	Cell Death Dis	Heterogeneity of tumor microenvironment is associated with clinical prognosis of non-clear cell renal cell carcinoma: a single-cell genomics study.	10.1038/s41419-022-04501-9	CellMarker 2.0: M2 macrophage [Kidney; Experiment]
Myeloid.level1/Macrophage	TREM2	curated	34380013	Bäckdahl J	2021	Cell Metab	Spatial mapping reveals human adipocyte subpopulations with distinct sensitivities to insulin.	10.1016/j.cmet.2021.07.018	CellMarker 2.0: M1 macrophage [Adipose tissue; Experiment]
Myeloid.level1/Macrophage	TREM2	curated	34019793	Obradovic A	2021	Cell	Single-cell protein activity analysis identifies recurrence-associated renal tumor macrophages.	10.1016/j.cell.2021.04.038	CellMarker 2.0: Macrophage [Kidney; Experiment]
Myeloid.level1/Macrophage	SIGLEC1	curated	35133977	Zhang B	2022	J Clin Invest	Single-cell RNA sequencing reveals induction of distinct trained-immunity programs in human monocytes.	10.1172/JCI147719	CellMarker 2.0: Tissue resident macrophage [Peripheral blood; Experiment]
Myeloid.level1/Macrophage	SIGLEC1	curated	35017463	Chen WJ	2022	Cell Death Dis	Heterogeneity of tumor microenvironment is associated with clinical prognosis of non-clear cell renal cell carcinoma: a single-cell genomics study.	10.1038/s41419-022-04501-9	CellMarker 2.0: M2 macrophage [Kidney; Experiment]
Myeloid.level1/Macrophage	SIGLEC1	curated	33408717	Tan YQ	2020	Front Immunol	Six Immune Associated Genes Construct Prognostic Model Evaluate Low-Grade Glioma.	10.3389/fimmu.2020.606164	CellMarker 2.0: M1 macrophage [Brain; Experiment]
Myeloid.level1/Macrophage	STAB1	curated	33017217	Li Y	2020	Circulation	Single-Cell Transcriptome Analysis Reveals Dynamic Cell Populations and Differential Gene Expression Patterns in Control and Aneurysmal Human Aortic Tissue.	10.1161/CIRCULATIONAHA.120.046528	CellMarker 2.0: M2 macrophage [Heart; Experiment]
Myeloid.level1/Macrophage	STAB1	curated	33144684	He D	2021	Oncogene	Single-cell RNA sequencing reveals heterogeneous tumor and immune cell populations in early-stage lung adenocarcinomas harboring EGFR mutations.	10.1038/s41388-020-01528-0	CellMarker 2.0: M2 macrophage [Lung; Experiment]
Myeloid.level1/Macrophage	SLCO2B1	literature_text	31993307	Song W	2020	Acta Pharm Sin B	Solute carrier transporters: the metabolic gatekeepers of immune cells.	10.1016/j.apsb.2019.12.006	Some other members of the SLCO superfamily may have links to the immune responses as well, since SLCO2B1, SLCO3A1, and SLCO4A1 are expressed in monocytes and antigen-presenting cells, macrophages, and dendritic cells, among which SLCO2B1 and SLCO4A1 are notably more highly expressed than in the monocytes and dendritic cells, which indicates that they may have a role in macrophage maturation and ac
Myeloid.level1/Macrophage	C1QA	curated	35017463	Chen WJ	2022	Cell Death Dis	Heterogeneity of tumor microenvironment is associated with clinical prognosis of non-clear cell renal cell carcinoma: a single-cell genomics study.	10.1038/s41419-022-04501-9	CellMarker 2.0: M2 macrophage [Kidney; Experiment]
Myeloid.level1/Macrophage	C1QA	curated	35140113	Yang L	2022	J Immunother Cancer	Single-cell transcriptome analysis revealed a suppressive tumor immune microenvironment in EGFR mutant lung adenocarcinoma.	10.1136/jitc-2021-003534	CellMarker 2.0: Macrophage [Lung; Experiment]
Myeloid.level1/Macrophage	C1QA	curated	35154475	Chen Y	2022	Theranostics	Single-cell RNA landscape of the osteoimmunology microenvironment in periodontitis.	10.7150/thno.65694	CellMarker 2.0: Macrophage [Periodontium; Experiment]
Myeloid.level1/Macrophage	C1QB	curated	35017463	Chen WJ	2022	Cell Death Dis	Heterogeneity of tumor microenvironment is associated with clinical prognosis of non-clear cell renal cell carcinoma: a single-cell genomics study.	10.1038/s41419-022-04501-9	CellMarker 2.0: M2 macrophage [Kidney; Experiment]
Myeloid.level1/Macrophage	C1QB	curated	35322584	Ge G	2022	Adv Sci (Weinh)	Single-Cell RNA-seq Reveals a Developmental Hierarchy Super-Imposed Over Subclonal Evolution in the Cellular Ecosystem of Prostate Cancer.	10.1002/advs.202105530	CellMarker 2.0: Macrophage [Prostate; Experiment]
Myeloid.level1/Macrophage	C1QB	curated	33936064	Tang R	2021	Front Immunol	A Partial Picture of the Single-Cell Transcriptomics of Human IgA Nephropathy.	10.3389/fimmu.2021.645988	CellMarker 2.0: Macrophage [Kidney; Experiment]
Myeloid.level1/Monocyte	FCN1	curated	35111153	Kong F	2021	Front Immunol	Single-Cell Transcriptome Analysis of Chronic Antibody-Mediated Rejection After Renal Transplantation.	10.3389/fimmu.2021.767618	CellMarker 2.0: Classical monocyte [Peripheral blood; Experiment]
Myeloid.level1/Monocyte	FCN1	curated	35443043	Liu M	2022	Clin Cancer Res	Improved T-cell Immunity Following Neoadjuvant Chemotherapy in Ovarian Cancer.	10.1158/1078-0432.CCR-21-2834	CellMarker 2.0: Monocyte [Blood; Experiment]
Myeloid.level1/Monocyte	FCN1	curated	35347134	Song G	2022	Nat Commun	Single-cell transcriptomic analysis suggests two molecularly subtypes of intrahepatic cholangiocarcinoma.	10.1038/s41467-022-29164-0	CellMarker 2.0: Monocyte [Liver; Experiment]
Myeloid.level1/Monocyte	CCR2	curated	34128959	Wilk AJ	2021	J Exp Med	Multi-omic profiling reveals widespread dysregulation of innate immunity and hematopoiesis in COVID-19.	10.1084/jem.20210582	CellMarker 2.0: Monocyte [Blood; Experiment]
Myeloid.level1/Monocyte	CCR2	curated	34914922	Wendisch D	2021	Cell	SARS-CoV-2 infection triggers profibrotic macrophage responses and lung fibrosis.	10.1016/j.cell.2021.11.033	CellMarker 2.0: Monocyte [Lung; Experiment]
Myeloid.level1/Monocyte	CCR2	curated	33497362	Wattenberg MM	2021	JCI Insight	Systemic inflammation is a determinant of outcomes of CD40 agonist-based therapy in pancreatic cancer patients.	10.1172/jci.insight.145389	CellMarker 2.0: Inflammatory monocyte [Pancreas; Experiment]
Myeloid.level1/Monocyte	SELL	curated	34721400	Mukund K	2021	Front Immunol	Immune Response in Severe and Non-Severe Coronavirus Disease 2019 (COVID-19) Infection: A Mechanistic Landscape.	10.3389/fimmu.2021.738073	CellMarker 2.0: Monocyte [Peripheral blood; Experiment]
Myeloid.level1/Monocyte	SELL	curated	32690901	Wang X	2020	Cell Res	Comparative analysis of cell lineage differentiation during hepatogenesis in humans and mice at the single-cell transcriptome level.	10.1038/s41422-020-0378-6	CellMarker 2.0: Monocyte [Fetal liver; Experiment]
Myeloid.level1/Monocyte	SELL	curated	21906465	Li ZT	2011	Xi Bao Yu Fen Zi Mian Yi Xue Za Zhi	[Differences between CD3⁺ TCRvα24⁺ NKT cell and CD3⁺ TCRvβ11⁺ NKT cell in PBMC].		CellMarker 2.0: Monocyte [Peripheral blood; Experiment]
Myeloid.level1/Monocyte	LILRB2	curated	30093597	Young MD	2018	Science	Single-cell transcriptomes from human kidneys reveal the cellular identity of renal tumors.	10.1126/science.aat1699	CellMarker 2.0: Monocyte [Fetal kidney; Single-cell sequencing]
Myeloid.level1/Monocyte	CDKN1C	curated	35111153	Kong F	2021	Front Immunol	Single-Cell Transcriptome Analysis of Chronic Antibody-Mediated Rejection After Renal Transplantation.	10.3389/fimmu.2021.767618	CellMarker 2.0: Non-classical monocyte [Peripheral blood; Experiment]
Myeloid.level1/Monocyte	CX3CR1	curated	35124428	Chen T	2022	EBioMedicine	The independent prognostic value of global epigenetic alterations: An analysis of single-cell ATAC-seq of circulating leukocytes from trauma patients followed by validation in whole blood leukocyte transcriptomes across three etiologies of critical illness.	10.1016/j.ebiom.2022.103860	CellMarker 2.0: CD16+ monocyte [Blood; Experiment]
Myeloid.level1/Monocyte	CX3CR1	curated	35172892	Ma Y	2022	Genome Med	Integrating single-cell sequencing data with GWAS summary statistics reveals CD16+monocytes and memory CD8+T cells involved in severe COVID-19.	10.1186/s13073-022-01021-1	CellMarker 2.0: CD16+ monocyte [Peripheral blood; Experiment]
Myeloid.level1/Monocyte	CX3CR1	curated	33144684	He D	2021	Oncogene	Single-cell RNA sequencing reveals heterogeneous tumor and immune cell populations in early-stage lung adenocarcinomas harboring EGFR mutations.	10.1038/s41388-020-01528-0	CellMarker 2.0: Monocyte [Lung; Experiment]
Myeloid.level1/Monocyte	S100A8	curated	35069521	Zheng M	2021	Front Immunol	Prognostic Landscape of Tumor-Infiltrating T and B Cells in Human Cancer.	10.3389/fimmu.2021.731329	CellMarker 2.0: Monocyte [Peripheral blood; Experiment]
Myeloid.level1/Monocyte	S100A8	curated	35325594	Nalio Ramos R	2022	Cell	Tissue-resident FOLR2(+) macrophages associate with CD8(+) T cell infiltration in human breast cancer.	10.1016/j.cell.2022.02.021	CellMarker 2.0: Monocyte [Breast; Experiment]
Myeloid.level1/Monocyte	S100A8	curated	35139155	Domanska D	2022	J Exp Med	Single-cell transcriptomic analysis of human colonic macrophages reveals niche-specific subsets.	10.1084/jem.20211846	CellMarker 2.0: Monocyte [Colon; Experiment]
Myeloid.level1/Monocyte	S100A9	curated	35325594	Nalio Ramos R	2022	Cell	Tissue-resident FOLR2(+) macrophages associate with CD8(+) T cell infiltration in human breast cancer.	10.1016/j.cell.2022.02.021	CellMarker 2.0: Monocyte [Breast; Experiment]
Myeloid.level1/Monocyte	S100A9	curated	35154475	Chen Y	2022	Theranostics	Single-cell RNA landscape of the osteoimmunology microenvironment in periodontitis.	10.7150/thno.65694	CellMarker 2.0: Monocyte [Periodontium; Experiment]
Myeloid.level1/Monocyte	S100A9	curated	35013299	Theocharidis G	2022	Nat Commun	Single cell transcriptomic landscape of diabetic foot ulcers.	10.1038/s41467-021-27801-8	CellMarker 2.0: Monocyte [Skin; Experiment]
Myeloid.level1/Monocyte	VCAN	curated	35111153	Kong F	2021	Front Immunol	Single-Cell Transcriptome Analysis of Chronic Antibody-Mediated Rejection After Renal Transplantation.	10.3389/fimmu.2021.767618	CellMarker 2.0: Classical monocyte [Peripheral blood; Experiment]
Myeloid.level1/Monocyte	VCAN	curated	35325594	Nalio Ramos R	2022	Cell	Tissue-resident FOLR2(+) macrophages associate with CD8(+) T cell infiltration in human breast cancer.	10.1016/j.cell.2022.02.021	CellMarker 2.0: Monocyte [Breast; Experiment]
Myeloid.level1/Monocyte	VCAN	curated	33674591	Bost P	2021	Nat Commun	Deciphering the state of immune silence in fatal COVID-19 patients.	10.1038/s41467-021-21702-6	CellMarker 2.0: Monocyte [Blood; Experiment]
Myeloid.level1/cDC	CD1C	curated	35095917	Xu G	2021	Front Immunol	The Transient IFN Response and the Delay of Adaptive Immunity Feature the Severity of COVID-19.	10.3389/fimmu.2021.816745	CellMarker 2.0: Myeloid dendritic cell [Peripheral blood; Experiment]
Myeloid.level1/cDC	CD1C	curated	35111153	Kong F	2021	Front Immunol	Single-Cell Transcriptome Analysis of Chronic Antibody-Mediated Rejection After Renal Transplantation.	10.3389/fimmu.2021.767618	CellMarker 2.0: Dendritic cell [Peripheral blood; Experiment]
Myeloid.level1/cDC	CD1C	curated	35172892	Ma Y	2022	Genome Med	Integrating single-cell sequencing data with GWAS summary statistics reveals CD16+monocytes and memory CD8+T cells involved in severe COVID-19.	10.1186/s13073-022-01021-1	CellMarker 2.0: Mature dendritic cell [Peripheral blood; Experiment]
Myeloid.level1/cDC	CLEC10A	curated	35250976	Zhu L	2022	Front Immunol	Single-Cell Transcriptomics Reveals Peripheral Immune Responses in Anti-Synthetase Syndrome-Associated Interstitial Lung Disease.	10.3389/fimmu.2022.804034	CellMarker 2.0: Dendritic cell [Peripheral blood; Experiment]
Myeloid.level1/cDC	CLEC10A	curated	33472616	McGinnis CS	2021	BMC Biol	No detectable alloreactive transcriptional responses under standard sample preparation conditions during donor-multiplexed single-cell RNA sequencing of peripheral blood mononuclear cells.	10.1186/s12915-020-00941-x	CellMarker 2.0: Dendritic cell [Blood; Experiment]
Myeloid.level1/cDC	CLEC10A	curated	34385315	Huang Z	2021	Proc Natl Acad Sci U S A	Effects of sex and aging on the immune cell landscape as assessed by single-cell transcriptomic analysis.	10.1073/pnas.2023216118	CellMarker 2.0: Dendritic cell [Peripheral blood; Experiment]
Myeloid.level1/cDC	FCER1A	curated	35027754	Lozano AX	2022	Nat Med	T cell characteristics associated with toxicity to immune checkpoint blockade in patients with melanoma.	10.1038/s41591-021-01623-z	CellMarker 2.0: Dendritic cell [Blood; Experiment]
Myeloid.level1/cDC	FCER1A	curated	35069521	Zheng M	2021	Front Immunol	Prognostic Landscape of Tumor-Infiltrating T and B Cells in Human Cancer.	10.3389/fimmu.2021.731329	CellMarker 2.0: Dendritic cell [Peripheral blood; Experiment]
Myeloid.level1/cDC	FCER1A	curated	35111153	Kong F	2021	Front Immunol	Single-Cell Transcriptome Analysis of Chronic Antibody-Mediated Rejection After Renal Transplantation.	10.3389/fimmu.2021.767618	CellMarker 2.0: Dendritic cell [Peripheral blood; Experiment]
Myeloid.level1/cDC	CD1E	curated	35111153	Kong F	2021	Front Immunol	Single-Cell Transcriptome Analysis of Chronic Antibody-Mediated Rejection After Renal Transplantation.	10.3389/fimmu.2021.767618	CellMarker 2.0: Dendritic cell [Peripheral blood; Experiment]
Myeloid.level1/cDC	CD1E	curated	33782623	Pombo Antunes AR	2021	Nat Neurosci	Single-cell profiling of myeloid cells in glioblastoma across species and disease stage reveals macrophage competition and specialization.	10.1038/s41593-020-00789-y	CellMarker 2.0: Conventional dendritic cell 2a(cDC2a) [Brain; Experiment]
Myeloid.level1/cDC	CD1E	curated	33936064	Tang R	2021	Front Immunol	A Partial Picture of the Single-Cell Transcriptomics of Human IgA Nephropathy.	10.3389/fimmu.2021.645988	CellMarker 2.0: Dendritic cell [Kidney; Experiment]
Myeloid.level1/cDC	CLEC9A	curated	35154475	Chen Y	2022	Theranostics	Single-cell RNA landscape of the osteoimmunology microenvironment in periodontitis.	10.7150/thno.65694	CellMarker 2.0: CLEC9A+ dendritic cell [Periodontium; Experiment]
Myeloid.level1/cDC	CLEC9A	curated	34128959	Wilk AJ	2021	J Exp Med	Multi-omic profiling reveals widespread dysregulation of innate immunity and hematopoiesis in COVID-19.	10.1084/jem.20210582	CellMarker 2.0: Conventional dendritic cell 1(cDC1) [Blood; Experiment]
Myeloid.level1/cDC	CLEC9A	curated	34354295	Hwang B	2021	Nat Methods	SCITO-seq: single-cell combinatorial indexed cytometry sequencing.	10.1038/s41592-021-01222-3	CellMarker 2.0: Conventional dendritic cell 1(cDC1) [Peripheral blood; Experiment]
Myeloid.level1/cDC	XCR1	curated	35347134	Song G	2022	Nat Commun	Single-cell transcriptomic analysis suggests two molecularly subtypes of intrahepatic cholangiocarcinoma.	10.1038/s41467-022-29164-0	CellMarker 2.0: Dendritic cell [Liver; Experiment]
Myeloid.level1/cDC	XCR1	curated	34566985	Doyle CM	2021	Front Immunol	Optimal Isolation Protocols for Examining and Interrogating Mononuclear Phagocytes From Human Intestinal Tissue.	10.3389/fimmu.2021.727952	CellMarker 2.0: Conventional dendritic cell 1(cDC1) [Intestine; Experiment]
Myeloid.level1/cDC	XCR1	curated	33986743	de Koning W	2021	Front Immunol	Identification, Validation, and Utilization of Immune Cells in Pancreatic Ductal Adenocarcinoma Based on Marker Genes.	10.3389/fimmu.2021.649061	CellMarker 2.0: Conventional dendritic cell 1(cDC1) [Pancreas; Experiment]
Myeloid.level1/cDC	BATF3	curated	34504491	Derakhshani A	2021	Front Immunol	The Role of Hemoglobin Subunit Delta in the Immunopathy of Multiple Sclerosis: Mitochondria Matters.	10.3389/fimmu.2021.709173	CellMarker 2.0: Myeloid dendritic cell [Cerebrospinal fluid; Experiment]
Myeloid.level1/cDC	BATF3	curated	33406409	Fawkner-Corbett D	2021	Cell	Spatiotemporal analysis of human intestinal development at single-cell resolution.	10.1016/j.cell.2020.12.016	CellMarker 2.0: Dendritic cell [Epithelium; Experiment]
Myeloid.level1/cDC	BATF3	curated	31604687	Zeng Y	2019	Immunity	Single-Cell RNA Sequencing Resolves Spatiotemporal Development of Pre-thymic Lymphoid Progenitors and Thymus Organogenesis in Human Embryos.	10.1016/j.immuni.2019.09.008	CellMarker 2.0: Dendritic cell [Fetal thymus; Experiment]
Myeloid.level1/cDC	LAMP3	curated	34659209	Wu H	2021	Front Immunol	Microdissection of the Bulk Transcriptome at Single-Cell Resolution Reveals Clinical Significance and Myeloid Cells Heterogeneity in Lung Adenocarcinoma.	10.3389/fimmu.2021.723908	CellMarker 2.0: Dendritic cell [Bone marrow; Experiment]
Myeloid.level1/cDC	LAMP3	curated	34611125	Xu K	2021	Oncogenesis	Single-cell RNA sequencing reveals cell heterogeneity and transcriptome profile of breast cancer lymph node metastasis.	10.1038/s41389-021-00355-6	CellMarker 2.0: Myeloid dendritic cell [Breast; Experiment]
Myeloid.level1/cDC	LAMP3	curated	34783307	Kasper M	2021	Elife	Intraocular dendritic cells characterize HLA-B27-associated acute anterior uveitis.	10.7554/eLife.67396	CellMarker 2.0: Mature dendritic cell [Eye; Experiment]
Myeloid.level1/cDC	CCL19	curated	33382972	Evren E	2021	Immunity	Distinct developmental pathways from blood monocytes generate human lung macrophage diversity.	10.1016/j.immuni.2020.12.003	CellMarker 2.0: Conventional dendritic cell(cDC) [Lung; Experiment]
Myeloid.level1/cDC	CCL19	curated	32579974	Ji AL	2020	Cell	Multimodal Analysis of Composition and Spatial Architecture in Human Squamous Cell Carcinoma.	10.1016/j.cell.2020.05.039	CellMarker 2.0: Migrating dendritic cell [Skin; Experiment]
Myeloid.level1/cDC	CCL19	curated	35304295	Li XY	2022	Biochim Biophys Acta Rev Cancer	Understanding initiation and progression of hepatocellular carcinoma through single cell sequencing.	10.1016/j.bbcan.2022.188720	CellMarker 2.0: Mature dendritic cell [Liver; Review]
Myeloid.level1/cDC	FSCN1	curated	33250080	Villar J	2020	Trends Immunol	Decoding the Heterogeneity of Human Dendritic Cell Subsets.	10.1016/j.it.2020.10.002	CellMarker 2.0: CCR7+ dendritic cell [Undefined; Review]
Myeloid.level1/cDC	CD83	curated	34497421	Absinta M	2021	Nature	A lymphocyte-microglia-astrocyte axis in chronic active multiple sclerosis.	10.1038/s41586-021-03892-7	CellMarker 2.0: Mature dendritic cell [Brain; Experiment]
Myeloid.level1/cDC	CD83	curated	34783307	Kasper M	2021	Elife	Intraocular dendritic cells characterize HLA-B27-associated acute anterior uveitis.	10.7554/eLife.67396	CellMarker 2.0: Mature dendritic cell [Eye; Experiment]
Myeloid.level1/cDC	CD83	curated	34025668	Li E	2021	Front Immunol	CXCL8 Associated Dendritic Cell Activation Marker Expression and Recruitment as Indicators of Favorable Outcomes in Colorectal Cancer.	10.3389/fimmu.2021.667177	CellMarker 2.0: Dendritic cell [Colorectum; Experiment]
Myeloid.level1/pDC	LILRA4	curated	35250975	Yang J	2022	Front Immunol	Increased Expression of Tim-3 Is Associated With Depletion of NKT Cells In SARS-CoV-2 Infection.	10.3389/fimmu.2022.796682	CellMarker 2.0: Plasmacytoid dendritic cell(pDC) [Peripheral blood; Experiment]
Myeloid.level1/pDC	LILRA4	curated	35250976	Zhu L	2022	Front Immunol	Single-Cell Transcriptomics Reveals Peripheral Immune Responses in Anti-Synthetase Syndrome-Associated Interstitial Lung Disease.	10.3389/fimmu.2022.804034	CellMarker 2.0: Plasmacytoid dendritic cell(pDC) [Peripheral blood; Experiment]
Myeloid.level1/pDC	LILRA4	curated	35216676	Patil NS	2022	Cancer Cell	Intratumoral plasma cells predict outcomes to PD-L1 blockade in non-small cell lung cancer.	10.1016/j.ccell.2022.02.002	CellMarker 2.0: Plasmacytoid dendritic cell(pDC) [Lung; Experiment]
Myeloid.level1/pDC	CLEC4C	curated	35250976	Zhu L	2022	Front Immunol	Single-Cell Transcriptomics Reveals Peripheral Immune Responses in Anti-Synthetase Syndrome-Associated Interstitial Lung Disease.	10.3389/fimmu.2022.804034	CellMarker 2.0: Plasmacytoid dendritic cell(pDC) [Peripheral blood; Experiment]
Myeloid.level1/pDC	CLEC4C	curated	34354295	Hwang B	2021	Nat Methods	SCITO-seq: single-cell combinatorial indexed cytometry sequencing.	10.1038/s41592-021-01222-3	CellMarker 2.0: Plasmacytoid dendritic cell(pDC) [Peripheral blood; Experiment]
Myeloid.level1/pDC	CLEC4C	curated	34702946	Zhu R	2021	Cell Res	Mesenchymal stem cell treatment improves outcome of COVID-19 patients via multiple immunomodulatory mechanisms.	10.1038/s41422-021-00573-y	CellMarker 2.0: Plasmacytoid dendritic cell(pDC) [Peripheral blood; Experiment]
Myeloid.level1/pDC	IL3RA	curated	35095917	Xu G	2021	Front Immunol	The Transient IFN Response and the Delay of Adaptive Immunity Feature the Severity of COVID-19.	10.3389/fimmu.2021.816745	CellMarker 2.0: Plasmacytoid dendritic cell(pDC) [Peripheral blood; Experiment]
Myeloid.level1/pDC	IL3RA	curated	35172892	Ma Y	2022	Genome Med	Integrating single-cell sequencing data with GWAS summary statistics reveals CD16+monocytes and memory CD8+T cells involved in severe COVID-19.	10.1186/s13073-022-01021-1	CellMarker 2.0: Plasmacytoid dendritic cell(pDC) [Peripheral blood; Experiment]
Myeloid.level1/pDC	IL3RA	curated	35418195	Hoffmann C	2022	Nat Commun	PD-L1 and ICOSL discriminate human Secretory and Helper dendritic cells in cancer, allergy and autoimmunity.	10.1038/s41467-022-29516-w	CellMarker 2.0: Plasmacytoid dendritic cell(pDC) [Skin; Experiment]
Myeloid.level1/pDC	TCF4	curated	34128959	Wilk AJ	2021	J Exp Med	Multi-omic profiling reveals widespread dysregulation of innate immunity and hematopoiesis in COVID-19.	10.1084/jem.20210582	CellMarker 2.0: Plasmacytoid dendritic cell(pDC) [Blood; Experiment]
Myeloid.level1/pDC	TCF4	curated	34504491	Derakhshani A	2021	Front Immunol	The Role of Hemoglobin Subunit Delta in the Immunopathy of Multiple Sclerosis: Mitochondria Matters.	10.3389/fimmu.2021.709173	CellMarker 2.0: Plasmacytoid dendritic cell(pDC) [Cerebrospinal fluid; Experiment]
Myeloid.level1/pDC	TCF4	curated	34527431	Cao K	2021	Oncoimmunology	Stromal infiltrating mast cells identify immunoevasive subtype high-grade serous ovarian cancer with poor prognosis and inferior immunotherapeutic response.	10.1080/2162402X.2021.1969075	CellMarker 2.0: Plasmacytoid dendritic cell(pDC) [Ovary; Experiment]
Myeloid.level1/pDC	IRF7	curated	33359089	Devlin JC	2021	Gastroenterology	Single-Cell Transcriptional Survey of Ileal-Anal Pouch Immune Cells From Ulcerative Colitis Patients.	10.1053/j.gastro.2020.12.030	CellMarker 2.0: Plasmacytoid dendritic cell(pDC) [Rectum; Experiment]
Myeloid.level1/pDC	IRF7	curated	32351704	Zhao J	2020	Cell Discov	Single-cell RNA sequencing reveals the heterogeneity of liver-resident immune cells in human.	10.1038/s41421-020-0157-z	CellMarker 2.0: Plasmacytoid dendritic cell(pDC) [Liver; Experiment]
Myeloid.level1/pDC	IRF7	curated	32983174	Park JH	2020	Front Immunol	Re-analysis of Single Cell Transcriptome Reveals That the NR3C1-CXCL8-Neutrophil Axis Determines the Severity of COVID-19.	10.3389/fimmu.2020.02145	CellMarker 2.0: Plasmacytoid dendritic cell(pDC) [Bronchoalveolar system; Experiment]
Myeloid.level1/Neutrophil	CSF3R	curated	35111153	Kong F	2021	Front Immunol	Single-Cell Transcriptome Analysis of Chronic Antibody-Mediated Rejection After Renal Transplantation.	10.3389/fimmu.2021.767618	CellMarker 2.0: Neutrophil [Peripheral blood; Experiment]
Myeloid.level1/Neutrophil	CSF3R	curated	35377806	Nyquist SK	2022	Proc Natl Acad Sci U S A	Cellular and transcriptional diversity over the course of human lactation.	10.1073/pnas.2121720119	CellMarker 2.0: Neutrophil [Milk; Experiment]
Myeloid.level1/Neutrophil	CSF3R	curated	34128959	Wilk AJ	2021	J Exp Med	Multi-omic profiling reveals widespread dysregulation of innate immunity and hematopoiesis in COVID-19.	10.1084/jem.20210582	CellMarker 2.0: Neutrophil [Blood; Experiment]
Myeloid.level1/Neutrophil	FCGR3B	curated	35111153	Kong F	2021	Front Immunol	Single-Cell Transcriptome Analysis of Chronic Antibody-Mediated Rejection After Renal Transplantation.	10.3389/fimmu.2021.767618	CellMarker 2.0: Neutrophil [Peripheral blood; Experiment]
Myeloid.level1/Neutrophil	FCGR3B	curated	35186442	Leclercq G	2022	Oncoimmunology	Dissecting the mechanism of cytokine release induced by T-cell engagers highlights the contribution of neutrophils.	10.1080/2162402X.2022.2039432	CellMarker 2.0: Neutrophil [Peripheral blood; Experiment]
Myeloid.level1/Neutrophil	FCGR3B	curated	35219893	Li H	2022	Cell Mol Gastroenterol Hepatol	Single-cell Transcriptomic Architecture Unraveling the Complexity of Tumor Heterogeneity in Distal Cholangiocarcinoma.	10.1016/j.jcmgh.2022.02.014	CellMarker 2.0: Neutrophil [Liver; Experiment]
Myeloid.level1/Neutrophil	CD177	curated	34296378	Xu P	2022	Gastric Cancer	CircTMC5 promotes gastric cancer progression and metastasis by targeting miR-361-3p/RABL6.	10.1007/s10120-021-01220-6	CellMarker 2.0: Neutrophil [Stomach; Experiment]
Myeloid.level1/Neutrophil	CD177	curated	33326802	Klingler AI	2021	J Allergy Clin Immunol	Mechanisms and biomarkers of inflammatory endotypes in chronic rhinosinusitis without nasal polyps.	10.1016/j.jaci.2020.11.037	CellMarker 2.0: Neutrophil [Nasal polyp; Experiment]
Myeloid.level1/Neutrophil	CD177	curated	34707085	Qin G	2021	Signal Transduct Target Ther	Myeloid cells in COVID-19 microenvironment.	10.1038/s41392-021-00792-0	CellMarker 2.0: Neutrophil [Blood; Review]
Myeloid.level1/Neutrophil	CXCR2	curated	35111153	Kong F	2021	Front Immunol	Single-Cell Transcriptome Analysis of Chronic Antibody-Mediated Rejection After Renal Transplantation.	10.3389/fimmu.2021.767618	CellMarker 2.0: Neutrophil [Peripheral blood; Experiment]
Myeloid.level1/Neutrophil	CXCR2	curated	34128959	Wilk AJ	2021	J Exp Med	Multi-omic profiling reveals widespread dysregulation of innate immunity and hematopoiesis in COVID-19.	10.1084/jem.20210582	CellMarker 2.0: Neutrophil lineage [Blood; Experiment]
Myeloid.level1/Neutrophil	CXCR2	curated	34721400	Mukund K	2021	Front Immunol	Immune Response in Severe and Non-Severe Coronavirus Disease 2019 (COVID-19) Infection: A Mechanistic Landscape.	10.3389/fimmu.2021.738073	CellMarker 2.0: Neutrophil [Peripheral blood; Experiment]
Myeloid.level1/Neutrophil	CXCR1	curated	34721400	Mukund K	2021	Front Immunol	Immune Response in Severe and Non-Severe Coronavirus Disease 2019 (COVID-19) Infection: A Mechanistic Landscape.	10.3389/fimmu.2021.738073	CellMarker 2.0: Neutrophil [Peripheral blood; Experiment]
Myeloid.level1/Neutrophil	CXCR1	curated	34054812	Zhang C	2021	Front Immunol	Immune Landscape of Gastric Carcinoma Tumor Microenvironment Identifies a Peritoneal Relapse Relevant Immune Signature.	10.3389/fimmu.2021.651033	CellMarker 2.0: Neutrophil [Stomach; Experiment]
Myeloid.level1/Neutrophil	CXCR1	curated	33326802	Klingler AI	2021	J Allergy Clin Immunol	Mechanisms and biomarkers of inflammatory endotypes in chronic rhinosinusitis without nasal polyps.	10.1016/j.jaci.2020.11.037	CellMarker 2.0: Neutrophil [Nasal polyp; Experiment]
Myeloid.level1/Neutrophil	S100A8	curated	35260165	Dussiau C	2022	BMC Biol	Hematopoietic differentiation is characterized by a transient peak of entropy at a single-cell level.	10.1186/s12915-022-01264-9	CellMarker 2.0: Neutrophil [Bone marrow; Experiment]
Myeloid.level1/Neutrophil	S100A8	curated	34782790	Sinha S	2022	Nat Med	Dexamethasone modulates immature neutrophils and interferon programming in severe COVID-19.	10.1038/s41591-021-01576-3	CellMarker 2.0: Neutrophil [Plasma; Experiment]
Myeloid.level1/Neutrophil	S100A8	curated	34659209	Wu H	2021	Front Immunol	Microdissection of the Bulk Transcriptome at Single-Cell Resolution Reveals Clinical Significance and Myeloid Cells Heterogeneity in Lung Adenocarcinoma.	10.3389/fimmu.2021.723908	CellMarker 2.0: Neutrophil [Bone marrow; Experiment]
Myeloid.level1/Mast	KIT	curated	35075805	Yuan B	2022	Clin Transl Med	Patient-derived organoids for personalized gallbladder cancer modelling and drug screening.	10.1002/ctm2.678	CellMarker 2.0: Mast cell [Gall bladder; Experiment]
Myeloid.level1/Mast	KIT	curated	35221332	Zheng X	2022	Signal Transduct Target Ther	Single-cell transcriptomic profiling unravels the adenoma-initiation role of protein tyrosine kinases during colorectal tumorigenesis.	10.1038/s41392-022-00881-8	CellMarker 2.0: Mast cell [Colon; Experiment]
Myeloid.level1/Mast	KIT	curated	33765436	Szabo PA	2021	Immunity	Longitudinal profiling of respiratory and systemic immune responses reveals myeloid cell-driven lung inflammation in severe COVID-19.	10.1016/j.immuni.2021.03.005	CellMarker 2.0: Mast cell [Airway; Experiment]
Myeloid.level1/Mast	MS4A2	curated	34168655	Chen P	2021	Front Immunol	The Immune Atlas of Human Deciduas With Unexplained Recurrent Pregnancy Loss.	10.3389/fimmu.2021.689019	CellMarker 2.0: Mast cell [Decidua; Experiment]
Myeloid.level1/Mast	MS4A2	curated	34238352	Olbrecht S	2021	Genome Med	High-grade serous tubo-ovarian cancer refined with single-cell RNA sequencing: specific cell subtypes influence survival and determine molecular subtype classification.	10.1186/s13073-021-00922-x	CellMarker 2.0: Mast cell [Ovary; Experiment]
Myeloid.level1/Mast	MS4A2	curated	33986743	de Koning W	2021	Front Immunol	Identification, Validation, and Utilization of Immune Cells in Pancreatic Ductal Adenocarcinoma Based on Marker Genes.	10.3389/fimmu.2021.649061	CellMarker 2.0: Mast cell [Pancreas; Experiment]
Myeloid.level1/Mast	HDC	curated	34168655	Chen P	2021	Front Immunol	The Immune Atlas of Human Deciduas With Unexplained Recurrent Pregnancy Loss.	10.3389/fimmu.2021.689019	CellMarker 2.0: Mast cell [Decidua; Experiment]
Myeloid.level1/Mast	HDC	curated	33637594	Dwyer DF	2021	Sci Immunol	Human airway mast cells proliferate and acquire distinct inflammation-driven phenotypes during type 2 inflammation.	10.1126/sciimmunol.abb7221	CellMarker 2.0: Mast cell [Polyp; Experiment]
Myeloid.level1/Mast	HDC	curated	34054812	Zhang C	2021	Front Immunol	Immune Landscape of Gastric Carcinoma Tumor Microenvironment Identifies a Peritoneal Relapse Relevant Immune Signature.	10.3389/fimmu.2021.651033	CellMarker 2.0: Mast cell [Stomach; Experiment]
Myeloid.level1/Mast	HPGDS	curated	33637594	Dwyer DF	2021	Sci Immunol	Human airway mast cells proliferate and acquire distinct inflammation-driven phenotypes during type 2 inflammation.	10.1126/sciimmunol.abb7221	CellMarker 2.0: Mast cell [Polyp; Experiment]
Myeloid.level1/Mast	HPGDS	curated	34745098	Yin H	2021	Front Immunol	A Dynamic Transcriptome Map of Different Tissue Microenvironment Cells Identified During Gastric Cancer Development Using Single-Cell RNA Sequencing.	10.3389/fimmu.2021.728169	CellMarker 2.0: Mast cell [Stomach; Experiment]
Myeloid.level1/Mast	HPGDS	curated	32754283	Liu Y	2020	Theranostics	Single-cell analysis reveals immune landscape in kidneys of patients with chronic transplant rejection.	10.7150/thno.48201	CellMarker 2.0: Mast cell [Kidney; Experiment]
Myeloid.level1/Mast	GATA2	curated	34168655	Chen P	2021	Front Immunol	The Immune Atlas of Human Deciduas With Unexplained Recurrent Pregnancy Loss.	10.3389/fimmu.2021.689019	CellMarker 2.0: Mast cell [Decidua; Experiment]
Myeloid.level1/Mast	GATA2	curated	34663877	Bischoff P	2021	Oncogene	Single-cell RNA sequencing reveals distinct tumor microenvironmental patterns in lung adenocarcinoma.	10.1038/s41388-021-02054-3	CellMarker 2.0: Mast cell [Lung; Experiment]
Myeloid.level1/Mast	GATA2	curated	34054812	Zhang C	2021	Front Immunol	Immune Landscape of Gastric Carcinoma Tumor Microenvironment Identifies a Peritoneal Relapse Relevant Immune Signature.	10.3389/fimmu.2021.651033	CellMarker 2.0: Mast cell [Stomach; Experiment]
Myeloid.level1/Mast	TPSAB1	curated	35075805	Yuan B	2022	Clin Transl Med	Patient-derived organoids for personalized gallbladder cancer modelling and drug screening.	10.1002/ctm2.678	CellMarker 2.0: Mast cell [Gall bladder; Experiment]
Myeloid.level1/Mast	TPSAB1	curated	35121646	Peng YL	2022	J Immunother Cancer	Single-cell transcriptomics reveals a low CD8(+) T cell infiltrating state mediated by fibroblasts in recurrent renal cell carcinoma.	10.1136/jitc-2021-004206	CellMarker 2.0: Mast cell [Kidney; Experiment]
Myeloid.level1/Mast	TPSAB1	curated	35096485	Peng WS	2022	Oncoimmunology	Dissecting the heterogeneity of the microenvironment in primary and recurrent nasopharyngeal carcinomas using single-cell RNA sequencing.	10.1080/2162402X.2022.2026583	CellMarker 2.0: Mast cell [Nasopharynx; Experiment]
Myeloid.level1/Osteoclast_like_giant	ACP5	curated	35154475	Chen Y	2022	Theranostics	Single-cell RNA landscape of the osteoimmunology microenvironment in periodontitis.	10.7150/thno.65694	CellMarker 2.0: Osteoclast [Periodontium; Experiment]
Myeloid.level1/Osteoclast_like_giant	ACP5	curated	31911667	Weivoda MM	2020	Nat Commun	Identification of osteoclast-osteoblast coupling factors in humans reveals links between bone and energy metabolism.	10.1038/s41467-019-14003-6	CellMarker 2.0: Osteoclast [Bone; Experiment]
Myeloid.level1/Osteoclast_like_giant	CTSK	curated	31911667	Weivoda MM	2020	Nat Commun	Identification of osteoclast-osteoblast coupling factors in humans reveals links between bone and energy metabolism.	10.1038/s41467-019-14003-6	CellMarker 2.0: Osteoclast [Bone; Experiment]
Myeloid.level1/Osteoclast_like_giant	CTSK	curated	33303760	Zhou Y	2020	Nat Commun	Single-cell RNA landscape of intratumoral heterogeneity and immunosuppressive microenvironment in advanced osteosarcoma.	10.1038/s41467-020-20059-6	CellMarker 2.0: Osteoclast [Bone; Experiment]
Myeloid.level1/Osteoclast_like_giant	CTSK	curated	28223547	Fioramonti M	2017	Oncotarget	Cabozantinib targets bone microenvironment modulating human osteoclast and osteoblast functions.	10.18632/oncotarget.15390	CellMarker 2.0: Osteoclast [Bone; Experiment]
Myeloid.level1/Osteoclast_like_giant	NFATC1	literature_text	26247020	Florencio-Silva R	2015	Biomed Res Int	Biology of Bone Tissue: Structure, Function, and Factors That Influence Bone Cells.	10.1155/2015/421746	The RANKL/RANK interaction also promotes the expression of other osteoclastogenic factors such as NFATc1 and DC-STAMP.
Myeloid.level1/Osteoclast_like_giant	NFATC1	literature_text	17088434	Sato K	2006	J Exp Med	Th17 functions as an osteoclastogenic helper T cell subset that links T cell activation and bone destruction.	10.1084/jem.20061775	The expression of NFATc1, an essential transcription factor for osteoclastogenesis ( , ), was also revealed to be down-regulated by immunostaining ( ).
Myeloid.level1/Osteoclast_like_giant	TNFRSF11A	curated	31911667	Weivoda MM	2020	Nat Commun	Identification of osteoclast-osteoblast coupling factors in humans reveals links between bone and energy metabolism.	10.1038/s41467-019-14003-6	CellMarker 2.0: Osteoclast [Bone; Experiment]
Myeloid.level1/Osteoclast_like_giant	TNFRSF11A	curated	28223547	Fioramonti M	2017	Oncotarget	Cabozantinib targets bone microenvironment modulating human osteoclast and osteoblast functions.	10.18632/oncotarget.15390	CellMarker 2.0: Osteoclast [Bone; Experiment]
Myeloid.level1/Osteoclast_like_giant	ATP6V0D2	literature_text	35794482	Garcia-Alonso L	2022	Nature	Single-cell roadmap of human gonadal development.	10.1038/s41586-022-04918-4	We defined two testis-specific macrophage populations using scRNA-seq and validated them with smFISH: (1) SIGLEC15 + fetal testicular macrophages (ftMs), with an osteoclast-like signature ( SIGLEC15 , ACP5 , ATP6V0D2 ; refs. – ) and (2) TREM2 + ftMs, with a microglia-like signature ( TREM2, P2RY12 , SALL1 ; refs. – ) (Fig. , Extended Data Fig. , Extended Data Fig. and Supplementary Table ).
Myeloid.level1/Osteoclast_like_giant	ATP6V0D2	literature_text	29074822	Tiede-Lewis LM	2017	Aging (Albany NY)	Degeneration of the osteocyte network in the C57BL/6 mouse model of aging.	10.18632/aging.101308	This is achieved through the expression of genes related to osteoclastic resorption (but not differentiation), such as TRAP, cathepsin K and vacuolar proton pump subunits, ATP6V0D2 and ATP6V1G1, as well as matrix metalloproteinases 13 and 14 [ - ].
Myeloid.level1/Osteoclast_like_giant	OCSTAMP	curated	31911667	Weivoda MM	2020	Nat Commun	Identification of osteoclast-osteoblast coupling factors in humans reveals links between bone and energy metabolism.	10.1038/s41467-019-14003-6	CellMarker 2.0: Osteoclast [Bone; Experiment]
Myeloid.level1/Osteoclast_like_giant	DCSTAMP	curated	31911667	Weivoda MM	2020	Nat Commun	Identification of osteoclast-osteoblast coupling factors in humans reveals links between bone and energy metabolism.	10.1038/s41467-019-14003-6	CellMarker 2.0: Osteoclast [Bone; Experiment]
Myeloid.level1/Proliferating_myeloid	MKI67	curated	35095917	Xu G	2021	Front Immunol	The Transient IFN Response and the Delay of Adaptive Immunity Feature the Severity of COVID-19.	10.3389/fimmu.2021.816745	CellMarker 2.0: Cycling cell [Peripheral blood; Experiment]
Myeloid.level1/Proliferating_myeloid	MKI67	curated	35250976	Zhu L	2022	Front Immunol	Single-Cell Transcriptomics Reveals Peripheral Immune Responses in Anti-Synthetase Syndrome-Associated Interstitial Lung Disease.	10.3389/fimmu.2022.804034	CellMarker 2.0: Proliferative T cell [Peripheral blood; Experiment]
Myeloid.level1/Proliferating_myeloid	MKI67	curated	35038898	Gamage AM	2022	mBio	Human Nasal Epithelial Cells Sustain Persistent SARS-CoV-2 Infection In Vitro, despite Eliciting a Prolonged Antiviral Response.	10.1128/mbio.03436-21	CellMarker 2.0: Dividing cell [Nose; Experiment]
Myeloid.level1/Proliferating_myeloid	TOP2A	curated	33936064	Tang R	2021	Front Immunol	A Partial Picture of the Single-Cell Transcriptomics of Human IgA Nephropathy.	10.3389/fimmu.2021.645988	CellMarker 2.0: Cycling cell [Kidney; Experiment]
Myeloid.level1/Proliferating_myeloid	TOP2A	curated	33033240	Chen Z	2020	Nat Commun	Single-cell RNA sequencing highlights the role of inflammatory cancer-associated fibroblasts in bladder urothelial carcinoma.	10.1038/s41467-020-18916-5	CellMarker 2.0: Proliferating myeloid cell [Bladder; Experiment]
Myeloid.level1/Proliferating_myeloid	TOP2A	curated	32783921	Zhu L	2020	Immunity	Single-Cell Sequencing of Peripheral Mononuclear Cells Reveals Distinct Immune Response Landscapes of COVID-19 and Influenza Patients.	10.1016/j.immuni.2020.07.009	CellMarker 2.0: Cycling cell [Blood; Experiment]
Myeloid.level1/Proliferating_myeloid	AURKB	literature_text	28445465	Birey F	2017	Nature	Assembly of functionally integrated human forebrain spheroids.	10.1038/nature22330	BD Resolve system) (a) Distribution of expression of the neuronal marker STMN2 , (b) the progenitor marker VIM and of (c) a set of genes associated with the M cell cycle phase ( AURKB , TPX2 , UBE2C , HMMR , TOP2A , CCNB1 , NUSAP1 , NUF2 , CDC6 , HIST1H4C , BIRC5 , CKS2 ).
Myeloid.level1/Proliferating_myeloid	RRM2	literature_text	20305636	Davis ME	2010	Nature	Evidence of RNAi in humans from systemically administered siRNA via targeted nanoparticles.	10.1038/nature08956	Since RRM2 protein expression is largely restricted to the late G1/early S phase of cell cycle, not all of the tumor cells will be expressing RRM2. shows IHC data for RRM2 and TfR proteins in C1 pre and C1 post samples (IHC analyses were performed in a blinded fashion and 10 random regions of each sample were analyzed).
Myeloid.level1/Proliferating_myeloid	RRM2	literature_text	16280042	Pawitan Y	2005	Breast Cancer Res	Gene expression profiling spares early breast cancer patients from adjuvant therapy: derived and validated in two population-based cohorts.	10.1186/bcr1325	Among the genes associated with low-risk tumors we found CDKN1C, PDGFD, IGF1, HOXA5, SLIT2 and PTN, and many of the genes associated with high-risk tumors appeared to be involved in cell-cycle regulation (including CDC2, CDC20, BUB1B, PRC1 and RRM2) and in transcription (such as TOP2A).
Myeloid.level1/cross_T	CD3E	curated	35027754	Lozano AX	2022	Nat Med	T cell characteristics associated with toxicity to immune checkpoint blockade in patients with melanoma.	10.1038/s41591-021-01623-z	CellMarker 2.0: T cell [Blood; Experiment]
Myeloid.level1/cross_T	CD3E	curated	35111153	Kong F	2021	Front Immunol	Single-Cell Transcriptome Analysis of Chronic Antibody-Mediated Rejection After Renal Transplantation.	10.3389/fimmu.2021.767618	CellMarker 2.0: T cell [Peripheral blood; Experiment]
Myeloid.level1/cross_T	CD3E	curated	35165422	He J	2022	Cell Res	Defined tumor antigen-specific T cells potentiate personalized TCR-T cell therapy and prediction of immunotherapy response.	10.1038/s41422-022-00627-9	CellMarker 2.0: T cell [Peripheral blood; Experiment]
Myeloid.level1/cross_T	CD3G	curated	35165422	He J	2022	Cell Res	Defined tumor antigen-specific T cells potentiate personalized TCR-T cell therapy and prediction of immunotherapy response.	10.1038/s41422-022-00627-9	CellMarker 2.0: T cell [Peripheral blood; Experiment]
Myeloid.level1/cross_T	CD3G	curated	35096485	Peng WS	2022	Oncoimmunology	Dissecting the heterogeneity of the microenvironment in primary and recurrent nasopharyngeal carcinomas using single-cell RNA sequencing.	10.1080/2162402X.2022.2026583	CellMarker 2.0: Natural killer cell [Nasopharynx; Experiment]
Myeloid.level1/cross_T	CD3G	curated	35322584	Ge G	2022	Adv Sci (Weinh)	Single-Cell RNA-seq Reveals a Developmental Hierarchy Super-Imposed Over Subclonal Evolution in the Cellular Ecosystem of Prostate Cancer.	10.1002/advs.202105530	CellMarker 2.0: T cell [Prostate; Experiment]
Myeloid.level1/cross_T	CD2	curated	35165422	He J	2022	Cell Res	Defined tumor antigen-specific T cells potentiate personalized TCR-T cell therapy and prediction of immunotherapy response.	10.1038/s41422-022-00627-9	CellMarker 2.0: T cell [Peripheral blood; Experiment]
Myeloid.level1/cross_T	CD2	curated	35121646	Peng YL	2022	J Immunother Cancer	Single-cell transcriptomics reveals a low CD8(+) T cell infiltrating state mediated by fibroblasts in recurrent renal cell carcinoma.	10.1136/jitc-2021-004206	CellMarker 2.0: T cell [Kidney; Experiment]
Myeloid.level1/cross_T	CD2	curated	35219893	Li H	2022	Cell Mol Gastroenterol Hepatol	Single-cell Transcriptomic Architecture Unraveling the Complexity of Tumor Heterogeneity in Distal Cholangiocarcinoma.	10.1016/j.jcmgh.2022.02.014	CellMarker 2.0: T cell [Liver; Experiment]
Myeloid.level1/cross_T	CD247	curated	35165422	He J	2022	Cell Res	Defined tumor antigen-specific T cells potentiate personalized TCR-T cell therapy and prediction of immunotherapy response.	10.1038/s41422-022-00627-9	CellMarker 2.0: T cell [Peripheral blood; Experiment]
Myeloid.level1/cross_T	CD247	curated	33603736	Hong X	2020	Front Immunol	Single-Cell RNA Sequencing Reveals the Expansion of Cytotoxic CD4(+) T Lymphocytes and a Landscape of Immune Cells in Primary Sjögren's Syndrome.	10.3389/fimmu.2020.594658	CellMarker 2.0: Natural killer cell [Peripheral blood; Experiment]
Myeloid.level1/cross_T	CD247	curated	33674591	Bost P	2021	Nat Commun	Deciphering the state of immune silence in fatal COVID-19 patients.	10.1038/s41467-021-21702-6	CellMarker 2.0: Natural killer cell [Blood; Experiment]
Myeloid.level1/cross_T	CD8A	curated	35241110	Liu SQ	2022	J Hematol Oncol	Single-cell and spatially resolved analysis uncovers cell heterogeneity of breast cancer.	10.1186/s13045-022-01236-0	CellMarker 2.0: T cell [Bronchus; Experiment]
Myeloid.level1/cross_T	CD8A	curated	35145509	Pagliarulo F	2021	Front Immunol	Molecular, Immunological, and Clinical Features Associated With Lymphoid Neogenesis in Muscle Invasive Bladder Cancer.	10.3389/fimmu.2021.793992	CellMarker 2.0: Cytotoxic T cell [Bladder; Experiment]
Myeloid.level1/cross_T	CD8A	curated	34975879	Cosma G	2021	Front Immunol	Prostate Cancer: Early Detection and Assessing Clinical Risk Using Deep Machine Learning of High Dimensional Peripheral Blood Flow Cytometric Phenotyping Data.	10.3389/fimmu.2021.786828	CellMarker 2.0: Effector memory CD8+ T cell [Blood; Experiment]
Myeloid.level1/cross_T	TRDC	curated	35250976	Zhu L	2022	Front Immunol	Single-Cell Transcriptomics Reveals Peripheral Immune Responses in Anti-Synthetase Syndrome-Associated Interstitial Lung Disease.	10.3389/fimmu.2022.804034	CellMarker 2.0: Gamma delta(γδ) T cell [Peripheral blood; Experiment]
Myeloid.level1/cross_T	TRDC	curated	35361683	Zhang C	2023	Gut	Single-cell RNA sequencing reveals intrahepatic and peripheral immune characteristics related to disease phases in HBV-infected patients.	10.1136/gutjnl-2021-325915	CellMarker 2.0: Gamma delta(γδ) T cell [Liver; Experiment]
Myeloid.level1/cross_T	TRDC	curated	33765436	Szabo PA	2021	Immunity	Longitudinal profiling of respiratory and systemic immune responses reveals myeloid cell-driven lung inflammation in severe COVID-19.	10.1016/j.immuni.2021.03.005	CellMarker 2.0: T cell [Airway; Experiment]
Myeloid.level2.Macrophage/M1_macrophage	CD86	curated	35361264	Shi Y	2022	Genome Biol	Decoding the multicellular ecosystem of vena caval tumor thrombus in clear cell renal cell carcinoma by single-cell RNA sequencing.	10.1186/s13059-022-02651-9	CellMarker 2.0: M1 macrophage [Kidney; Experiment]
Myeloid.level2.Macrophage/M1_macrophage	CD86	curated	35069552	Zhang L	2021	Front Immunol	Cardiovascular Risk After SARS-CoV-2 Infection Is Mediated by IL18/IL18R1/HIF-1 Signaling Pathway Axis.	10.3389/fimmu.2021.780804	CellMarker 2.0: M1 macrophage [Undefined; Experiment]
Myeloid.level2.Macrophage/M1_macrophage	CD86	curated	33536439	Hu G	2021	Nat Commun	High-throughput phenotypic screen and transcriptional analysis identify new compounds and targets for macrophage reprogramming.	10.1038/s41467-021-21066-x	CellMarker 2.0: M1 macrophage [Blood; Experiment]
Myeloid.level2.Macrophage/M1_macrophage	CD80	curated	35033156	Yang T	2022	J Exp Clin Cancer Res	Macrophages-aPKC(ɩ)-CCL5 Feedback Loop Modulates the Progression and Chemoresistance in Cholangiocarcinoma.	10.1186/s13046-021-02235-8	CellMarker 2.0: M1 macrophage [Bile duct; Experiment]
Myeloid.level2.Macrophage/M1_macrophage	CD80	curated	34194427	Yang M	2021	Front Immunol	The Role of Renal Macrophage, AIM, and TGF-β1 Expression in Renal Fibrosis Progression in IgAN Patients.	10.3389/fimmu.2021.646650	CellMarker 2.0: M1 macrophage [Kidney; Experiment]
Myeloid.level2.Macrophage/M1_macrophage	CD80	curated	34745121	Xu F	2021	Front Immunol	Comprehensive Analyses Identify APOBEC3A as a Genomic Instability-Associated Immune Prognostic Biomarker in Ovarian Cancer.	10.3389/fimmu.2021.749369	CellMarker 2.0: M1 macrophage [Ovary; Experiment]
Myeloid.level2.Macrophage/M1_macrophage	IL1B	curated	35221332	Zheng X	2022	Signal Transduct Target Ther	Single-cell transcriptomic profiling unravels the adenoma-initiation role of protein tyrosine kinases during colorectal tumorigenesis.	10.1038/s41392-022-00881-8	CellMarker 2.0: M1 macrophage [Colon; Experiment]
Myeloid.level2.Macrophage/M1_macrophage	IL1B	curated	35013299	Theocharidis G	2022	Nat Commun	Single cell transcriptomic landscape of diabetic foot ulcers.	10.1038/s41467-021-27801-8	CellMarker 2.0: M1 macrophage [Skin; Experiment]
Myeloid.level2.Macrophage/M1_macrophage	IL1B	curated	34745121	Xu F	2021	Front Immunol	Comprehensive Analyses Identify APOBEC3A as a Genomic Instability-Associated Immune Prognostic Biomarker in Ovarian Cancer.	10.3389/fimmu.2021.749369	CellMarker 2.0: M1 macrophage [Ovary; Experiment]
Myeloid.level2.Macrophage/M1_macrophage	TNF	curated	35338085	Xu Y	2022	J Immunother Cancer	Immunosuppressive tumor-associated macrophages expressing interlukin-10 conferred poor prognosis and therapeutic vulnerability in patients with muscle-invasive bladder cancer.	10.1136/jitc-2021-003416	CellMarker 2.0: M1 macrophage [Bladder; Experiment]
Myeloid.level2.Macrophage/M1_macrophage	TNF	curated	33936093	Ma W	2021	Front Immunol	SAMD9 Is Relating With M2 Macrophage and Remarkable Malignancy Characters in Low-Grade Glioma.	10.3389/fimmu.2021.659659	CellMarker 2.0: M1 macrophage [Brain; Experiment]
Myeloid.level2.Macrophage/M1_macrophage	TNF	curated	33017217	Li Y	2020	Circulation	Single-Cell Transcriptome Analysis Reveals Dynamic Cell Populations and Differential Gene Expression Patterns in Control and Aneurysmal Human Aortic Tissue.	10.1161/CIRCULATIONAHA.120.046528	CellMarker 2.0: M1 macrophage [Heart; Experiment]
Myeloid.level2.Macrophage/M1_macrophage	CXCL9	curated	33958794	Bassez A	2021	Nat Med	A single-cell map of intratumoral changes during anti-PD1 treatment of patients with breast cancer.	10.1038/s41591-021-01323-8	CellMarker 2.0: M1 macrophage [Breast; Experiment]
Myeloid.level2.Macrophage/M1_macrophage	CXCL9	curated	34745098	Yin H	2021	Front Immunol	A Dynamic Transcriptome Map of Different Tissue Microenvironment Cells Identified During Gastric Cancer Development Using Single-Cell RNA Sequencing.	10.3389/fimmu.2021.728169	CellMarker 2.0: M1 macrophage [Stomach; Experiment]
Myeloid.level2.Macrophage/M1_macrophage	CXCL9	curated	32699181	Garrido-Martin EM	2020	J Immunother Cancer	M1(hot) tumor-associated macrophages boost tissue-resident memory T cells infiltration and survival in human lung cancer.	10.1136/jitc-2020-000778	CellMarker 2.0: M1 macrophage [Lung; Experiment]
Myeloid.level2.Macrophage/M1_macrophage	CXCL10	curated	33958794	Bassez A	2021	Nat Med	A single-cell map of intratumoral changes during anti-PD1 treatment of patients with breast cancer.	10.1038/s41591-021-01323-8	CellMarker 2.0: M1 macrophage [Breast; Experiment]
Myeloid.level2.Macrophage/M1_macrophage	CXCL10	curated	32699181	Garrido-Martin EM	2020	J Immunother Cancer	M1(hot) tumor-associated macrophages boost tissue-resident memory T cells infiltration and survival in human lung cancer.	10.1136/jitc-2020-000778	CellMarker 2.0: M1 macrophage [Lung; Experiment]
Myeloid.level2.Macrophage/M1_macrophage	CXCL10	curated	33144684	He D	2021	Oncogene	Single-cell RNA sequencing reveals heterogeneous tumor and immune cell populations in early-stage lung adenocarcinomas harboring EGFR mutations.	10.1038/s41388-020-01528-0	CellMarker 2.0: M1 macrophage [Lung; Experiment]
Myeloid.level2.Macrophage/M1_macrophage	CXCL11	curated	32699181	Garrido-Martin EM	2020	J Immunother Cancer	M1(hot) tumor-associated macrophages boost tissue-resident memory T cells infiltration and survival in human lung cancer.	10.1136/jitc-2020-000778	CellMarker 2.0: M1 macrophage [Lung; Experiment]
Myeloid.level2.Macrophage/M1_macrophage	STAT1	curated	34795282	Huang ZY	2021	Nat Commun	Single-cell analysis of diverse immune phenotypes in malignant pleural effusion.	10.1038/s41467-021-27026-9	CellMarker 2.0: M1 macrophage [Malignant pleural effusion; Experiment]
Myeloid.level2.Macrophage/M1_macrophage	STAT1	curated	32699181	Garrido-Martin EM	2020	J Immunother Cancer	M1(hot) tumor-associated macrophages boost tissue-resident memory T cells infiltration and survival in human lung cancer.	10.1136/jitc-2020-000778	CellMarker 2.0: M1 macrophage [Lung; Experiment]
Myeloid.level2.Macrophage/M1_macrophage	STAT1	primary_text	25035950	Murray PJ	2014	Immunity	Macrophage activation and polarization: nomenclature and experimental guidelines.	10.1016/j.immuni.2014.06.008	IL-4 and IFN-γ often exert clear-cut antagonistic effects on macrophage polarization mediated to a large extent by the transcription factors STAT6 or STAT1 signaling, respectively, and induce defined and comprehensively investigated macrophage subpopulations ( ; ; ; ; ).
Myeloid.level2.Macrophage/M1_macrophage	NOS2	curated	33936093	Ma W	2021	Front Immunol	SAMD9 Is Relating With M2 Macrophage and Remarkable Malignancy Characters in Low-Grade Glioma.	10.3389/fimmu.2021.659659	CellMarker 2.0: M1 macrophage [Brain; Experiment]
Myeloid.level2.Macrophage/M1_macrophage	NOS2	curated	34267752	Hu Z	2021	Front Immunol	EVA1C Is a Potential Prognostic Biomarker and Correlated With Immune Infiltration Levels in WHO Grade II/III Glioma.	10.3389/fimmu.2021.683572	CellMarker 2.0: M1 macrophage [Brain; Experiment]
Myeloid.level2.Macrophage/M1_macrophage	NOS2	curated	34815793	Liang Q	2021	Theranostics	Establishment of tumor inflammasome clusters with distinct immunogenomic landscape aids immunotherapy.	10.7150/thno.63202	CellMarker 2.0: M1 macrophage [Colon; Experiment]
Myeloid.level2.Macrophage/M1_macrophage	IL6	curated	33144684	He D	2021	Oncogene	Single-cell RNA sequencing reveals heterogeneous tumor and immune cell populations in early-stage lung adenocarcinomas harboring EGFR mutations.	10.1038/s41388-020-01528-0	CellMarker 2.0: M1 macrophage [Lung; Experiment]
Myeloid.level2.Macrophage/M1_macrophage	IL6	curated	31176874	Nziza N	2019	Autoimmun Rev	MicroRNAs in juvenile idiopathic arthritis: Can we learn more about pathophysiological mechanisms?	10.1016/j.autrev.2019.06.006	CellMarker 2.0: M1 macrophage [Undefined; Review]
Myeloid.level2.Macrophage/M1_macrophage	SOCS3	curated	33958794	Bassez A	2021	Nat Med	A single-cell map of intratumoral changes during anti-PD1 treatment of patients with breast cancer.	10.1038/s41591-021-01323-8	CellMarker 2.0: M1 macrophage [Breast; Experiment]
Myeloid.level2.Macrophage/M1_macrophage	GBP1	literature_text	32822576	Maynard A	2020	Cell	Therapy-Induced Evolution of Human Lung Cancer Revealed by Single-Cell RNA Sequencing.	10.1016/j.cell.2020.07.017	Top differentially expressed genes in this population also included the guanylate-binding family proteins GBP1 and GBP5 , which are induced in IFN-γ-activated macrophages and promote inflammatory signaling within the innate immune system via inflammasome assembly ( ) ( B;
Myeloid.level2.Macrophage/M1_macrophage	GBP1	literature_text	33298893	Song G	2020	Cell Discov	Global immune characterization of HBV/HCV-related hepatocellular carcinoma identifies macrophage and T-cell subsets associated with disease progression.	10.1038/s41421-020-00214-5	Consistently, these macrophages expressed higher levels of IFN-γ related genes such as TNFAIP3 , GBP1 , APOBEC3A , and GBP5 .
Myeloid.level2.Macrophage/M1_macrophage	GBP5	literature_text	32822576	Maynard A	2020	Cell	Therapy-Induced Evolution of Human Lung Cancer Revealed by Single-Cell RNA Sequencing.	10.1016/j.cell.2020.07.017	Top differentially expressed genes in this population also included the guanylate-binding family proteins GBP1 and GBP5 , which are induced in IFN-γ-activated macrophages and promote inflammatory signaling within the innate immune system via inflammasome assembly ( ) ( B;
Myeloid.level2.Macrophage/M1_macrophage	GBP5	literature_text	33298893	Song G	2020	Cell Discov	Global immune characterization of HBV/HCV-related hepatocellular carcinoma identifies macrophage and T-cell subsets associated with disease progression.	10.1038/s41421-020-00214-5	Consistently, these macrophages expressed higher levels of IFN-γ related genes such as TNFAIP3 , GBP1 , APOBEC3A , and GBP5 .
Myeloid.level2.Macrophage/M1_macrophage	CCL5	curated	35338085	Xu Y	2022	J Immunother Cancer	Immunosuppressive tumor-associated macrophages expressing interlukin-10 conferred poor prognosis and therapeutic vulnerability in patients with muscle-invasive bladder cancer.	10.1136/jitc-2021-003416	CellMarker 2.0: M1 macrophage [Bladder; Experiment]
Myeloid.level2.Macrophage/M1_macrophage	CCL5	curated	33664865	Zhang A	2021	Theranostics	Lactate-induced M2 polarization of tumor-associated macrophages promotes the invasion of pituitary adenoma by secreting CCL17.	10.7150/thno.53749	CellMarker 2.0: M1 macrophage [Pituitary gland; Experiment]
Myeloid.level2.Macrophage/M1_macrophage	CCL5	curated	34745098	Yin H	2021	Front Immunol	A Dynamic Transcriptome Map of Different Tissue Microenvironment Cells Identified During Gastric Cancer Development Using Single-Cell RNA Sequencing.	10.3389/fimmu.2021.728169	CellMarker 2.0: M1 macrophage [Stomach; Experiment]
Myeloid.level2.Macrophage/M2_macrophage	CD163	curated	35338085	Xu Y	2022	J Immunother Cancer	Immunosuppressive tumor-associated macrophages expressing interlukin-10 conferred poor prognosis and therapeutic vulnerability in patients with muscle-invasive bladder cancer.	10.1136/jitc-2021-003416	CellMarker 2.0: M2 macrophage [Bladder; Experiment]
Myeloid.level2.Macrophage/M2_macrophage	CD163	curated	35221332	Zheng X	2022	Signal Transduct Target Ther	Single-cell transcriptomic profiling unravels the adenoma-initiation role of protein tyrosine kinases during colorectal tumorigenesis.	10.1038/s41392-022-00881-8	CellMarker 2.0: M2 macrophage [Colon; Experiment]
Myeloid.level2.Macrophage/M2_macrophage	CD163	curated	35017463	Chen WJ	2022	Cell Death Dis	Heterogeneity of tumor microenvironment is associated with clinical prognosis of non-clear cell renal cell carcinoma: a single-cell genomics study.	10.1038/s41419-022-04501-9	CellMarker 2.0: M2 macrophage [Kidney; Experiment]
Myeloid.level2.Macrophage/M2_macrophage	MRC1	curated	35033156	Yang T	2022	J Exp Clin Cancer Res	Macrophages-aPKC(ɩ)-CCL5 Feedback Loop Modulates the Progression and Chemoresistance in Cholangiocarcinoma.	10.1186/s13046-021-02235-8	CellMarker 2.0: M2 macrophage [Bile duct; Experiment]
Myeloid.level2.Macrophage/M2_macrophage	MRC1	curated	35338085	Xu Y	2022	J Immunother Cancer	Immunosuppressive tumor-associated macrophages expressing interlukin-10 conferred poor prognosis and therapeutic vulnerability in patients with muscle-invasive bladder cancer.	10.1136/jitc-2021-003416	CellMarker 2.0: M2 macrophage [Bladder; Experiment]
Myeloid.level2.Macrophage/M2_macrophage	MRC1	curated	35380995	Pham TN	2022	JCI Insight	Inhibition of MNKs promotes macrophage immunosuppressive phenotype to limit CD8+ T cell antitumor immunity.	10.1172/jci.insight.152731	CellMarker 2.0: M2 macrophage [Pancreas; Experiment]
Myeloid.level2.Macrophage/M2_macrophage	FOLR2	curated	34380013	Bäckdahl J	2021	Cell Metab	Spatial mapping reveals human adipocyte subpopulations with distinct sensitivities to insulin.	10.1016/j.cmet.2021.07.018	CellMarker 2.0: M2 macrophage [Adipose tissue; Experiment]
Myeloid.level2.Macrophage/M2_macrophage	FOLR2	curated	34197832	Bortolomeazzi M	2021	Gastroenterology	Immunogenomics of Colorectal Cancer Response to Checkpoint Blockade: Analysis of the KEYNOTE 177 Trial and Validation Cohorts.	10.1053/j.gastro.2021.06.064	CellMarker 2.0: M2 macrophage [Intestine; Experiment]
Myeloid.level2.Macrophage/M2_macrophage	FOLR2	curated	33711272	Bi K	2021	Cancer Cell	Tumor and immune reprogramming during immunotherapy in advanced renal cell carcinoma.	10.1016/j.ccell.2021.02.015	CellMarker 2.0: M2 macrophage [Kidney; Experiment]
Myeloid.level2.Macrophage/M2_macrophage	CD209	curated	35017463	Chen WJ	2022	Cell Death Dis	Heterogeneity of tumor microenvironment is associated with clinical prognosis of non-clear cell renal cell carcinoma: a single-cell genomics study.	10.1038/s41419-022-04501-9	CellMarker 2.0: M2 macrophage [Kidney; Experiment]
Myeloid.level2.Macrophage/M2_macrophage	CD209	curated	32699181	Garrido-Martin EM	2020	J Immunother Cancer	M1(hot) tumor-associated macrophages boost tissue-resident memory T cells infiltration and survival in human lung cancer.	10.1136/jitc-2020-000778	CellMarker 2.0: M2 macrophage [Lung; Experiment]
Myeloid.level2.Macrophage/M2_macrophage	CD209	curated	30070144	De Santa F	2019	Antioxid Redox Signal	The Role of Metabolic Remodeling in Macrophage Polarization and Its Effect on Skeletal Muscle Regeneration.	10.1089/ars.2017.7420	CellMarker 2.0: M2 macrophage [Undefined; Review]
Myeloid.level2.Macrophage/M2_macrophage	IL10	curated	35033156	Yang T	2022	J Exp Clin Cancer Res	Macrophages-aPKC(ɩ)-CCL5 Feedback Loop Modulates the Progression and Chemoresistance in Cholangiocarcinoma.	10.1186/s13046-021-02235-8	CellMarker 2.0: M2 macrophage [Bile duct; Experiment]
Myeloid.level2.Macrophage/M2_macrophage	IL10	curated	35449126	Zhang J	2022	Cell Death Dis	Integrated DNA and RNA sequencing reveals early drivers involved in metastasis of gastric cancer.	10.1038/s41419-022-04838-1	CellMarker 2.0: M2 macrophage [Stomach; Experiment]
Myeloid.level2.Macrophage/M2_macrophage	IL10	curated	33936093	Ma W	2021	Front Immunol	SAMD9 Is Relating With M2 Macrophage and Remarkable Malignancy Characters in Low-Grade Glioma.	10.3389/fimmu.2021.659659	CellMarker 2.0: M2 macrophage [Brain; Experiment]
Myeloid.level2.Macrophage/M2_macrophage	TGFB1	curated	35338085	Xu Y	2022	J Immunother Cancer	Immunosuppressive tumor-associated macrophages expressing interlukin-10 conferred poor prognosis and therapeutic vulnerability in patients with muscle-invasive bladder cancer.	10.1136/jitc-2021-003416	CellMarker 2.0: M2 macrophage [Bladder; Experiment]
Myeloid.level2.Macrophage/M2_macrophage	TGFB1	curated	33936093	Ma W	2021	Front Immunol	SAMD9 Is Relating With M2 Macrophage and Remarkable Malignancy Characters in Low-Grade Glioma.	10.3389/fimmu.2021.659659	CellMarker 2.0: M2 macrophage [Brain; Experiment]
Myeloid.level2.Macrophage/M2_macrophage	TGFB1	curated	33144684	He D	2021	Oncogene	Single-cell RNA sequencing reveals heterogeneous tumor and immune cell populations in early-stage lung adenocarcinomas harboring EGFR mutations.	10.1038/s41388-020-01528-0	CellMarker 2.0: M2 macrophage [Lung; Experiment]
Myeloid.level2.Macrophage/M2_macrophage	CCL18	curated	34745098	Yin H	2021	Front Immunol	A Dynamic Transcriptome Map of Different Tissue Microenvironment Cells Identified During Gastric Cancer Development Using Single-Cell RNA Sequencing.	10.3389/fimmu.2021.728169	CellMarker 2.0: M2 macrophage [Stomach; Experiment]
Myeloid.level2.Macrophage/M2_macrophage	CCL18	curated	33144684	He D	2021	Oncogene	Single-cell RNA sequencing reveals heterogeneous tumor and immune cell populations in early-stage lung adenocarcinomas harboring EGFR mutations.	10.1038/s41388-020-01528-0	CellMarker 2.0: M2 macrophage [Lung; Experiment]
Myeloid.level2.Macrophage/M2_macrophage	CCL18	curated	22280057	Müller-Quernheim UC	2012	J Interferon Cytokine Res	Tumor-cell co-culture induced alternative activation of macrophages is modulated by interferons in vitro.	10.1089/jir.2011.0020	CellMarker 2.0: M2 macrophage [Lung; Experiment]
Myeloid.level2.Macrophage/M2_macrophage	CCL22	curated	33144684	He D	2021	Oncogene	Single-cell RNA sequencing reveals heterogeneous tumor and immune cell populations in early-stage lung adenocarcinomas harboring EGFR mutations.	10.1038/s41388-020-01528-0	CellMarker 2.0: M2 macrophage [Lung; Experiment]
Myeloid.level2.Macrophage/M2_macrophage	CCL22	curated	31176874	Nziza N	2019	Autoimmun Rev	MicroRNAs in juvenile idiopathic arthritis: Can we learn more about pathophysiological mechanisms?	10.1016/j.autrev.2019.06.006	CellMarker 2.0: M2 macrophage [Undefined; Review]
Myeloid.level2.Macrophage/M2_macrophage	F13A1	literature_text	31591603	Fernandez DM	2019	Nat Med	Single-cell immune landscape of human atherosclerotic plaques.	10.1038/s41591-019-0590-4	Additionally, SYM macrophages may be involved self-maintaining the reparative M2-like phenotype through the expression of the differentiation M2 marker F13A1 ( ; , ).
Myeloid.level2.Macrophage/M2_macrophage	F13A1	literature_text	35959412	Koenig AL	2022	Nat Cardiovasc Res	Single-cell transcriptomics reveals cell-type-specific diversification in human heart failure.	10.1038/s44161-022-00028-6	We identified two populations of macrophages, including a subset that expressed tissue-resident markers (Mac1: MRC1 , SIGLEC1 , CD163 , LYVE1 and F13A1 ) - and a subset that expressed chemokines and cytokines (Mac2: CCL3 , CCL4 , CXCL3 , CXCL8 and IL1β ).
Myeloid.level2.Macrophage/M2_macrophage	STAB1	curated	33017217	Li Y	2020	Circulation	Single-Cell Transcriptome Analysis Reveals Dynamic Cell Populations and Differential Gene Expression Patterns in Control and Aneurysmal Human Aortic Tissue.	10.1161/CIRCULATIONAHA.120.046528	CellMarker 2.0: M2 macrophage [Heart; Experiment]
Myeloid.level2.Macrophage/M2_macrophage	STAB1	curated	33144684	He D	2021	Oncogene	Single-cell RNA sequencing reveals heterogeneous tumor and immune cell populations in early-stage lung adenocarcinomas harboring EGFR mutations.	10.1038/s41388-020-01528-0	CellMarker 2.0: M2 macrophage [Lung; Experiment]
Myeloid.level2.Macrophage/M2_macrophage	SELENOP	literature_text	32561858	Qian J	2020	Cell Res	A pan-cancer blueprint of the heterogeneous tumor microenvironment revealed by single-cell profiling.	10.1038/s41422-020-0355-0	Indeed, there was more pronounced M2 marker expression (e.g., SEPP1 , STAB1 , CCL13 ) in 34% of C5s.
Myeloid.level2.Macrophage/M2_macrophage	SELENOP	literature_text	30402542	Suryawanshi H	2018	Sci Adv	A single-cell survey of the human first-trimester placenta and decidua.	10.1126/sciadv.aau4788	MACs specifically expressed MS4A4A , STAB1 , SEPP1 , and MS4A7 , characteristic for “alternatively activated” M2 macrophages.
Myeloid.level2.Macrophage/M2_macrophage	LYVE1	literature_text	29892064	Bajpai G	2018	Nat Med	The human heart contains distinct macrophage subsets with divergent origins and functions.	10.1038/s41591-018-0059-x	Both mouse and human CCR2- macrophage subsets expressed higher levels of tissue resident macrophage markers (MRC1, CD163, SIGLEC1, LYVE1) and growth factors (IGF1, PDGF-C) compared to human and mouse CCR2+ macrophages.
Myeloid.level2.Macrophage/M2_macrophage	LYVE1	literature_text	35959412	Koenig AL	2022	Nat Cardiovasc Res	Single-cell transcriptomics reveals cell-type-specific diversification in human heart failure.	10.1038/s44161-022-00028-6	We identified two populations of macrophages, including a subset that expressed tissue-resident markers (Mac1: MRC1 , SIGLEC1 , CD163 , LYVE1 and F13A1 ) - and a subset that expressed chemokines and cytokines (Mac2: CCL3 , CCL4 , CXCL3 , CXCL8 and IL1β ).
Myeloid.level2.Macrophage/M2_macrophage	SLC40A1	literature_text	29765329	Krzyszczyk P	2018	Front Physiol	The Role of Macrophages in Acute and Chronic Wound Healing and Interventions to Promote Pro-wound Healing Phenotypes.	10.3389/fphys.2018.00419	Likewise, M2-like macrophages express higher levels of ferroportin compared to M1.
Myeloid.level2.Macrophage/M2_macrophage	SLC40A1	literature_text	31209404	Arazi A	2019	Nat Immunol	The immune cell landscape in kidneys of patients with lupus nephritis.	10.1038/s41590-019-0398-x	By contrast, CM4 expressed many genes associated with alternatively activated macrophages, including CD163 and SLC40A1 (ferroportin), which control iron homeostasis ;
Myeloid.level2.Macrophage/TREM2_TAM	TREM2	curated	35304295	Li XY	2022	Biochim Biophys Acta Rev Cancer	Understanding initiation and progression of hepatocellular carcinoma through single cell sequencing.	10.1016/j.bbcan.2022.188720	CellMarker 2.0: Tumor‐associated macrophage (TAM) [Liver; Review]
Myeloid.level2.Macrophage/TREM2_TAM	TREM2	curated	32983100	Davidov V	2020	Front Immunol	Analyzing One Cell at a TIME: Analysis of Myeloid Cell Contributions in the Tumor Immune Microenvironment.	10.3389/fimmu.2020.01842	CellMarker 2.0: Tumor‐associated macrophage (TAM) [Breast; Review]
Myeloid.level2.Macrophage/TREM2_TAM	TREM2	primary_text	32783918	Molgora M	2020	Cell	TREM2 Modulation Remodels the Tumor Myeloid Landscape Enhancing Anti-PD-1 Immunotherapy.	10.1016/j.cell.2020.07.013	Recently, attention has been focused on unique subsets of macrophages expressing the cell surface receptor, TREM2.
Myeloid.level2.Macrophage/TREM2_TAM	LIPA	literature_text	36190844	Zernecke A	2023	Cardiovasc Res	Integrated single-cell analysis-based classification of vascular mononuclear phagocytes in mouse and human atherosclerosis.	10.1093/cvr/cvac161	Relative to hFoamy-Mφ and hLYVE1-Mφ, hInflammatory-Mφ were enriched in MHCII encoding genes ( CD74 ), inflammatory cytokines ( CXCL2 , CCL3 , CCL4 , IL1B ), receptors ( CLEC4E ) and transcriptional regulators ( IER3, NFKBIA, NR4A2 ), similarly found in mouse inflammatory-Mφ. hFoamy-Mφ showed enrichment in markers characteristic of mouse foamy/ Trem2 hi macrophages ( TREM2 , CD9 , GPNMB , SPP1 , CT
Myeloid.level2.Macrophage/TREM2_TAM	LIPA	literature_text	39516356	Kzhyshkowska J	2024	Cell Mol Immunol	Targeting of TAMs: can we be more clever than cancer cells?	10.1038/s41423-024-01232-z	Human TREM2+ LAMs were characterized by further specific gene expression signatures, including LIPA, CTSB, CTSL, FABP4, FABP5, LGALS3, CD9 and CD36.
Myeloid.level2.Macrophage/TREM2_TAM	GPNMB	curated	35304295	Li XY	2022	Biochim Biophys Acta Rev Cancer	Understanding initiation and progression of hepatocellular carcinoma through single cell sequencing.	10.1016/j.bbcan.2022.188720	CellMarker 2.0: Tumor‐associated macrophage (TAM) [Liver; Review]
Myeloid.level2.Macrophage/TREM2_TAM	APOE	curated	35304295	Li XY	2022	Biochim Biophys Acta Rev Cancer	Understanding initiation and progression of hepatocellular carcinoma through single cell sequencing.	10.1016/j.bbcan.2022.188720	CellMarker 2.0: Tumor‐associated macrophage (TAM) [Liver; Review]
Myeloid.level2.Macrophage/TREM2_TAM	APOE	curated	32983100	Davidov V	2020	Front Immunol	Analyzing One Cell at a TIME: Analysis of Myeloid Cell Contributions in the Tumor Immune Microenvironment.	10.3389/fimmu.2020.01842	CellMarker 2.0: Tumor‐associated macrophage (TAM) [Breast; Review]
Myeloid.level2.Macrophage/TREM2_TAM	APOE	primary_text	32783918	Molgora M	2020	Cell	TREM2 Modulation Remodels the Tumor Myeloid Landscape Enhancing Anti-PD-1 Immunotherapy.	10.1016/j.cell.2020.07.013	In CRC patients, the top genes correlating with TREM2 included the scavenger receptor MSR1, the Fc receptor FCGR1A, the TREM2 adaptor protein TYROBP, the exhaustion marker HAVCR2, and several lipid metabolism genes (APOC1, APOE, and OLR1) previously associated with lipid-associated macrophage signature ( ) ( ; ; ).
Myeloid.level2.Macrophage/TREM2_TAM	APOC1	primary_text	32783918	Molgora M	2020	Cell	TREM2 Modulation Remodels the Tumor Myeloid Landscape Enhancing Anti-PD-1 Immunotherapy.	10.1016/j.cell.2020.07.013	In CRC patients, the top genes correlating with TREM2 included the scavenger receptor MSR1, the Fc receptor FCGR1A, the TREM2 adaptor protein TYROBP, the exhaustion marker HAVCR2, and several lipid metabolism genes (APOC1, APOE, and OLR1) previously associated with lipid-associated macrophage signature ( ) ( ; ; ).
Myeloid.level2.Macrophage/TREM2_TAM	SPP1	curated	34295336	Li X	2021	Front Immunol	Multi-Omics Analysis Showed the Clinical Value of Gene Signatures of C1QC(+) and SPP1(+) TAMs in Cervical Cancer.	10.3389/fimmu.2021.694801	CellMarker 2.0: Tumor‐associated macrophage (TAM) [Uterine cervix; Experiment]
Myeloid.level2.Macrophage/TREM2_TAM	LGALS3	literature_text	34489408	Che LH	2021	Cell Discov	A single-cell atlas of liver metastases of colorectal cancer reveals reprogramming of the tumor microenvironment in response to preoperative chemotherapy.	10.1038/s41421-021-00312-y	They also highly expressed TREM2 (encoding lipid receptor) and LGALS3 (associated with immune suppression), which were recently found to be associated with metabolic diseases .
Myeloid.level2.Macrophage/TREM2_TAM	LGALS3	literature_text	35658903	Li RY	2022	Mol Neurodegener	TREM2 in the pathogenesis of AD: a lipid metabolism regulator and potential metabolic therapeutic target.	10.1186/s13024-022-00542-y	Similarly, Jaitin et al. found that Trem2-driven LAMs express many immunosuppression-related genes (such as LGALS1 and LGALS3), revealing that Trem2 is likely to restrain inflammatory response in adipose tissue [ ].
Myeloid.level2.Macrophage/TREM2_TAM	LGALS3	literature_text	39516356	Kzhyshkowska J	2024	Cell Mol Immunol	Targeting of TAMs: can we be more clever than cancer cells?	10.1038/s41423-024-01232-z	Human TREM2+ LAMs were characterized by further specific gene expression signatures, including LIPA, CTSB, CTSL, FABP4, FABP5, LGALS3, CD9 and CD36.
Myeloid.level2.Macrophage/TREM2_TAM	FABP5	literature_text	37612267	Zhang S	2023	Nat Commun	Single cell transcriptomic analyses implicate an immunosuppressive tumor microenvironment in pancreatic cancer liver metastasis.	10.1038/s41467-023-40727-7	The four LAM clusters (LAM1-4) shared similar transcriptomic characteristics including high expression of the macrophage marker CD68 and lipid metabolism genes such as APOE, APOC1, and FABP5 (Fig. ).
Myeloid.level2.Macrophage/TREM2_TAM	FABP5	literature_text	38646596	Patterson MT	2023	Nat Cardiovasc Res	Trem2 promotes foamy macrophage lipid uptake and survival in atherosclerosis.	10.1038/s44161-023-00354-3	We then checked expression levels of FABP5 , LGALS3 and TREM2 and identified cluster 8 as foamy macrophages.
Myeloid.level2.Macrophage/TREM2_TAM	FABP5	literature_text	39516356	Kzhyshkowska J	2024	Cell Mol Immunol	Targeting of TAMs: can we be more clever than cancer cells?	10.1038/s41423-024-01232-z	Human TREM2+ LAMs were characterized by further specific gene expression signatures, including LIPA, CTSB, CTSL, FABP4, FABP5, LGALS3, CD9 and CD36.
Myeloid.level2.Macrophage/TREM2_TAM	LGMN	literature_text	33411796	Taylor SA	2021	PLoS One	Transcriptional profiling of pediatric cholestatic livers identifies three distinct macrophage populations.	10.1371/journal.pone.0244743	LAM demonstrated the highest expression of genes associated with lipid metabolism including APOC1 , APOE , LGMN , FABP5 .
Myeloid.level2.Macrophage/TREM2_TAM	LGMN	literature_text	38948071	Li Y	2024	Theranostics	Single cell analyses reveal the PD-1 blockade response-related immune features in hepatocellular carcinoma.	10.7150/thno.95971	Among them, the TREM2 + subpopulation was characterized by high expression of GPNMB, TREM2, ACP5, LGMN, and TIMP2 (Figure A, D), and mainly distributed at the boundary and core region of the tumor (Figure B, E).
Myeloid.level2.Macrophage/TREM2_TAM	CTSL	literature_text	36190844	Zernecke A	2023	Cardiovasc Res	Integrated single-cell analysis-based classification of vascular mononuclear phagocytes in mouse and human atherosclerosis.	10.1093/cvr/cvac161	Relative to hFoamy-Mφ and hLYVE1-Mφ, hInflammatory-Mφ were enriched in MHCII encoding genes ( CD74 ), inflammatory cytokines ( CXCL2 , CCL3 , CCL4 , IL1B ), receptors ( CLEC4E ) and transcriptional regulators ( IER3, NFKBIA, NR4A2 ), similarly found in mouse inflammatory-Mφ. hFoamy-Mφ showed enrichment in markers characteristic of mouse foamy/ Trem2 hi macrophages ( TREM2 , CD9 , GPNMB , SPP1 , CT
Myeloid.level2.Macrophage/TREM2_TAM	CTSL	literature_text	39516356	Kzhyshkowska J	2024	Cell Mol Immunol	Targeting of TAMs: can we be more clever than cancer cells?	10.1038/s41423-024-01232-z	Human TREM2+ LAMs were characterized by further specific gene expression signatures, including LIPA, CTSB, CTSL, FABP4, FABP5, LGALS3, CD9 and CD36.
Myeloid.level2.Macrophage/TREM2_TAM	CTSL	literature_text	33919858	van Eijk M	2021	Int J Mol Sci	The Unique Phenotype of Lipid-Laden Macrophages.	10.3390/ijms22084039	Human TREM-2 + LAM cells displayed a gene signature (LIPA, CTSB, CTSL, FABP4, FABP5, LGALS3, CD9, and CD36) comparable to LAM in mice.
Myeloid.level2.Macrophage/Hypoxic_TAM	SLC2A1	literature_text	34209679	Larionova I	2021	Cancers (Basel)	New Angiogenic Regulators Produced by TAMs: Perspective for Targeting Tumor Angiogenesis.	10.3390/cancers13133253	Hypoxic GLUT1-high TAMs displayed increased gene expression level of REDD1, mTOR inhibitor, compared to normoxic TAMs, that was demonstrated in murine models of lung cancer (LLC) and breast cancer (E0771 and PyMT) [ ]. mTOR inhibition induced tumor vessel abnormalization and metastasis mediated by TAMs.
Myeloid.level2.Macrophage/Hypoxic_TAM	SLC2A1	literature_text	40630800	Li Y	2025	Front Cell Dev Biol	Interactions between glioblastoma and myeloid cells.	10.3389/fcell.2025.1632122	Moreover, TAMs located in hypoxic areas increase the expression of genes involved in glycolysis, such as GLUT1 and HK2, along with pathways related to fatty acid oxidation, which supports their survival and stimulates the release of immunosuppressive cytokines including IL-10 and TGF-β ( ).
Myeloid.level2.Macrophage/Hypoxic_TAM	HK2	literature_text	40630800	Li Y	2025	Front Cell Dev Biol	Interactions between glioblastoma and myeloid cells.	10.3389/fcell.2025.1632122	Moreover, TAMs located in hypoxic areas increase the expression of genes involved in glycolysis, such as GLUT1 and HK2, along with pathways related to fatty acid oxidation, which supports their survival and stimulates the release of immunosuppressive cytokines including IL-10 and TGF-β ( ).
Myeloid.level2.Macrophage/Hypoxic_TAM	ADM	literature_text	27774466	Harris AJ	2014	Hypoxia (Auckl)	HIF-mediated innate immune responses: cell signaling and therapeutic implications.	10.2147/HP.S50269	Hif1a mRNA has a shorter half-life than Hif2a mRNA and, following intrapulmonary LPS challenge, Hif1a is rapidly upregulated but declines after 24 hours, whereas Hif2a expression is delayed but maintained during the resolution phase. , HIF-1α and HIF-2α bind to the same promoter sequence and the expression of many hypoxia-inducible genes, including VEGF , IL1B , CXCL8 , GLUT1 , ADM (adrenomedullin
Myeloid.level2.Macrophage/Hypoxic_TAM	ADM	literature_text	41203997	Choi Y	2025	Exp Mol Med	Single-cell transcriptomics of the myeloid milieu reveals an angiogenic niche in triple-negative breast cancer.	10.1038/s12276-025-01571-5	THP-1 cells differentiated with PMA were cultured under hypoxic conditions, resulting in the upregulation of SPP1 and ADM expression (Fig. and Supplementary Fig. ).
Myeloid.level2.Macrophage/Hypoxic_TAM	LDHA	literature_text	33505964	Yang S	2020	Front Cell Dev Biol	Tumor-Associated Macrophages in Pancreatic Ductal Adenocarcinoma: Origin, Polarization, Function, and Reprogramming.	10.3389/fcell.2020.607209	The gene expression profile of hypoxic macrophages varies including low expression of MHC-II, as well as strengthened hypoxic adaptations such as VEGFA, LDHA, and uPAR ( ; ).
Myeloid.level2.Macrophage/Hypoxic_TAM	LDHA	literature_text	39317456	Gharzeddine K	2024	J Immunother Cancer	Metabolic reprogramming of hypoxic tumor-associated macrophages through CSF-1R targeting favors treatment efficiency in colorectal cancers.	10.1136/jitc-2024-009602	Among the hypoxia upregulated genes (cluster 3), we found several genes LDHA , NDRG1 , P4HA1 and SLC2A1 ( ), which are part of the HIF-1α target gene set identified by Chromatine immunoprecipitation (ChIP) enrichment analysis suggesting that the HIF-1α-dependent hypoxic response is mainly independent of the CSF-1R pathway.
Myeloid.level2.Macrophage/Hypoxic_TAM	PGK1	literature_text	27774466	Harris AJ	2014	Hypoxia (Auckl)	HIF-mediated innate immune responses: cell signaling and therapeutic implications.	10.2147/HP.S50269	HIF1A -null or small interfering RNA (siRNA)-treated macrophages have reduced basal expression and hypoxic induction of the glycolytic genes PGK and GLUT1 , whereas the loss of VHL mimics hypoxic induction. , Release of lactate, a marker of glycolytic activity and inflammatory activation, is significantly lower in Hif1a −/− macrophages and significantly higher in Vhl −/− cells.
Myeloid.level2.Macrophage/Hypoxic_TAM	VEGFA	literature_text	28246332	Carmona-Fontaine C	2017	Proc Natl Acad Sci U S A	Metabolic origins of spatial organization in the tumor microenvironment.	10.1073/pnas.1700600114	Consistent with this, analysis of tumor sections in the MMTV-PyMT model revealed that hypoxic TAMs expressed higher VEGFA levels than TAMs located in other tumor regions ( ).
Myeloid.level2.Macrophage/Hypoxic_TAM	VEGFA	literature_text	33505964	Yang S	2020	Front Cell Dev Biol	Tumor-Associated Macrophages in Pancreatic Ductal Adenocarcinoma: Origin, Polarization, Function, and Reprogramming.	10.3389/fcell.2020.607209	The gene expression profile of hypoxic macrophages varies including low expression of MHC-II, as well as strengthened hypoxic adaptations such as VEGFA, LDHA, and uPAR ( ; ).
Myeloid.level2.Monocyte/Monocyte_classical	CD14	curated	35111153	Kong F	2021	Front Immunol	Single-Cell Transcriptome Analysis of Chronic Antibody-Mediated Rejection After Renal Transplantation.	10.3389/fimmu.2021.767618	CellMarker 2.0: Classical monocyte [Peripheral blood; Experiment]
Myeloid.level2.Monocyte/Monocyte_classical	CD14	curated	35172892	Ma Y	2022	Genome Med	Integrating single-cell sequencing data with GWAS summary statistics reveals CD16+monocytes and memory CD8+T cells involved in severe COVID-19.	10.1186/s13073-022-01021-1	CellMarker 2.0: CD14+ monocyte [Peripheral blood; Experiment]
Myeloid.level2.Monocyte/Monocyte_classical	CD14	curated	35185925	Yiu G	2022	Front Immunol	High Interferon Signature Leads to Increased STAT1/3/5 Phosphorylation in PBMCs From SLE Patients by Single Cell Mass Cytometry.	10.3389/fimmu.2022.833636	CellMarker 2.0: Classical monocyte [Blood; Experiment]
Myeloid.level2.Monocyte/Monocyte_classical	FCN1	curated	35111153	Kong F	2021	Front Immunol	Single-Cell Transcriptome Analysis of Chronic Antibody-Mediated Rejection After Renal Transplantation.	10.3389/fimmu.2021.767618	CellMarker 2.0: Classical monocyte [Peripheral blood; Experiment]
Myeloid.level2.Monocyte/Monocyte_classical	CCR2	literature_text	24398220	Yang J	2014	Biomark Res	Monocyte and macrophage differentiation: circulation inflammatory monocyte as biomarker for inflammatory diseases.	10.1186/2050-7771-2-1	Functional properties of human monocyte subsets As shown in Figure , human CD14 ++ CD16 - classical monocytes express high levels CCR2 and CD62L (L-selectin), and low levels of CX3CR1.
Myeloid.level2.Monocyte/Monocyte_classical	CCR2	literature_text	28606987	Patel AA	2017	J Exp Med	The fate and lifespan of human monocyte subsets in steady state and systemic inflammation.	10.1084/jem.20170355	Similarly, in mice, two populations of monocytes have been described: Ly6C hi CCR2 + CX 3 CR1 int and Ly6C lo CCR2 − CX 3 CR1 hi , representing classical and nonclassical monocytes, respectively ( ).
Myeloid.level2.Monocyte/Monocyte_classical	SELL	literature_text	24398220	Yang J	2014	Biomark Res	Monocyte and macrophage differentiation: circulation inflammatory monocyte as biomarker for inflammatory diseases.	10.1186/2050-7771-2-1	Although much more evidence supports that Ly6C + and CD14 + CD16 - classical monocytes are pro-inflammatory monocytes, their high expressions of CD62L imply a possible role of lymph node migration and differentiate into a variety of macrophages and dendritic cell subtypes that could inhibit immune response [ ].
Myeloid.level2.Monocyte/Monocyte_classical	S100A8	curated	34895340	Zeng H	2021	Cell Biosci	Single-cell RNA-sequencing reveals distinct immune cell subsets and signaling pathways in IgA nephropathy.	10.1186/s13578-021-00706-1	CellMarker 2.0: Classical monocyte [Peripheral blood; Experiment]
Myeloid.level2.Monocyte/Monocyte_classical	S100A8	curated	33208946	Travaglini KJ	2020	Nature	A molecular cell atlas of the human lung from single-cell RNA sequencing.	10.1038/s41586-020-2922-4	CellMarker 2.0: Classical monocyte [Bronchial vessel; Experiment]
Myeloid.level2.Monocyte/Monocyte_classical	S100A9	curated	34895340	Zeng H	2021	Cell Biosci	Single-cell RNA-sequencing reveals distinct immune cell subsets and signaling pathways in IgA nephropathy.	10.1186/s13578-021-00706-1	CellMarker 2.0: Classical monocyte [Peripheral blood; Experiment]
Myeloid.level2.Monocyte/Monocyte_classical	S100A9	curated	31870423	Hafemeister C	2019	Genome Biol	Normalization and variance stabilization of single-cell RNA-seq data using regularized negative binomial regression.	10.1186/s13059-019-1874-1	CellMarker 2.0: CD14+ monocyte [Peripheral blood; Experiment]
Myeloid.level2.Monocyte/Monocyte_classical	VCAN	curated	35111153	Kong F	2021	Front Immunol	Single-Cell Transcriptome Analysis of Chronic Antibody-Mediated Rejection After Renal Transplantation.	10.3389/fimmu.2021.767618	CellMarker 2.0: Classical monocyte [Peripheral blood; Experiment]
Myeloid.level2.Monocyte/Monocyte_classical	LYZ	curated	35111153	Kong F	2021	Front Immunol	Single-Cell Transcriptome Analysis of Chronic Antibody-Mediated Rejection After Renal Transplantation.	10.3389/fimmu.2021.767618	CellMarker 2.0: Classical monocyte [Peripheral blood; Experiment]
Myeloid.level2.Monocyte/Monocyte_classical	LYZ	curated	35250975	Yang J	2022	Front Immunol	Increased Expression of Tim-3 Is Associated With Depletion of NKT Cells In SARS-CoV-2 Infection.	10.3389/fimmu.2022.796682	CellMarker 2.0: CD14+ monocyte [Peripheral blood; Experiment]
Myeloid.level2.Monocyte/Monocyte_classical	LYZ	curated	35250976	Zhu L	2022	Front Immunol	Single-Cell Transcriptomics Reveals Peripheral Immune Responses in Anti-Synthetase Syndrome-Associated Interstitial Lung Disease.	10.3389/fimmu.2022.804034	CellMarker 2.0: CD14+ monocyte [Peripheral blood; Experiment]
Myeloid.level2.Monocyte/Monocyte_nonclassical	FCGR3A	curated	35111153	Kong F	2021	Front Immunol	Single-Cell Transcriptome Analysis of Chronic Antibody-Mediated Rejection After Renal Transplantation.	10.3389/fimmu.2021.767618	CellMarker 2.0: Non-classical monocyte [Peripheral blood; Experiment]
Myeloid.level2.Monocyte/Monocyte_nonclassical	FCGR3A	curated	35172892	Ma Y	2022	Genome Med	Integrating single-cell sequencing data with GWAS summary statistics reveals CD16+monocytes and memory CD8+T cells involved in severe COVID-19.	10.1186/s13073-022-01021-1	CellMarker 2.0: CD16+ monocyte [Peripheral blood; Experiment]
Myeloid.level2.Monocyte/Monocyte_nonclassical	FCGR3A	curated	35185925	Yiu G	2022	Front Immunol	High Interferon Signature Leads to Increased STAT1/3/5 Phosphorylation in PBMCs From SLE Patients by Single Cell Mass Cytometry.	10.3389/fimmu.2022.833636	CellMarker 2.0: Non-classical monocyte [Blood; Experiment]
Myeloid.level2.Monocyte/Monocyte_nonclassical	CX3CR1	curated	35124428	Chen T	2022	EBioMedicine	The independent prognostic value of global epigenetic alterations: An analysis of single-cell ATAC-seq of circulating leukocytes from trauma patients followed by validation in whole blood leukocyte transcriptomes across three etiologies of critical illness.	10.1016/j.ebiom.2022.103860	CellMarker 2.0: CD16+ monocyte [Blood; Experiment]
Myeloid.level2.Monocyte/Monocyte_nonclassical	CX3CR1	curated	35172892	Ma Y	2022	Genome Med	Integrating single-cell sequencing data with GWAS summary statistics reveals CD16+monocytes and memory CD8+T cells involved in severe COVID-19.	10.1186/s13073-022-01021-1	CellMarker 2.0: CD16+ monocyte [Peripheral blood; Experiment]
Myeloid.level2.Monocyte/Monocyte_nonclassical	CX3CR1	curated	29313948	Collin M	2018	Immunology	Human dendritic cell subsets: an update.	10.1111/imm.12888	CellMarker 2.0: Non-classical monocyte [Bone marrow; Review]
Myeloid.level2.Monocyte/Monocyte_nonclassical	LILRB2	literature_text	31543877	Kapellos TS	2019	Front Immunol	Human Monocyte Subsets and Phenotypes in Major Chronic Inflammatory Diseases.	10.3389/fimmu.2019.02035	In alignment with human monocyte subset expression signatures, the lung monocyte populations identified in this study were defined as classical ( CD14, FCN1 ), non-classical ( CDKN1C, LILRB2, ITGAL ), and neutrophil-like ( S100A8, S100A9, CSF3R ).
Myeloid.level2.Monocyte/Monocyte_nonclassical	LILRB2	literature_text	34276685	Shibru B	2021	Front Immunol	Detection of Immune Checkpoint Receptors - A Current Challenge in Clinical Flow Cytometry.	10.3389/fimmu.2021.694055	Furthermore, they described that CD16 + monocytes show a significantly higher LILRB2 expression than CD16 - monocytes, indicating that especially nonclassical proinflammatory CD16 + monocyte may play a role in dysregulating immune responses and altering the monocyte phenotype in inflammatory conditions ( ).
Myeloid.level2.Monocyte/Monocyte_nonclassical	CDKN1C	curated	35111153	Kong F	2021	Front Immunol	Single-Cell Transcriptome Analysis of Chronic Antibody-Mediated Rejection After Renal Transplantation.	10.3389/fimmu.2021.767618	CellMarker 2.0: Non-classical monocyte [Peripheral blood; Experiment]
Myeloid.level2.cDC/cDC1	CLEC9A	curated	35154475	Chen Y	2022	Theranostics	Single-cell RNA landscape of the osteoimmunology microenvironment in periodontitis.	10.7150/thno.65694	CellMarker 2.0: CLEC9A+ dendritic cell [Periodontium; Experiment]
Myeloid.level2.cDC/cDC1	CLEC9A	curated	34128959	Wilk AJ	2021	J Exp Med	Multi-omic profiling reveals widespread dysregulation of innate immunity and hematopoiesis in COVID-19.	10.1084/jem.20210582	CellMarker 2.0: Conventional dendritic cell 1(cDC1) [Blood; Experiment]
Myeloid.level2.cDC/cDC1	CLEC9A	curated	34354295	Hwang B	2021	Nat Methods	SCITO-seq: single-cell combinatorial indexed cytometry sequencing.	10.1038/s41592-021-01222-3	CellMarker 2.0: Conventional dendritic cell 1(cDC1) [Peripheral blood; Experiment]
Myeloid.level2.cDC/cDC1	XCR1	curated	34566985	Doyle CM	2021	Front Immunol	Optimal Isolation Protocols for Examining and Interrogating Mononuclear Phagocytes From Human Intestinal Tissue.	10.3389/fimmu.2021.727952	CellMarker 2.0: Conventional dendritic cell 1(cDC1) [Intestine; Experiment]
Myeloid.level2.cDC/cDC1	XCR1	curated	33986743	de Koning W	2021	Front Immunol	Identification, Validation, and Utilization of Immune Cells in Pancreatic Ductal Adenocarcinoma Based on Marker Genes.	10.3389/fimmu.2021.649061	CellMarker 2.0: Conventional dendritic cell 1(cDC1) [Pancreas; Experiment]
Myeloid.level2.cDC/cDC1	XCR1	curated	31892341	Madissoon E	2019	Genome Biol	scRNA-seq assessment of the human lung, spleen, and esophagus tissue stability after cold preservation.	10.1186/s13059-019-1906-x	CellMarker 2.0: Conventional dendritic cell 1(cDC1) [Lung; Experiment]
Myeloid.level2.cDC/cDC1	BATF3	curated	28428369	Villani AC	2017	Science	Single-cell RNA-seq reveals new types of human blood dendritic cells, monocytes, and progenitors.	10.1126/science.aah4573	CellMarker 2.0: CD141+CLEC9A+ dendritic cell [Blood; Single-cell sequencing]
Myeloid.level2.cDC/cDC1	IRF8	curated	32057296	Bosisio FM	2020	Elife	Functional heterogeneity of lymphocytic patterns in primary melanoma dissected through single-cell multiplexing.	10.7554/eLife.53008	CellMarker 2.0: Conventional dendritic cell 1(cDC1) [Skin; Experiment]
Myeloid.level2.cDC/cDC1	IRF8	curated	33053333	Hughes TK	2020	Immunity	Second-Strand Synthesis-Based Massively Parallel scRNA-Seq Reveals Cellular States and Molecular Features of Human Inflammatory Skin Pathologies.	10.1016/j.immuni.2020.09.015	CellMarker 2.0: Conventional dendritic cell 1(cDC1) [Skin; Experiment]
Myeloid.level2.cDC/cDC1	IRF8	primary_text	32269339	Maier B	2020	Nature	A conserved dendritic-cell regulatory program limits antitumour immunity.	10.1038/s41586-020-2134-y	Unsupervised clustering identified a DC1 cluster expressing CLEC9A , XCR1 and IRF8 and a DC2 cluster expressing CD1C and FCER1A ( ).
Myeloid.level2.cDC/cDC1	CADM1	curated	28428369	Villani AC	2017	Science	Single-cell RNA-seq reveals new types of human blood dendritic cells, monocytes, and progenitors.	10.1126/science.aah4573	CellMarker 2.0: CD141+CLEC9A+ dendritic cell [Blood; Single-cell sequencing]
Myeloid.level2.cDC/cDC1	CADM1	curated	35304295	Li XY	2022	Biochim Biophys Acta Rev Cancer	Understanding initiation and progression of hepatocellular carcinoma through single cell sequencing.	10.1016/j.bbcan.2022.188720	CellMarker 2.0: Conventional dendritic cell 1(cDC1) [Liver; Review]
Myeloid.level2.cDC/cDC1	CADM1	curated	33601412	Gerhard GM	2021	J Exp Med	Tumor-infiltrating dendritic cell states are conserved across solid human cancers.	10.1084/jem.20200264	CellMarker 2.0: Conventional dendritic cell 1(cDC1) [Undefined; Review]
Myeloid.level2.cDC/cDC2	CD1C	curated	35154475	Chen Y	2022	Theranostics	Single-cell RNA landscape of the osteoimmunology microenvironment in periodontitis.	10.7150/thno.65694	CellMarker 2.0: CD1C+ dentritic cell [Periodontium; Experiment]
Myeloid.level2.cDC/cDC2	CD1C	curated	33429418	Grant RA	2021	Nature	Circuits between infected macrophages and T cells in SARS-CoV-2 pneumonia.	10.1038/s41586-020-03148-w	CellMarker 2.0: Conventional dendritic cell 2(cDC2) [Bronchoalveolar lavage; Experiment]
Myeloid.level2.cDC/cDC2	CD1C	curated	32351704	Zhao J	2020	Cell Discov	Single-cell RNA sequencing reveals the heterogeneity of liver-resident immune cells in human.	10.1038/s41421-020-0157-z	CellMarker 2.0: Conventional dendritic cell 2(cDC2) [Blood; Experiment]
Myeloid.level2.cDC/cDC2	CLEC10A	curated	31892341	Madissoon E	2019	Genome Biol	scRNA-seq assessment of the human lung, spleen, and esophagus tissue stability after cold preservation.	10.1186/s13059-019-1906-x	CellMarker 2.0: Conventional dendritic cell 2(cDC2) [Esophagus; Experiment]
Myeloid.level2.cDC/cDC2	CLEC10A	curated	28428369	Villani AC	2017	Science	Single-cell RNA-seq reveals new types of human blood dendritic cells, monocytes, and progenitors.	10.1126/science.aah4573	CellMarker 2.0: CD1C+_B dendritic cell [Blood; Single-cell sequencing]
Myeloid.level2.cDC/cDC2	CLEC10A	curated	35304295	Li XY	2022	Biochim Biophys Acta Rev Cancer	Understanding initiation and progression of hepatocellular carcinoma through single cell sequencing.	10.1016/j.bbcan.2022.188720	CellMarker 2.0: Conventional dendritic cell 2(cDC2) [Liver; Review]
Myeloid.level2.cDC/cDC2	FCER1A	curated	33782623	Pombo Antunes AR	2021	Nat Neurosci	Single-cell profiling of myeloid cells in glioblastoma across species and disease stage reveals macrophage competition and specialization.	10.1038/s41593-020-00789-y	CellMarker 2.0: Conventional dendritic cell 2a(cDC2a) [Brain; Experiment]
Myeloid.level2.cDC/cDC2	FCER1A	curated	32351704	Zhao J	2020	Cell Discov	Single-cell RNA sequencing reveals the heterogeneity of liver-resident immune cells in human.	10.1038/s41421-020-0157-z	CellMarker 2.0: Conventional dendritic cell 2(cDC2) [Blood; Experiment]
Myeloid.level2.cDC/cDC2	FCER1A	curated	28428369	Villani AC	2017	Science	Single-cell RNA-seq reveals new types of human blood dendritic cells, monocytes, and progenitors.	10.1126/science.aah4573	CellMarker 2.0: CD1C+_A dendritic cell [Blood; Single-cell sequencing]
Myeloid.level2.cDC/cDC2	CD1E	curated	33782623	Pombo Antunes AR	2021	Nat Neurosci	Single-cell profiling of myeloid cells in glioblastoma across species and disease stage reveals macrophage competition and specialization.	10.1038/s41593-020-00789-y	CellMarker 2.0: Conventional dendritic cell 2a(cDC2a) [Brain; Experiment]
Myeloid.level2.cDC/cDC2	CD1E	curated	33053333	Hughes TK	2020	Immunity	Second-Strand Synthesis-Based Massively Parallel scRNA-Seq Reveals Cellular States and Molecular Features of Human Inflammatory Skin Pathologies.	10.1016/j.immuni.2020.09.015	CellMarker 2.0: Conventional dendritic cell 2(cDC2) [Skin; Experiment]
Myeloid.level2.cDC/cDC2	CD1E	curated	28428369	Villani AC	2017	Science	Single-cell RNA-seq reveals new types of human blood dendritic cells, monocytes, and progenitors.	10.1126/science.aah4573	CellMarker 2.0: CD1C+_A dendritic cell [Blood; Single-cell sequencing]
Myeloid.level2.cDC/mregDC	LAMP3	curated	34783307	Kasper M	2021	Elife	Intraocular dendritic cells characterize HLA-B27-associated acute anterior uveitis.	10.7554/eLife.67396	CellMarker 2.0: Mature dendritic cell [Eye; Experiment]
Myeloid.level2.cDC/mregDC	LAMP3	curated	34054812	Zhang C	2021	Front Immunol	Immune Landscape of Gastric Carcinoma Tumor Microenvironment Identifies a Peritoneal Relapse Relevant Immune Signature.	10.3389/fimmu.2021.651033	CellMarker 2.0: Activated dendritic cell [Stomach; Experiment]
Myeloid.level2.cDC/mregDC	LAMP3	curated	35304295	Li XY	2022	Biochim Biophys Acta Rev Cancer	Understanding initiation and progression of hepatocellular carcinoma through single cell sequencing.	10.1016/j.bbcan.2022.188720	CellMarker 2.0: Mature dendritic cell [Liver; Review]
Myeloid.level2.cDC/mregDC	CCR7	curated	33429418	Grant RA	2021	Nature	Circuits between infected macrophages and T cells in SARS-CoV-2 pneumonia.	10.1038/s41586-020-03148-w	CellMarker 2.0: Migratory dendritic cell [Bronchoalveolar lavage; Experiment]
Myeloid.level2.cDC/mregDC	CCR7	curated	31892341	Madissoon E	2019	Genome Biol	scRNA-seq assessment of the human lung, spleen, and esophagus tissue stability after cold preservation.	10.1186/s13059-019-1906-x	CellMarker 2.0: Activated dendritic cell [Lung; Experiment]
Myeloid.level2.cDC/mregDC	CCR7	curated	35304295	Li XY	2022	Biochim Biophys Acta Rev Cancer	Understanding initiation and progression of hepatocellular carcinoma through single cell sequencing.	10.1016/j.bbcan.2022.188720	CellMarker 2.0: Mature dendritic cell [Liver; Review]
Myeloid.level2.cDC/mregDC	CCL19	curated	35304295	Li XY	2022	Biochim Biophys Acta Rev Cancer	Understanding initiation and progression of hepatocellular carcinoma through single cell sequencing.	10.1016/j.bbcan.2022.188720	CellMarker 2.0: Mature dendritic cell [Liver; Review]
Myeloid.level2.cDC/mregDC	FSCN1	curated	33250080	Villar J	2020	Trends Immunol	Decoding the Heterogeneity of Human Dendritic Cell Subsets.	10.1016/j.it.2020.10.002	CellMarker 2.0: CCR7+ dendritic cell [Undefined; Review]
Myeloid.level2.cDC/mregDC	CD274	primary_text	32269339	Maier B	2020	Nature	A conserved dendritic-cell regulatory program limits antitumour immunity.	10.1038/s41586-020-2134-y	Similar to our results in mice, we also identified a human mregDC cluster that expressed the maturation markers CCR7 , CD40 , RELB and CD83 and the regulatory molecules CD274 , CD200 , FAS and ALDH1A2 , as well as low levels of TLR signalling genes and increased levels of migratory genes ( , ).
Myeloid.level2.cDC/mregDC	CD83	curated	34497421	Absinta M	2021	Nature	A lymphocyte-microglia-astrocyte axis in chronic active multiple sclerosis.	10.1038/s41586-021-03892-7	CellMarker 2.0: Mature dendritic cell [Brain; Experiment]
Myeloid.level2.cDC/mregDC	CD83	curated	34783307	Kasper M	2021	Elife	Intraocular dendritic cells characterize HLA-B27-associated acute anterior uveitis.	10.7554/eLife.67396	CellMarker 2.0: Mature dendritic cell [Eye; Experiment]
Myeloid.level2.cDC/mregDC	CD83	curated	35304295	Li XY	2022	Biochim Biophys Acta Rev Cancer	Understanding initiation and progression of hepatocellular carcinoma through single cell sequencing.	10.1016/j.bbcan.2022.188720	CellMarker 2.0: Mature dendritic cell [Liver; Review]
caf/iCAF	LMNA	curated	33653818	Guo JA	2021	Clin Cancer Res	Refining the Molecular Framework for Pancreatic Cancer with Single-cell and Spatial Technologies.	10.1158/1078-0432.CCR-20-4712	CellMarker 2.0: Inflammatory cancer‐associated fibroblast (iCAF) [Pancreas; Review]
caf/iCAF	LMNA	primary_text	31197017	Elyada E	2019	Cancer Discov	Cross-Species Single-Cell Analysis of Pancreatic Ductal Adenocarcinoma Reveals Antigen-Presenting Cancer-Associated Fibroblasts.	10.1158/2159-8290.CD-19-0094	Strong expression of complement factor D ( CFD ) and matrix proteins such as lamin A/C ( LMNA ) and dermatopontin ( DPT ) marked iCAFs ( and ; ).
caf/iCAF	CLU	primary_text	31197017	Elyada E	2019	Cancer Discov	Cross-Species Single-Cell Analysis of Pancreatic Ductal Adenocarcinoma Reveals Antigen-Presenting Cancer-Associated Fibroblasts.	10.1158/2159-8290.CD-19-0094	The human CAFs network has been generated from iCAFs and myCAFs cells previously identified based on gene expression markers (iCAF signature: IL6, PDGFRA, CFD, PLA2G2A, HAS1, CXCL2, CCL2, CLU, EMP1, LMNA; myCAF signature genes: TAGLN, ACTA2, MMP11, PDGFRB, HOPX, POSTN).
caf/iCAF	HAS1	primary_text	31197017	Elyada E	2019	Cancer Discov	Cross-Species Single-Cell Analysis of Pancreatic Ductal Adenocarcinoma Reveals Antigen-Presenting Cancer-Associated Fibroblasts.	10.1158/2159-8290.CD-19-0094	Notably, specific to iCAFs was expression of the hyaluronan synthases ( HAS1 , HAS2 ), the enzymes responsible for the synthesis of hyaluronan, a major component of the ECM identified as a significant barrier to treatment of PDAC ( , ) ( ; ).
caf/iCAF	CFD	curated	35140113	Yang L	2022	J Immunother Cancer	Single-cell transcriptome analysis revealed a suppressive tumor immune microenvironment in EGFR mutant lung adenocarcinoma.	10.1136/jitc-2021-003534	CellMarker 2.0: Inflammatory cancer-associated fibroblast [Lung; Experiment]
caf/iCAF	CFD	curated	33653818	Guo JA	2021	Clin Cancer Res	Refining the Molecular Framework for Pancreatic Cancer with Single-cell and Spatial Technologies.	10.1158/1078-0432.CCR-20-4712	CellMarker 2.0: Inflammatory cancer‐associated fibroblast (iCAF) [Pancreas; Review]
caf/iCAF	CFD	primary_text	31197017	Elyada E	2019	Cancer Discov	Cross-Species Single-Cell Analysis of Pancreatic Ductal Adenocarcinoma Reveals Antigen-Presenting Cancer-Associated Fibroblasts.	10.1158/2159-8290.CD-19-0094	Strong expression of complement factor D ( CFD ) and matrix proteins such as lamin A/C ( LMNA ) and dermatopontin ( DPT ) marked iCAFs ( and ; ).
caf/iCAF	CXCL12	curated	34040169	Han J	2021	Nat Rev Gastroenterol Hepatol	Single-cell RNA sequencing in pancreatic cancer.	10.1038/s41575-021-00471-z	CellMarker 2.0: Inflammatory cancer-associated fibroblast [Pancreas; Review]
caf/iCAF	CXCL12	primary_text	31197017	Elyada E	2019	Cancer Discov	Cross-Species Single-Cell Analysis of Pancreatic Ductal Adenocarcinoma Reveals Antigen-Presenting Cancer-Associated Fibroblasts.	10.1158/2159-8290.CD-19-0094	In accordance with our previous iCAF and myCAF characterization ( ), sub-cluster 1 had enriched expression of Interleukin 6 ( IL6 ), Interleukin 8 ( IL8 ) and chemokines such as CXCL1 , CXCL2 , CCL2 , and CXCL12 , and was therefore identified as iCAFs ( , orange; ).
caf/iCAF	EMP1	primary_text	31197017	Elyada E	2019	Cancer Discov	Cross-Species Single-Cell Analysis of Pancreatic Ductal Adenocarcinoma Reveals Antigen-Presenting Cancer-Associated Fibroblasts.	10.1158/2159-8290.CD-19-0094	The human CAFs network has been generated from iCAFs and myCAFs cells previously identified based on gene expression markers (iCAF signature: IL6, PDGFRA, CFD, PLA2G2A, HAS1, CXCL2, CCL2, CLU, EMP1, LMNA; myCAF signature genes: TAGLN, ACTA2, MMP11, PDGFRB, HOPX, POSTN).
caf/iCAF	CXCL2	primary_text	31197017	Elyada E	2019	Cancer Discov	Cross-Species Single-Cell Analysis of Pancreatic Ductal Adenocarcinoma Reveals Antigen-Presenting Cancer-Associated Fibroblasts.	10.1158/2159-8290.CD-19-0094	In accordance with our previous iCAF and myCAF characterization ( ), sub-cluster 1 had enriched expression of Interleukin 6 ( IL6 ), Interleukin 8 ( IL8 ) and chemokines such as CXCL1 , CXCL2 , CCL2 , and CXCL12 , and was therefore identified as iCAFs ( , orange; ).
caf/iCAF	CCL2	primary_text	31197017	Elyada E	2019	Cancer Discov	Cross-Species Single-Cell Analysis of Pancreatic Ductal Adenocarcinoma Reveals Antigen-Presenting Cancer-Associated Fibroblasts.	10.1158/2159-8290.CD-19-0094	In accordance with our previous iCAF and myCAF characterization ( ), sub-cluster 1 had enriched expression of Interleukin 6 ( IL6 ), Interleukin 8 ( IL8 ) and chemokines such as CXCL1 , CXCL2 , CCL2 , and CXCL12 , and was therefore identified as iCAFs ( , orange; ).
caf/iCAF	DPT	curated	33653818	Guo JA	2021	Clin Cancer Res	Refining the Molecular Framework for Pancreatic Cancer with Single-cell and Spatial Technologies.	10.1158/1078-0432.CCR-20-4712	CellMarker 2.0: Inflammatory cancer‐associated fibroblast (iCAF) [Pancreas; Review]
caf/iCAF	DPT	primary_text	31197017	Elyada E	2019	Cancer Discov	Cross-Species Single-Cell Analysis of Pancreatic Ductal Adenocarcinoma Reveals Antigen-Presenting Cancer-Associated Fibroblasts.	10.1158/2159-8290.CD-19-0094	Strong expression of complement factor D ( CFD ) and matrix proteins such as lamin A/C ( LMNA ) and dermatopontin ( DPT ) marked iCAFs ( and ; ).
caf/iCAF	PLA2G2A	primary_text	31197017	Elyada E	2019	Cancer Discov	Cross-Species Single-Cell Analysis of Pancreatic Ductal Adenocarcinoma Reveals Antigen-Presenting Cancer-Associated Fibroblasts.	10.1158/2159-8290.CD-19-0094	The human CAFs network has been generated from iCAFs and myCAFs cells previously identified based on gene expression markers (iCAF signature: IL6, PDGFRA, CFD, PLA2G2A, HAS1, CXCL2, CCL2, CLU, EMP1, LMNA; myCAF signature genes: TAGLN, ACTA2, MMP11, PDGFRB, HOPX, POSTN).
caf/iCAF	SOD2	primary_text	31197017	Elyada E	2019	Cancer Discov	Cross-Species Single-Cell Analysis of Pancreatic Ductal Adenocarcinoma Reveals Antigen-Presenting Cancer-Associated Fibroblasts.	10.1158/2159-8290.CD-19-0094	In addition, the hypoxia regulator HIF1α and the redox regulators Nrf2 (NFE2L2) and superoxide dismutase 2 (SOD2) were active in iCAFs, suggesting a role for iCAFs in oxidative stress relief ( and ; - ).
caf/iCAF	IL6	curated	34040169	Han J	2021	Nat Rev Gastroenterol Hepatol	Single-cell RNA sequencing in pancreatic cancer.	10.1038/s41575-021-00471-z	CellMarker 2.0: Inflammatory cancer-associated fibroblast [Pancreas; Review]
caf/iCAF	IL6	primary_text	31197017	Elyada E	2019	Cancer Discov	Cross-Species Single-Cell Analysis of Pancreatic Ductal Adenocarcinoma Reveals Antigen-Presenting Cancer-Associated Fibroblasts.	10.1158/2159-8290.CD-19-0094	In accordance with our previous iCAF and myCAF characterization ( ), sub-cluster 1 had enriched expression of Interleukin 6 ( IL6 ), Interleukin 8 ( IL8 ) and chemokines such as CXCL1 , CXCL2 , CCL2 , and CXCL12 , and was therefore identified as iCAFs ( , orange; ).
caf/iCAF	HAS2	primary_text	31197017	Elyada E	2019	Cancer Discov	Cross-Species Single-Cell Analysis of Pancreatic Ductal Adenocarcinoma Reveals Antigen-Presenting Cancer-Associated Fibroblasts.	10.1158/2159-8290.CD-19-0094	Notably, specific to iCAFs was expression of the hyaluronan synthases ( HAS1 , HAS2 ), the enzymes responsible for the synthesis of hyaluronan, a major component of the ECM identified as a significant barrier to treatment of PDAC ( , ) ( ; ).
caf/iCAF	IL8	primary_text	31197017	Elyada E	2019	Cancer Discov	Cross-Species Single-Cell Analysis of Pancreatic Ductal Adenocarcinoma Reveals Antigen-Presenting Cancer-Associated Fibroblasts.	10.1158/2159-8290.CD-19-0094	In accordance with our previous iCAF and myCAF characterization ( ), sub-cluster 1 had enriched expression of Interleukin 6 ( IL6 ), Interleukin 8 ( IL8 ) and chemokines such as CXCL1 , CXCL2 , CCL2 , and CXCL12 , and was therefore identified as iCAFs ( , orange; ).
caf/iCAF	CXCL1	primary_text	31197017	Elyada E	2019	Cancer Discov	Cross-Species Single-Cell Analysis of Pancreatic Ductal Adenocarcinoma Reveals Antigen-Presenting Cancer-Associated Fibroblasts.	10.1158/2159-8290.CD-19-0094	In accordance with our previous iCAF and myCAF characterization ( ), sub-cluster 1 had enriched expression of Interleukin 6 ( IL6 ), Interleukin 8 ( IL8 ) and chemokines such as CXCL1 , CXCL2 , CCL2 , and CXCL12 , and was therefore identified as iCAFs ( , orange; ).
caf/myCAF	MYL9	curated	33653818	Guo JA	2021	Clin Cancer Res	Refining the Molecular Framework for Pancreatic Cancer with Single-cell and Spatial Technologies.	10.1158/1078-0432.CCR-20-4712	CellMarker 2.0: Myofibroblastic cancer‐associated fibroblast (myCAF) [Pancreas; Review]
caf/myCAF	MYL9	primary_text	31197017	Elyada E	2019	Cancer Discov	Cross-Species Single-Cell Analysis of Pancreatic Ductal Adenocarcinoma Reveals Antigen-Presenting Cancer-Associated Fibroblasts.	10.1158/2159-8290.CD-19-0094	In contrast, myCAF markers included the contractile proteins transgelin ( TAGLN ), the myosin light chain 9 ( MYL9 ), tropomyosins 1 and 2 ( TPM1 , TPM2 ), the ECM modulators matrix metallopeptidase 11 ( MMP11 ) and periostin ( POSTN ), and the homeobox transcription factor HOPX ( and ; ).
caf/myCAF	CALD1	literature_text	38229104	Bagger MM	2024	Breast Cancer Res	Evidence of steady-state fibroblast subtypes in the normal human breast as cells-of-origin for perturbed-state fibroblasts in breast cancer.	10.1186/s13058-024-01763-3	As depicted in Fig. b, CAF low expressed these iCAF markers, whereas CAF high exhibited increased expression of prototypical myofibroblast markers including CTGF , TAGLN , CALD1 , MYL9 , POSTN , CNN1 , CXCL12 and MMP11 [ , , ].
caf/myCAF	MMP11	curated	33653818	Guo JA	2021	Clin Cancer Res	Refining the Molecular Framework for Pancreatic Cancer with Single-cell and Spatial Technologies.	10.1158/1078-0432.CCR-20-4712	CellMarker 2.0: Myofibroblastic cancer‐associated fibroblast (myCAF) [Pancreas; Review]
caf/myCAF	MMP11	primary_text	31197017	Elyada E	2019	Cancer Discov	Cross-Species Single-Cell Analysis of Pancreatic Ductal Adenocarcinoma Reveals Antigen-Presenting Cancer-Associated Fibroblasts.	10.1158/2159-8290.CD-19-0094	In contrast, myCAF markers included the contractile proteins transgelin ( TAGLN ), the myosin light chain 9 ( MYL9 ), tropomyosins 1 and 2 ( TPM1 , TPM2 ), the ECM modulators matrix metallopeptidase 11 ( MMP11 ) and periostin ( POSTN ), and the homeobox transcription factor HOPX ( and ; ).
caf/myCAF	HOPX	curated	33653818	Guo JA	2021	Clin Cancer Res	Refining the Molecular Framework for Pancreatic Cancer with Single-cell and Spatial Technologies.	10.1158/1078-0432.CCR-20-4712	CellMarker 2.0: Myofibroblastic cancer‐associated fibroblast (myCAF) [Pancreas; Review]
caf/myCAF	HOPX	primary_text	31197017	Elyada E	2019	Cancer Discov	Cross-Species Single-Cell Analysis of Pancreatic Ductal Adenocarcinoma Reveals Antigen-Presenting Cancer-Associated Fibroblasts.	10.1158/2159-8290.CD-19-0094	In contrast, myCAF markers included the contractile proteins transgelin ( TAGLN ), the myosin light chain 9 ( MYL9 ), tropomyosins 1 and 2 ( TPM1 , TPM2 ), the ECM modulators matrix metallopeptidase 11 ( MMP11 ) and periostin ( POSTN ), and the homeobox transcription factor HOPX ( and ; ).
caf/myCAF	IGFBP7	literature_text	39045455	Lit KK	2024	Front Cell Dev Biol	Insulin-like growth factor-binding protein 7 (IGFBP7): A microenvironment-dependent regulator of angiogenesis and vascular remodeling.	10.3389/fcell.2024.1421438	Similar results were recently confirmed in gastric cancer, where IGFBP7 was mainly expressed by myofibroblastic CAFs ( ).
caf/myCAF	IGFBP7	literature_text	37568781	Hong Z	2023	Cancers (Basel)	Crosstalk between Cancer Cells and Cancer-Associated Fibroblasts Mediated by TGF-β1-IGFBP7 Signaling Promotes the Progression of Infiltrative Gastric Cancer.	10.3390/cancers15153965	It was found that myCAFs express more IGFBP7 than inflammatory CAFs (iCAFs) [ ], indicating that IGFBP7 + CAFs belong to the subset of myCAFs. 3.3.
caf/myCAF	TPM2	curated	33653818	Guo JA	2021	Clin Cancer Res	Refining the Molecular Framework for Pancreatic Cancer with Single-cell and Spatial Technologies.	10.1158/1078-0432.CCR-20-4712	CellMarker 2.0: Myofibroblastic cancer‐associated fibroblast (myCAF) [Pancreas; Review]
caf/myCAF	TPM2	primary_text	31197017	Elyada E	2019	Cancer Discov	Cross-Species Single-Cell Analysis of Pancreatic Ductal Adenocarcinoma Reveals Antigen-Presenting Cancer-Associated Fibroblasts.	10.1158/2159-8290.CD-19-0094	In contrast, myCAF markers included the contractile proteins transgelin ( TAGLN ), the myosin light chain 9 ( MYL9 ), tropomyosins 1 and 2 ( TPM1 , TPM2 ), the ECM modulators matrix metallopeptidase 11 ( MMP11 ) and periostin ( POSTN ), and the homeobox transcription factor HOPX ( and ; ).
caf/myCAF	CTHRC1	literature_text	36720863	Hanley CJ	2023	Nat Commun	Single-cell analysis reveals prognostic fibroblast subpopulations linked to molecular and immunological subtypes of lung cancer.	10.1038/s41467-023-35832-6	Key markers for the myofibroblast subpopulation included MMP11, POSTN, CTHRC1, COL1A1, ACTA2 and COL3A1 .
caf/myCAF	CTHRC1	literature_text	39075108	Li E	2024	Sci Rep	CTHRC1(+) fibroblasts and SPP1(+) macrophages synergistically contribute to pro-tumorigenic tumor microenvironment in pancreatic ductal adenocarcinoma.	10.1038/s41598-024-68109-z	( c ) UMAP of DE genes in CTHRC1 + GREM1 + myCAF.
caf/myCAF	ACTA2	curated	34040169	Han J	2021	Nat Rev Gastroenterol Hepatol	Single-cell RNA sequencing in pancreatic cancer.	10.1038/s41575-021-00471-z	CellMarker 2.0: Myofibroblastic cancer-associated fibroblast [Pancreas; Review]
caf/myCAF	ACTA2	primary_text	31197017	Elyada E	2019	Cancer Discov	Cross-Species Single-Cell Analysis of Pancreatic Ductal Adenocarcinoma Reveals Antigen-Presenting Cancer-Associated Fibroblasts.	10.1158/2159-8290.CD-19-0094	Sub-cluster 2 was identified as myCAFs because it expressed high levels of αSMA ( ACTA2 ) ( , green; ).
caf/myCAF	TAGLN	curated	35140113	Yang L	2022	J Immunother Cancer	Single-cell transcriptome analysis revealed a suppressive tumor immune microenvironment in EGFR mutant lung adenocarcinoma.	10.1136/jitc-2021-003534	CellMarker 2.0: Myofibroblastic cancer-associated fibroblast [Lung; Experiment]
caf/myCAF	TAGLN	curated	33653818	Guo JA	2021	Clin Cancer Res	Refining the Molecular Framework for Pancreatic Cancer with Single-cell and Spatial Technologies.	10.1158/1078-0432.CCR-20-4712	CellMarker 2.0: Myofibroblastic cancer‐associated fibroblast (myCAF) [Pancreas; Review]
caf/myCAF	TAGLN	curated	34040169	Han J	2021	Nat Rev Gastroenterol Hepatol	Single-cell RNA sequencing in pancreatic cancer.	10.1038/s41575-021-00471-z	CellMarker 2.0: Myofibroblastic cancer-associated fibroblast [Pancreas; Review]
caf/myCAF	INHBA	literature_text	37633924	Oh K	2023	Nat Commun	Coordinated single-cell tumor microenvironment dynamics reinforce pancreatic cancer subtype.	10.1038/s41467-023-40895-6	Notable findings include T-cell recruiting CCL21 expression by qPSCs, IL6 expression by iCAFs, and INHBA by myCAFs.
caf/myCAF	INHBA	literature_text	36316305	Shaashua L	2022	Nat Commun	BRCA mutational status shapes the stromal microenvironment of pancreatic cancer linking clusterin expression in cancer associated fibroblasts with HSF1 signaling.	10.1038/s41467-022-34081-3	Fig. , cluster 0) cluster was enriched for myofibroblastic pathways such as ECM remodeling (collagens and MMPs), wound healing ( INHBA, THBS2 ), smooth muscle contraction ( ACTA2 and TPM genes), and cell-substrate adhesion ( LRRC15, ITGB5 ) , , , .
caf/myCAF	COL10A1	literature_text	34035226	Wang Y	2021	Cell Discov	Single-cell analysis of pancreatic ductal adenocarcinoma identifies a novel fibroblast subtype associated with poor prognosis but better immunotherapy response.	10.1038/s41421-021-00271-4	In accordance with previous studies , , we showed that subcluster C3 was myCAFs, which highly expressed COL10A1 and POSTN , and its marker genes were linked to ECM-receptor interaction and PI3K/AKT signaling (Fig. ).
caf/myCAF	TPM1	curated	33653818	Guo JA	2021	Clin Cancer Res	Refining the Molecular Framework for Pancreatic Cancer with Single-cell and Spatial Technologies.	10.1158/1078-0432.CCR-20-4712	CellMarker 2.0: Myofibroblastic cancer‐associated fibroblast (myCAF) [Pancreas; Review]
caf/myCAF	TPM1	primary_text	31197017	Elyada E	2019	Cancer Discov	Cross-Species Single-Cell Analysis of Pancreatic Ductal Adenocarcinoma Reveals Antigen-Presenting Cancer-Associated Fibroblasts.	10.1158/2159-8290.CD-19-0094	In contrast, myCAF markers included the contractile proteins transgelin ( TAGLN ), the myosin light chain 9 ( MYL9 ), tropomyosins 1 and 2 ( TPM1 , TPM2 ), the ECM modulators matrix metallopeptidase 11 ( MMP11 ) and periostin ( POSTN ), and the homeobox transcription factor HOPX ( and ; ).
caf/myCAF	POSTN	curated	33653818	Guo JA	2021	Clin Cancer Res	Refining the Molecular Framework for Pancreatic Cancer with Single-cell and Spatial Technologies.	10.1158/1078-0432.CCR-20-4712	CellMarker 2.0: Myofibroblastic cancer‐associated fibroblast (myCAF) [Pancreas; Review]
caf/myCAF	POSTN	primary_text	31197017	Elyada E	2019	Cancer Discov	Cross-Species Single-Cell Analysis of Pancreatic Ductal Adenocarcinoma Reveals Antigen-Presenting Cancer-Associated Fibroblasts.	10.1158/2159-8290.CD-19-0094	In contrast, myCAF markers included the contractile proteins transgelin ( TAGLN ), the myosin light chain 9 ( MYL9 ), tropomyosins 1 and 2 ( TPM1 , TPM2 ), the ECM modulators matrix metallopeptidase 11 ( MMP11 ) and periostin ( POSTN ), and the homeobox transcription factor HOPX ( and ; ).
caf/myCAF	CST1	literature_text	41316282	Weng J	2025	J Exp Clin Cancer Res	Single-cell insights into tumor microenvironment heterogeneity and plasticity: transforming precision therapy in gastrointestinal cancers.	10.1186/s13046-025-03567-5	Moreover, CST1 + myofibroblasts as a tumor-specific fibroblast subtype, which is associated with poor prognosis in ESCC were identified [ ] (Table ).
caf/apCAF	CD74	curated	34493872	Wu SZ	2021	Nat Genet	A single-cell and spatially resolved atlas of human breast cancers.	10.1038/s41588-021-00911-1	CellMarker 2.0: Antigen presentation cancer-associated fibroblast [Breast; Experiment]
caf/apCAF	CD74	curated	34040169	Han J	2021	Nat Rev Gastroenterol Hepatol	Single-cell RNA sequencing in pancreatic cancer.	10.1038/s41575-021-00471-z	CellMarker 2.0: Antigen presentation cancer-associated fibroblast [Pancreas; Review]
caf/apCAF	CD74	primary_text	31197017	Elyada E	2019	Cancer Discov	Cross-Species Single-Cell Analysis of Pancreatic Ductal Adenocarcinoma Reveals Antigen-Presenting Cancer-Associated Fibroblasts.	10.1158/2159-8290.CD-19-0094	Additionally, sequential IHC of CD74 and PDPN demonstrated a fraction of stromal cells expressing both markers, providing further confirmation for the presence of apCAFs in KPC tumors ( ).
caf/apCAF	HLA-DRA	primary_text	31197017	Elyada E	2019	Cancer Discov	Cross-Species Single-Cell Analysis of Pancreatic Ductal Adenocarcinoma Reveals Antigen-Presenting Cancer-Associated Fibroblasts.	10.1158/2159-8290.CD-19-0094	We detected subsets of human CAFs expressing modest levels of the human leukocyte antigen (HLA) genes that encode MHC class II chains ( HLA-DRA , HLA-DPA1 and HLA-DQA1 ) ( ).
caf/apCAF	HLA-DRB1	literature_text	37463917	Cords L	2023	Nat Commun	Cancer-associated fibroblast classification in single-cell and spatial proteomics data.	10.1038/s41467-023-39762-1	Antigen-presenting CAFs (apCAFs): We identified two clusters (clusters 8 ( n = 427) and 10 ( n = 366), Supplementary Fig. and Supplementary Data and ) with high expression of genes involved in MHC-II-associated antigen presentation, including HLA-DRA , HLA-DRB1 and CD74 (Fig. ).
caf/apCAF	HLA-DRB1	literature_text	40038297	Song J	2025	Nat Commun	Antigen-presenting cancer associated fibroblasts enhance antitumor immunity and predict immunotherapy response.	10.1038/s41467-025-57465-7	Cluster 5, which showed high expression of CD74 , HLA-DRA , HLA-DRB1 and HLA-DPA1 (genes related to MHC class II molecules) and strong activity in the antigen processing and presentation pathway, was annotated as apCAFs (Fig. ).
caf/apCAF	HLA-DRB1	literature_text	35784460	Song H	2022	Front Cell Dev Biol	Single-Cell Transcriptome Analysis Reveals Changes of Tumor Immune Microenvironment in Oral Squamous Cell Carcinoma After Chemotherapy.	10.3389/fcell.2022.914120	C2 CAFs expressed CD74 and MHC-Ⅱ (such as HLA-DRA, HLA-DRB1, HLA-DQB1, HLA-DRB5, HLA-DPA1 and HLA-DPB1), which were reported as ‘antigen- presenting CAFs (apCAFs)’ ( ; ).
caf/apCAF	HLA-DRB5	literature_text	35784460	Song H	2022	Front Cell Dev Biol	Single-Cell Transcriptome Analysis Reveals Changes of Tumor Immune Microenvironment in Oral Squamous Cell Carcinoma After Chemotherapy.	10.3389/fcell.2022.914120	C2 CAFs expressed CD74 and MHC-Ⅱ (such as HLA-DRA, HLA-DRB1, HLA-DQB1, HLA-DRB5, HLA-DPA1 and HLA-DPB1), which were reported as ‘antigen- presenting CAFs (apCAFs)’ ( ; ).
caf/apCAF	HLA-DPA1	primary_text	31197017	Elyada E	2019	Cancer Discov	Cross-Species Single-Cell Analysis of Pancreatic Ductal Adenocarcinoma Reveals Antigen-Presenting Cancer-Associated Fibroblasts.	10.1158/2159-8290.CD-19-0094	We detected subsets of human CAFs expressing modest levels of the human leukocyte antigen (HLA) genes that encode MHC class II chains ( HLA-DRA , HLA-DPA1 and HLA-DQA1 ) ( ).
caf/apCAF	HLA-DPB1	literature_text	38755647	Liu Y	2024	BMC Med	Single-cell and spatial transcriptomics reveal metastasis mechanism and microenvironment remodeling of lymph node in osteosarcoma.	10.1186/s12916-024-03319-w	ApCAFs were characterized by high expression of antigen presentation molecules (HLA-DRA, HLA-DPA1, HLA-DPB1, HLA-DRB), and the pathway was associated with immune regulation (Fig.
caf/apCAF	HLA-DPB1	literature_text	39375726	Yu S	2024	Cancer Cell Int	The axis of tumor-associated macrophages, extracellular matrix proteins, and cancer-associated fibroblasts in oncogenesis.	10.1186/s12935-024-03518-8	An antigen-presenting CAFs (apCAFs) were also identified, expressing CD74, HLA-DRA, and HLA-DPB1 [ ].
caf/apCAF	HLA-DPB1	literature_text	35784460	Song H	2022	Front Cell Dev Biol	Single-Cell Transcriptome Analysis Reveals Changes of Tumor Immune Microenvironment in Oral Squamous Cell Carcinoma After Chemotherapy.	10.3389/fcell.2022.914120	C2 CAFs expressed CD74 and MHC-Ⅱ (such as HLA-DRA, HLA-DRB1, HLA-DQB1, HLA-DRB5, HLA-DPA1 and HLA-DPB1), which were reported as ‘antigen- presenting CAFs (apCAFs)’ ( ; ).
caf/apCAF	HLA-DQA1	primary_text	31197017	Elyada E	2019	Cancer Discov	Cross-Species Single-Cell Analysis of Pancreatic Ductal Adenocarcinoma Reveals Antigen-Presenting Cancer-Associated Fibroblasts.	10.1158/2159-8290.CD-19-0094	We detected subsets of human CAFs expressing modest levels of the human leukocyte antigen (HLA) genes that encode MHC class II chains ( HLA-DRA , HLA-DPA1 and HLA-DQA1 ) ( ).
caf/apCAF	HLA-DQB1	literature_text	37046676	Wieder R	2023	Cancers (Basel)	Fibroblasts as Turned Agents in Cancer Progression.	10.3390/cancers15072014	Cluster d) fibroblasts are identified as antigen-presenting CAFs and express major histocompatibility complex II (MHC-II) genes CD74, HLA-DPA1, HLA-DPB1 and HLA-DQB1, mainly involved in immunomodulation such as T cell activation and leukocyte cell–cell adhesion.
caf/apCAF	HLA-DQB1	literature_text	35784460	Song H	2022	Front Cell Dev Biol	Single-Cell Transcriptome Analysis Reveals Changes of Tumor Immune Microenvironment in Oral Squamous Cell Carcinoma After Chemotherapy.	10.3389/fcell.2022.914120	C2 CAFs expressed CD74 and MHC-Ⅱ (such as HLA-DRA, HLA-DRB1, HLA-DQB1, HLA-DRB5, HLA-DPA1 and HLA-DPB1), which were reported as ‘antigen- presenting CAFs (apCAFs)’ ( ; ).
caf/apCAF	HLA-DMA	literature_text	39524442	Wang H	2024	Front Immunol	High-resolution subtyping of fibroblasts in gastric cancer reveals diversity among fibroblast subsets and an association between the MFAP5-fibroblast subset and immunotherapy.	10.3389/fimmu.2024.1446613	For instance, cluster 12 and 16 both expressed apCAF-related markers like CD74, HLA-DRA, HLA-DRB1, and HLA-DMA.
caf/apCAF	SLPI	primary_text	31197017	Elyada E	2019	Cancer Discov	Cross-Species Single-Cell Analysis of Pancreatic Ductal Adenocarcinoma Reveals Antigen-Presenting Cancer-Associated Fibroblasts.	10.1158/2159-8290.CD-19-0094	These subsets also expressed CD74 , which encodes the invariant chain, and SLPI , which is one of the prominent apCAF markers in mouse PDAC tumors ( ).
caf/apCAF	SAA1	literature_text	37174079	Brichkina A	2023	Cancers (Basel)	A Quick Guide to CAF Subtypes in Pancreatic Cancer.	10.3390/cancers15092614	SAA1 and SAA3 are upregulated in inflammatory CAFs [ ] and also in apCAFs [ ].
caf/apCAF	PDPN	primary_text	31197017	Elyada E	2019	Cancer Discov	Cross-Species Single-Cell Analysis of Pancreatic Ductal Adenocarcinoma Reveals Antigen-Presenting Cancer-Associated Fibroblasts.	10.1158/2159-8290.CD-19-0094	Additionally, sequential IHC of CD74 and PDPN demonstrated a fraction of stromal cells expressing both markers, providing further confirmation for the presence of apCAFs in KPC tumors ( ).
caf/apCAF	CLU	curated	34493872	Wu SZ	2021	Nat Genet	A single-cell and spatially resolved atlas of human breast cancers.	10.1038/s41588-021-00911-1	CellMarker 2.0: Antigen presentation cancer-associated fibroblast [Breast; Experiment]
caf/apCAF	XBP1	primary_text	31197017	Elyada E	2019	Cancer Discov	Cross-Species Single-Cell Analysis of Pancreatic Ductal Adenocarcinoma Reveals Antigen-Presenting Cancer-Associated Fibroblasts.	10.1158/2159-8290.CD-19-0094	Accordingly, the VIPER regulator analysis that we performed on human CAFs showed that master regulators belonging to the antigen presentation machinery such as CD74 and XBP1 - a transcription factor involved in the ER stress response that is known to regulate MHC class II genes ( , ), were differentially active in iCAFs ( and ), supporting the presence of apCAF traits in human PDAC.
caf/apCAF	STAT1	literature_text	36197901	Yamamoto Y	2023	Cancer Sci	The heterogeneity of cancer-associated fibroblast subpopulations: Their origins, biomarkers, and roles in the tumor microenvironment.	10.1111/cas.15609	Treg, regulatory T cells Recently, Elyada et al identified a new subset of fibroblasts, called apCAF, in PDAC, and it has high activity against STAT1, which is known to mediate MHC class II expression in response to IFNγ, suggesting that apCAF is regulated by IFNγ signaling in vivo.
caf/apCAF	STAT1	literature_text	34948209	Vaish U	2021	Int J Mol Sci	Cancer-Associated Fibroblasts in Pancreatic Ductal Adenocarcinoma: An Update on Heterogeneity and Therapeutic Targeting.	10.3390/ijms222413408	The apCAFs also showed higher activity for STAT1, which is known to mediate MHCII expression in response to IFNγ, suggesting that apCAFs are regulated by IFNγ signaling in vivo [ ].
caf/apCAF	IRF5	literature_text	34336821	Geng X	2021	Front Cell Dev Biol	Cancer-Associated Fibroblast (CAF) Heterogeneity and Targeting Therapy of CAFs in Pancreatic Cancer.	10.3389/fcell.2021.655152	They found activated proteins in apCAFs, except the most highly activated proteins H2-Ab1 and CD74, which also included CD239, CD321, and interferon regulatory factor 5 (IRF5) ( ). also found that apCAFs highly expressed CD74, H2-Ab1, and Saa3. proved that a subtype of CAFs could perform antigen processing and presentation through the MHC-II pathway and had complement activation functions. apCAFs 
caf/apCAF	IRF5	literature_text	36358721	Bryce AS	2022	Cancers (Basel)	Exploring the Biology of Cancer-Associated Fibroblasts in Pancreatic Cancer.	10.3390/cancers14215302	High activation of MHCII-related genes in apCAFs has been demonstrated by VIPER analysis of murine CAFs, in addition to high activation of other regulators of immune activity such as BCAM and F11R (members of the immunoglobulin superfamily) and IRF5 (an interferon-regulating protein) [ ].
caf/apCAF	NFE2L2	literature_text	35995947	Cui Zhou D	2022	Nat Genet	Spatially restricted drivers and transitional cell populations cooperate with the microenvironment in untreated and chemo-resistant pancreatic cancer.	10.1038/s41588-022-01157-1	VIM and NFE2L2 were highly expressed in apCAFs, which were more abundant in treated samples ( P < 10 −5 ) (Fig. ).
caf/apCAF	BCAM	literature_text	36358721	Bryce AS	2022	Cancers (Basel)	Exploring the Biology of Cancer-Associated Fibroblasts in Pancreatic Cancer.	10.3390/cancers14215302	High activation of MHCII-related genes in apCAFs has been demonstrated by VIPER analysis of murine CAFs, in addition to high activation of other regulators of immune activity such as BCAM and F11R (members of the immunoglobulin superfamily) and IRF5 (an interferon-regulating protein) [ ].
caf/apCAF	F11R	literature_text	36358721	Bryce AS	2022	Cancers (Basel)	Exploring the Biology of Cancer-Associated Fibroblasts in Pancreatic Cancer.	10.3390/cancers14215302	High activation of MHCII-related genes in apCAFs has been demonstrated by VIPER analysis of murine CAFs, in addition to high activation of other regulators of immune activity such as BCAM and F11R (members of the immunoglobulin superfamily) and IRF5 (an interferon-regulating protein) [ ].
